"Time (s)","Gyroscope x (rad/s)","Gyroscope y (rad/s)","Gyroscope z (rad/s)","Absolute (rad/s)"
8.924636900E-2,5.898749828E-2,-4.564999789E-2,-2.007500082E-2,7.724281791E-2
9.174167900E-2,6.324999779E-2,-4.138749838E-2,-1.787500083E-2,7.767240757E-2
9.423713800E-2,6.544999778E-2,-3.492499888E-2,-1.044999994E-2,7.491768987E-2
9.673252500E-2,6.435000151E-2,-2.859999985E-2,-7.287499961E-3,7.079541187E-2
9.922790900E-2,6.435000151E-2,-2.749999985E-2,-7.287499961E-3,7.035822868E-2
1.017232880E-1,6.435000151E-2,-2.117500082E-2,-3.024999984E-3,6.781190146E-2
1.042186730E-1,6.544999778E-2,-1.154999994E-2,1.374999993E-4,6.646144457E-2
1.067140570E-1,6.435000151E-2,-3.024999984E-3,3.437499981E-3,6.451270980E-2
1.092094410E-1,6.641250104E-2,5.499999970E-3,6.599999964E-3,6.696588903E-2
1.117048250E-1,6.641250104E-2,1.402499992E-2,7.699999958E-3,6.831259705E-2
1.142004340E-1,6.544999778E-2,2.034999989E-2,7.699999958E-3,6.897183994E-2
1.166958210E-1,6.435000151E-2,2.681249939E-2,1.086249948E-2,7.055371509E-2
1.191909740E-1,6.435000151E-2,3.217500076E-2,1.292499993E-2,7.309725707E-2
1.216863570E-1,6.008749828E-2,3.217500076E-2,1.292499993E-2,6.937430177E-2
1.241817270E-1,5.788749829E-2,3.107500076E-2,9.762499481E-3,6.642231949E-2
1.266773420E-1,5.266249925E-2,2.997500077E-2,9.762499481E-3,6.137707955E-2
1.291727290E-1,4.729999974E-2,2.791249938E-2,6.599999964E-3,5.531688347E-2
1.316678830E-1,4.083750024E-2,2.571249940E-2,5.499999970E-3,4.857040304E-2
1.341632650E-1,3.657500073E-2,2.144999988E-2,1.237499993E-3,4.241891771E-2
1.366588700E-1,2.708750032E-2,1.608750038E-2,-1.924999990E-3,3.156336432E-2
1.391542560E-1,2.282499894E-2,8.662499487E-3,-1.924999990E-3,2.448928540E-2
1.416496410E-1,1.319999993E-2,1.374999993E-4,-5.087499972E-3,1.414713965E-2
1.441450250E-1,5.774999969E-3,-9.487500414E-3,-9.349999949E-3,1.451846369E-2
1.466404100E-1,-2.749999985E-3,-1.801249944E-2,-1.154999994E-2,2.157348220E-2
1.491358130E-1,-1.347499993E-2,-2.859999985E-2,-1.251249947E-2,3.400144493E-2
1.516311970E-1,-2.089999989E-2,-3.712499887E-2,-1.154999994E-2,4.414156810E-2
1.541265820E-1,-3.052499890E-2,-4.564999789E-2,-1.361249946E-2,5.657736303E-2
1.566219670E-1,-3.795000166E-2,-5.197500065E-2,-1.471249945E-2,6.601561148E-2
1.591173510E-1,-4.537500069E-2,-5.953750014E-2,-1.361249946E-2,7.608485232E-2
1.616127200E-1,-4.853750020E-2,-6.379999965E-2,-1.251249947E-2,8.113502033E-2
1.641081040E-1,-5.279999971E-2,-6.696250290E-2,-1.154999994E-2,8.605358367E-2
1.666035650E-1,-5.389999971E-2,-6.902500242E-2,-1.251249947E-2,8.846594582E-2
1.690989520E-1,-5.279999971E-2,-7.122500241E-2,-1.154999994E-2,8.941053314E-2
1.715942590E-1,-5.389999971E-2,-7.012499869E-2,-1.154999994E-2,8.919712948E-2
1.740897230E-1,-5.073750019E-2,-6.902500242E-2,-8.387500420E-3,8.607610033E-2
1.765850330E-1,-4.537500069E-2,-6.379999965E-2,-5.087499972E-3,7.845516745E-2
1.790804150E-1,-4.001250118E-2,-5.733750015E-2,-5.087499972E-3,7.010329401E-2
1.815758000E-1,-3.478749841E-2,-5.101250112E-2,-6.187499966E-3,6.205425426E-2
1.840711840E-1,-3.052499890E-2,-4.138749838E-2,-6.187499966E-3,5.179754566E-2
1.865665730E-1,-2.296249941E-2,-3.176249936E-2,-8.249999955E-4,3.920221129E-2
1.890620350E-1,-1.443750039E-2,-2.433750033E-2,2.337499987E-3,2.839400018E-2
1.915574210E-1,-8.112499490E-3,-1.691249944E-2,4.399999976E-3,1.926668848E-2
1.940528060E-1,4.124999978E-4,-8.387500420E-3,7.699999958E-3,1.139343315E-2
1.965481900E-1,6.874999963E-3,-1.924999990E-3,1.086249948E-2,1.299865933E-2
1.990435590E-1,1.003750041E-2,4.399999976E-3,1.512499992E-2,1.867825037E-2
2.015389440E-1,1.539999992E-2,1.086249948E-2,1.622499898E-2,2.486773983E-2
2.040343280E-1,1.856249943E-2,1.512499992E-2,1.938750036E-2,3.080920606E-2
2.065297120E-1,2.062499896E-2,1.938750036E-2,1.938750036E-2,3.430948735E-2
2.090250960E-1,2.062499896E-2,2.254999988E-2,2.048750035E-2,3.679172118E-2
2.115204500E-1,1.856249943E-2,2.254999988E-2,2.048750035E-2,3.567641448E-2
2.140158350E-1,1.636249945E-2,2.681249939E-2,1.718750037E-2,3.580574927E-2
2.165112200E-1,1.319999993E-2,2.364999987E-2,1.622499898E-2,3.157234682E-2
2.190068350E-1,8.937500417E-3,2.144999988E-2,1.402499992E-2,2.714188703E-2
2.215022210E-1,4.674999975E-3,2.144999988E-2,1.402499992E-2,2.605107949E-2
2.239976150E-1,4.124999978E-4,1.938750036E-2,1.292499993E-2,2.330452638E-2
2.264927690E-1,-7.012499962E-3,1.828750037E-2,1.196249947E-2,2.295014638E-2
2.289881510E-1,-1.237499993E-2,1.402499992E-2,9.762499481E-3,2.109852228E-2
2.314837670E-1,-1.869999990E-2,1.402499992E-2,7.699999958E-3,2.461057940E-2
2.339789230E-1,-2.722499892E-2,1.086249948E-2,6.599999964E-3,3.004587261E-2
2.364745540E-1,-3.148749843E-2,6.599999964E-3,6.599999964E-3,3.284178065E-2
2.389699410E-1,-3.575000167E-2,7.562499959E-3,5.499999970E-3,3.695272689E-2
2.414653250E-1,-4.001250118E-2,6.599999964E-3,2.337499987E-3,4.062048937E-2
2.439607100E-1,-4.221250117E-2,8.662499487E-3,2.337499987E-3,4.315551017E-2
2.464560950E-1,-4.427500069E-2,7.562499959E-3,3.437499981E-3,4.504756928E-2
2.489514450E-1,-4.427500069E-2,6.599999964E-3,4.399999976E-3,4.497994759E-2
2.514468300E-1,-4.427500069E-2,2.337499987E-3,1.237499993E-3,4.435392878E-2
2.539422140E-1,-4.331250116E-2,-9.624999948E-4,1.237499993E-3,4.334086489E-2
2.564375980E-1,-3.904999793E-2,-4.124999978E-3,2.337499987E-3,3.933677502E-2
2.589329330E-1,-3.575000167E-2,-6.187499966E-3,1.237499993E-3,3.630260571E-2
2.614283940E-1,-3.052499890E-2,-1.044999994E-2,1.374999993E-4,3.226448455E-2
2.639237040E-1,-2.626249939E-2,-1.264999993E-2,-1.924999990E-3,2.921381518E-2
2.664190870E-1,-1.869999990E-2,-1.691249944E-2,-4.124999978E-3,2.554874280E-2
2.689145480E-1,-1.443750039E-2,-2.323750034E-2,-6.187499966E-3,2.804831537E-2
2.714099060E-1,-9.212499484E-3,-2.859999985E-2,-1.044999994E-2,3.181246040E-2
2.739052130E-1,-2.749999985E-3,-3.822499886E-2,-1.251249947E-2,4.031470800E-2
2.764005960E-1,4.674999975E-3,-5.101250112E-2,-1.787500083E-2,5.425538268E-2
2.788959810E-1,1.003750041E-2,-6.476250291E-2,-2.103750035E-2,6.882956936E-2
2.813914420E-1,1.319999993E-2,-8.084999770E-2,-2.529999986E-2,8.573827686E-2
2.838867570E-1,1.539999992E-2,-9.569999576E-2,-2.749999985E-2,1.007566334E-1
2.863821400E-1,1.636249945E-2,-1.106875017E-1,-2.956249937E-2,1.157298397E-1
2.888776010E-1,1.746249944E-2,-1.266375035E-1,-3.382499889E-2,1.322351191E-1
2.913729880E-1,1.209999993E-2,-1.403875053E-1,-3.492499888E-2,1.451716818E-1
2.938683720E-1,8.937500417E-3,-1.542750001E-1,-3.808749840E-2,1.591581355E-1
2.963637610E-1,4.674999975E-3,-1.649999917E-1,-3.918749839E-2,1.696540978E-1
2.988591460E-1,-1.649999991E-3,-1.744875014E-1,-4.138749838E-2,1.793363757E-1
3.013545300E-1,-8.112499490E-3,-1.766874939E-1,-4.344999790E-2,1.821323296E-1
3.038499150E-1,-1.773750037E-2,-1.766874939E-1,-4.235000163E-2,1.825557780E-1
3.063452990E-1,-2.516249940E-2,-1.735250056E-1,-4.344999790E-2,1.806432430E-1
3.088406830E-1,-3.258749843E-2,-1.681624949E-1,-4.235000163E-2,1.764485545E-1
3.113360670E-1,-3.904999793E-2,-1.574375033E-1,-4.138749838E-2,1.674048829E-1
3.138316820E-1,-4.221250117E-2,-1.425874978E-1,-3.918749839E-2,1.537815003E-1
3.163270690E-1,-4.963750020E-2,-1.308999956E-1,-3.286249936E-2,1.438006750E-1
3.188222140E-1,-5.183750018E-2,-1.170125008E-1,-2.433750033E-2,1.302741942E-1
3.213178270E-1,-5.279999971E-2,-1.064250022E-1,-1.787500083E-2,1.201400713E-1
3.238129830E-1,-5.073750019E-2,-9.253749996E-2,-1.154999994E-2,1.061644259E-1
3.263083650E-1,-4.757500067E-2,-7.975000143E-2,-7.287499961E-3,9.314800627E-2
3.288037500E-1,-4.111250117E-2,-6.696250290E-2,-8.249999955E-4,7.858050122E-2
3.312993650E-1,-3.575000167E-2,-5.527500063E-2,6.599999964E-3,6.615850900E-2
3.337947520E-1,-2.722499892E-2,-4.344999790E-2,8.662499487E-3,5.200136326E-2
3.362899060E-1,-1.773750037E-2,-3.286249936E-2,9.762499481E-3,3.859882355E-2
3.387852890E-1,-7.012499962E-3,-1.581249945E-2,1.292499993E-2,2.159319147E-2
3.412809040E-1,2.612499986E-3,-5.224999972E-3,1.718750037E-2,1.815312507E-2
3.437762910E-1,1.209999993E-2,2.337499987E-3,2.144999988E-2,2.473815675E-2
3.462716750E-1,2.282499894E-2,9.762499481E-3,2.364999987E-2,3.428716184E-2
3.487671350E-1,3.231250122E-2,1.608750038E-2,2.571249940E-2,4.431746866E-2
3.512624440E-1,4.083750024E-2,2.254999988E-2,2.901249938E-2,5.493568094E-2
3.537578320E-1,5.046249926E-2,2.997500077E-2,2.997500077E-2,6.590497078E-2
3.562532170E-1,5.898749828E-2,3.643750027E-2,3.327500075E-2,7.690540979E-2
3.587486010E-1,6.435000151E-2,4.276249930E-2,3.327500075E-2,8.412359786E-2
3.612439860E-1,6.861250103E-2,4.592499882E-2,3.107500076E-2,8.821811881E-2
3.637393710E-1,6.861250103E-2,4.702499881E-2,3.327500075E-2,8.958934917E-2
3.662347650E-1,7.287500054E-2,4.496249929E-2,3.327500075E-2,9.186739204E-2
3.687301500E-1,7.287500054E-2,4.386249930E-2,3.327500075E-2,9.133405839E-2
3.712256100E-1,7.067500055E-2,4.276249930E-2,3.217500076E-2,8.864997306E-2
3.737209970E-1,6.324999779E-2,3.739999980E-2,3.643750027E-2,8.201837374E-2
3.762163050E-1,5.692499876E-2,3.313750029E-2,3.753750026E-2,7.581301560E-2
3.787116820E-1,4.936249927E-2,2.791249938E-2,3.753750026E-2,6.800608709E-2
3.812070670E-1,4.083750024E-2,2.364999987E-2,3.753750026E-2,6.029998214E-2
3.837024510E-1,3.231250122E-2,1.718750037E-2,3.643750027E-2,5.164493518E-2
3.861979130E-1,2.172499895E-2,1.182499994E-2,3.959999979E-2,4.669010801E-2
3.886932230E-1,1.209999993E-2,1.182499994E-2,4.069999978E-2,4.407641778E-2
3.911886870E-1,2.612499986E-3,9.762499481E-3,3.643750027E-2,3.781300012E-2
3.936840740E-1,-7.012499962E-3,1.182499994E-2,3.423750028E-2,3.689460943E-2
3.961794590E-1,-1.443750039E-2,1.512499992E-2,3.217500076E-2,3.837235611E-2
3.986748430E-1,-2.199999988E-2,1.608750038E-2,3.107500076E-2,4.133356185E-2
4.011702460E-1,-2.942499891E-2,1.828750037E-2,2.901249938E-2,4.518836521E-2
4.036656300E-1,-3.478749841E-2,2.254999988E-2,2.571249940E-2,4.878324677E-2
4.061610140E-1,-3.684999794E-2,2.254999988E-2,2.364999987E-2,4.925187648E-2
4.086563980E-1,-3.795000166E-2,2.364999987E-2,2.254999988E-2,5.008021180E-2
4.111517820E-1,-4.001250118E-2,2.571249940E-2,2.048750035E-2,5.178677965E-2
4.136473890E-1,-3.795000166E-2,2.887500077E-2,2.048750035E-2,5.190092452E-2
4.161425440E-1,-3.684999794E-2,3.217500076E-2,1.938750036E-2,5.262155634E-2
4.186381580E-1,-3.575000167E-2,3.533750027E-2,1.718750037E-2,5.312449260E-2
4.211335440E-1,-3.575000167E-2,3.533750027E-2,1.828750037E-2,5.349050584E-2
4.236289290E-1,-3.368749842E-2,3.643750027E-2,1.828750037E-2,5.288640322E-2
4.261240880E-1,-3.052499890E-2,3.217500076E-2,1.718750037E-2,4.756486519E-2
4.286197010E-1,-3.258749843E-2,2.461249940E-2,1.718750037E-2,4.430722683E-2
4.311148570E-1,-3.148749843E-2,1.828750037E-2,1.622499898E-2,3.986409185E-2
4.336102400E-1,-3.368749842E-2,9.762499481E-3,1.512499992E-2,3.819580564E-2
4.361056240E-1,-3.795000166E-2,-4.124999978E-3,1.402499992E-2,4.066840141E-2
4.386010080E-1,-4.427500069E-2,-1.801249944E-2,1.512499992E-2,5.013473292E-2
4.410966230E-1,-4.853750020E-2,-3.079999983E-2,1.512499992E-2,5.944152200E-2
4.435920100E-1,-5.389999971E-2,-4.248749837E-2,1.828750037E-2,7.102696781E-2
4.460873950E-1,-6.036249921E-2,-5.417500064E-2,1.828750037E-2,8.314442058E-2
4.485827840E-1,-6.875000149E-2,-6.159999967E-2,2.144999988E-2,9.476932604E-2
4.510781690E-1,-7.837499678E-2,-6.586249918E-2,2.364999987E-2,1.050706020E-1
4.535735540E-1,-8.483749628E-2,-6.902500242E-2,2.474999987E-2,1.121356956E-1
4.560689380E-1,-9.006249905E-2,-7.012499869E-2,2.997500077E-2,1.180138545E-1
4.585643230E-1,-9.762500226E-2,-6.902500242E-2,3.423750028E-2,1.243675941E-1
4.610597360E-1,-1.028499976E-1,-6.476250291E-2,3.849999979E-2,1.274933479E-1
4.635551200E-1,-1.050499976E-1,-5.953750014E-2,4.069999978E-2,1.274233334E-1
4.660505810E-1,-1.061500013E-1,-5.307500064E-2,4.179999977E-2,1.258253490E-1
4.685458900E-1,-1.050499976E-1,-4.455000162E-2,4.496249929E-2,1.226451425E-1
4.710412730E-1,-1.018875018E-1,-3.286249936E-2,4.606249928E-2,1.165451017E-1
4.735366680E-1,-9.762500226E-2,-2.227500081E-2,4.922499880E-2,1.115791971E-1
4.760321290E-1,-9.116250277E-2,-9.487500414E-3,5.032499880E-2,1.045620394E-1
4.785274390E-1,-8.373750001E-2,1.237499993E-3,5.128749833E-2,9.820340014E-2
4.810228980E-1,-7.411249727E-2,1.512499992E-2,5.128749833E-2,9.138837650E-2
4.835182850E-1,-6.352499872E-2,2.681249939E-2,5.348749831E-2,8.726538868E-2
4.860135880E-1,-5.279999971E-2,3.643750027E-2,5.348749831E-2,8.352510923E-2
4.885090470E-1,-3.904999793E-2,4.166249931E-2,5.348749831E-2,7.824051804E-2
4.910044340E-1,-2.722499892E-2,5.238749832E-2,5.238749832E-2,7.893098585E-2
4.934998180E-1,-1.553750038E-2,5.871250108E-2,5.128749833E-2,7.949200705E-2
4.959952030E-1,-5.912499968E-3,6.517499685E-2,5.032499880E-2,8.255509296E-2
4.984906020E-1,1.512499992E-3,7.039999962E-2,4.702499881E-2,8.467466041E-2
5.009859860E-1,8.937500417E-3,7.796250284E-2,4.276249930E-2,8.936812692E-2
5.034813700E-1,1.539999992E-2,8.428750187E-2,4.069999978E-2,9.485796198E-2
5.059767540E-1,2.062499896E-2,8.744999766E-2,3.753750026E-2,9.737533876E-2
5.084721380E-1,2.282499894E-2,9.171249717E-2,3.643750027E-2,1.012909381E-1
5.109675340E-1,2.488750033E-2,9.391249716E-2,3.327500075E-2,1.026945494E-1
5.134629190E-1,2.392499894E-2,9.171249717E-2,3.107500076E-2,9.974589407E-2
5.159583040E-1,2.392499894E-2,9.075000137E-2,2.901249938E-2,9.823285318E-2
5.184536890E-1,2.282499894E-2,8.318749815E-2,2.364999987E-2,8.944530686E-2
5.209493030E-1,2.062499896E-2,7.369999588E-2,2.144999988E-2,7.948070501E-2
5.234446900E-1,1.746249944E-2,6.091250107E-2,1.938750036E-2,6.626572902E-2
5.259398440E-1,1.209999993E-2,4.702499881E-2,1.622499898E-2,5.119581139E-2
5.284354570E-1,7.837500423E-3,3.217500076E-2,1.402499992E-2,3.596328280E-2
5.309306130E-1,4.124999978E-4,1.608750038E-2,1.196249947E-2,2.005191308E-2
5.334262260E-1,-3.849999979E-3,1.374999993E-4,1.086249948E-2,1.152541977E-2
5.359216080E-1,-1.017499994E-2,-1.154999994E-2,6.599999964E-3,1.674792889E-2
5.384169920E-1,-1.443750039E-2,-2.323750034E-2,1.237499993E-3,2.738529251E-2
5.409123770E-1,-2.199999988E-2,-3.396249935E-2,-8.249999955E-4,4.047384318E-2
5.434077620E-1,-2.722499892E-2,-4.344999790E-2,-3.024999984E-3,5.136393198E-2
5.459031460E-1,-3.148749843E-2,-4.991250113E-2,-3.024999984E-3,5.909205489E-2
5.483985310E-1,-3.478749841E-2,-5.527500063E-2,-7.287499961E-3,6.571608172E-2
5.508939150E-1,-3.575000167E-2,-5.843750015E-2,-1.044999994E-2,6.929795482E-2
5.533892990E-1,-4.001250118E-2,-6.159999967E-2,-1.044999994E-2,7.419408810E-2
5.558846830E-1,-4.001250118E-2,-6.159999967E-2,-9.349999949E-3,7.404716543E-2
5.583800670E-1,-4.001250118E-2,-6.049999967E-2,-1.044999994E-2,7.328337267E-2
5.608754610E-1,-3.684999794E-2,-5.843750015E-2,-1.044999994E-2,6.987178451E-2
5.633708460E-1,-3.684999794E-2,-5.527500063E-2,-1.154999994E-2,6.742885541E-2
5.658662310E-1,-3.478749841E-2,-4.881250113E-2,-9.349999949E-3,6.066508726E-2
5.683616160E-1,-3.148749843E-2,-4.455000162E-2,-8.387500420E-3,5.519524767E-2
5.708570010E-1,-2.722499892E-2,-3.822499886E-2,-9.349999949E-3,4.785157890E-2
5.733524660E-1,-2.089999989E-2,-2.969999984E-2,-8.387500420E-3,3.727264612E-2
5.758477760E-1,-1.443750039E-2,-1.897500083E-2,-7.287499961E-3,2.493190184E-2
5.783432350E-1,-9.212499484E-3,-9.487500414E-3,-8.387500420E-3,1.565991616E-2
5.808385450E-1,-3.849999979E-3,-1.924999990E-3,-8.387500420E-3,9.427528207E-3
5.833340040E-1,2.612499986E-3,5.499999970E-3,-4.124999978E-3,7.354643476E-3
5.858293910E-1,1.003750041E-2,1.182499994E-2,-5.087499972E-3,1.632374632E-2
5.883247760E-1,1.636249945E-2,1.718750037E-2,-5.087499972E-3,2.426982104E-2
5.908201600E-1,2.062499896E-2,1.608750038E-2,1.374999993E-4,2.615754493E-2
5.933155450E-1,2.708750032E-2,1.718750037E-2,1.237499993E-3,3.210411576E-2
5.958109300E-1,3.024999984E-2,1.608750038E-2,3.437499981E-3,3.443379974E-2
5.983063000E-1,3.341250122E-2,1.718750037E-2,4.399999976E-3,3.783074684E-2
6.008016840E-1,3.561250120E-2,1.512499992E-2,6.599999964E-3,3.925017024E-2
6.032970680E-1,3.767500073E-2,1.402499992E-2,7.699999958E-3,4.093160517E-2
6.057924520E-1,3.767500073E-2,1.182499994E-2,5.499999970E-3,3.986836218E-2
6.082878370E-1,3.987500072E-2,8.662499487E-3,7.699999958E-3,4.152522822E-2
6.107832310E-1,3.987500072E-2,6.599999964E-3,5.499999970E-3,4.079001938E-2
6.132788460E-1,4.083750024E-2,3.299999982E-3,5.499999970E-3,4.133813525E-2
6.157740020E-1,3.877500072E-2,1.237499993E-3,6.599999964E-3,3.935215479E-2
6.182693840E-1,3.987500072E-2,-3.024999984E-3,4.399999976E-3,4.023091233E-2
6.207647690E-1,3.877500072E-2,-6.187499966E-3,1.237499993E-3,3.928507659E-2
6.232601480E-1,3.657500073E-2,-1.264999993E-2,3.437499981E-3,3.885317983E-2
6.257555330E-1,3.657500073E-2,-1.897500083E-2,4.399999976E-3,4.143840411E-2
6.282511480E-1,3.451250121E-2,-2.653750032E-2,2.337499987E-3,4.359834365E-2
6.307465350E-1,2.914999984E-2,-3.176249936E-2,-8.249999955E-4,4.311913127E-2
6.332416890E-1,3.024999984E-2,-3.822499886E-2,-1.924999990E-3,4.878440994E-2
6.357370720E-1,2.708750032E-2,-4.564999789E-2,-4.124999978E-3,5.324162475E-2
6.382326870E-1,2.392499894E-2,-4.991250113E-2,-3.024999984E-3,5.543296824E-2
6.407278430E-1,1.966249943E-2,-5.101250112E-2,-1.924999990E-3,5.470461388E-2
6.432234560E-1,1.636249945E-2,-5.417500064E-2,-5.087499972E-3,5.682028457E-2
6.457188430E-1,1.113750041E-2,-5.307500064E-2,-8.387500420E-3,5.487576671E-2
6.482142270E-1,8.937500417E-3,-5.417500064E-2,-9.349999949E-3,5.569768493E-2
6.507096120E-1,6.874999963E-3,-5.527500063E-2,-8.387500420E-3,5.632886900E-2
6.532049970E-1,2.612499986E-3,-5.623750016E-2,-8.387500420E-3,5.691951988E-2
6.557003810E-1,4.124999978E-4,-5.843750015E-2,-1.154999994E-2,5.956940556E-2
6.581957660E-1,-3.849999979E-3,-5.953750014E-2,-1.251249947E-2,6.095981517E-2
6.606911220E-1,-7.012499962E-3,-6.049999967E-2,-9.349999949E-3,6.161856551E-2
6.631865060E-1,-8.112499490E-3,-6.049999967E-2,-9.349999949E-3,6.175342183E-2
6.656818900E-1,-8.112499490E-3,-5.843750015E-2,-1.044999994E-2,5.991624630E-2
6.681772740E-1,-1.017499994E-2,-5.623750016E-2,-1.044999994E-2,5.809810278E-2
6.706726630E-1,-1.017499994E-2,-5.527500063E-2,-1.044999994E-2,5.716693815E-2
6.731680480E-1,-1.237499993E-2,-5.101250112E-2,-9.349999949E-3,5.331827447E-2
6.756634330E-1,-1.237499993E-2,-4.771250114E-2,-8.387500420E-3,4.999973551E-2
6.781588180E-1,-1.127499994E-2,-4.455000162E-2,-9.349999949E-3,4.689617007E-2
6.806542780E-1,-9.212499484E-3,-4.138749838E-2,-1.044999994E-2,4.366918442E-2
6.831496070E-1,-4.949999973E-3,-3.712499887E-2,-1.154999994E-2,3.919401152E-2
6.856450670E-1,-2.749999985E-3,-3.286249936E-2,-1.154999994E-2,3.494150630E-2
6.881403760E-1,1.512499992E-3,-3.079999983E-2,-1.361249946E-2,3.370797810E-2
6.906358360E-1,5.774999969E-3,-2.859999985E-2,-1.581249945E-2,3.318652972E-2
6.931311510E-1,1.003750041E-2,-2.749999985E-2,-1.787500083E-2,3.430039448E-2
6.956266100E-1,1.319999993E-2,-2.433750033E-2,-1.471249945E-2,3.135301518E-2
6.981219970E-1,1.429999992E-2,-2.323750034E-2,-1.154999994E-2,2.962893718E-2
7.006173810E-1,1.636249945E-2,-2.323750034E-2,-1.154999994E-2,3.067760272E-2
7.031127660E-1,1.966249943E-2,-2.117500082E-2,-8.387500420E-3,3.008894659E-2
7.056081410E-1,2.062499896E-2,-2.117500082E-2,-7.287499961E-3,3.044468586E-2
7.081035250E-1,2.062499896E-2,-2.227500081E-2,-3.024999984E-3,3.050765261E-2
7.105989100E-1,2.282499894E-2,-2.227500081E-2,-1.924999990E-3,3.195092898E-2
7.130942940E-1,2.282499894E-2,-2.007500082E-2,1.237499993E-3,3.042232143E-2
7.155896780E-1,2.282499894E-2,-2.007500082E-2,1.237499993E-3,3.042232143E-2
7.180850620E-1,2.392499894E-2,-1.801249944E-2,3.437499981E-3,3.014418877E-2
7.205804460E-1,1.966249943E-2,-1.801249944E-2,5.499999970E-3,2.722708246E-2
7.230758310E-1,1.856249943E-2,-1.801249944E-2,5.499999970E-3,2.644364802E-2
7.255712160E-1,1.746249944E-2,-1.691249944E-2,5.499999970E-3,2.492431591E-2
7.280666150E-1,1.319999993E-2,-1.581249945E-2,6.599999964E-3,2.162949691E-2
7.305620000E-1,7.837500423E-3,-1.691249944E-2,8.662499487E-3,2.055475487E-2
7.330573850E-1,3.574999981E-3,-1.374999993E-2,1.402499992E-2,1.996356045E-2
7.355529990E-1,-1.649999991E-3,-1.154999994E-2,1.512499992E-2,1.910211038E-2
7.380481550E-1,-5.912499968E-3,-8.387500420E-3,1.512499992E-2,1.827767605E-2
7.405437630E-1,-1.127499994E-2,-8.387500420E-3,1.828750037E-2,2.306314065E-2
7.430391500E-1,-1.663750038E-2,-1.044999994E-2,1.718750037E-2,2.610400518E-2
7.455343040E-1,-1.869999990E-2,-9.487500414E-3,1.828750037E-2,2.782328755E-2
7.480299170E-1,-1.979999989E-2,-1.154999994E-2,1.622499898E-2,2.808368007E-2
7.505253040E-1,-1.979999989E-2,-1.374999993E-2,1.512499992E-2,2.845818189E-2
7.530206640E-1,-2.089999989E-2,-1.374999993E-2,1.292499993E-2,2.815897932E-2
7.555160490E-1,-2.199999988E-2,-1.581249945E-2,1.292499993E-2,3.001817377E-2
7.580114330E-1,-2.199999988E-2,-1.801249944E-2,1.292499993E-2,3.123308749E-2
7.605068180E-1,-1.979999989E-2,-1.897500083E-2,1.086249948E-2,2.949719558E-2
7.630022030E-1,-1.663750038E-2,-2.323750034E-2,8.662499487E-3,2.986346829E-2
7.654975970E-1,-1.443750039E-2,-2.117500082E-2,7.699999958E-3,2.676027048E-2
7.679929810E-1,-1.347499993E-2,-2.007500082E-2,7.699999958E-3,2.537461882E-2
7.704883650E-1,-1.127499994E-2,-1.691249944E-2,9.762499481E-3,2.254916090E-2
7.729837490E-1,-7.012499962E-3,-1.374999993E-2,9.762499481E-3,1.826318838E-2
7.754791290E-1,-4.949999973E-3,-8.387500420E-3,6.599999964E-3,1.176489110E-2
7.779745140E-1,-2.749999985E-3,-5.224999972E-3,1.196249947E-2,1.334033426E-2
7.804698990E-1,-6.874999963E-4,-3.024999984E-3,1.402499992E-2,1.436397939E-2
7.829653600E-1,3.574999981E-3,-9.624999948E-4,1.402499992E-2,1.450543533E-2
7.854607410E-1,6.874999963E-3,-1.924999990E-3,1.292499993E-2,1.476573305E-2
7.879560490E-1,8.937500417E-3,-1.924999990E-3,1.622499898E-2,1.862351016E-2
7.904514320E-1,1.209999993E-2,-1.924999990E-3,1.938750036E-2,2.293448917E-2
7.929468930E-1,1.429999992E-2,1.374999993E-4,1.828750037E-2,2.321511520E-2
7.954422030E-1,1.636249945E-2,-1.924999990E-3,2.048750035E-2,2.629020129E-2
7.979376480E-1,1.746249944E-2,-9.624999948E-4,2.364999987E-2,2.941407464E-2
8.004330350E-1,1.856249943E-2,1.374999993E-4,2.144999988E-2,2.836701934E-2
8.029284200E-1,1.856249943E-2,1.237499993E-3,2.364999987E-2,3.009020248E-2
8.054238040E-1,1.746249944E-2,-9.624999948E-4,2.364999987E-2,2.941407464E-2
8.079191890E-1,1.636249945E-2,-3.024999984E-3,2.681249939E-2,3.155617430E-2
8.104145820E-1,1.539999992E-2,-5.224999972E-3,2.364999987E-2,2.870162219E-2
8.129099660E-1,1.209999993E-2,-4.124999978E-3,2.254999988E-2,2.592157630E-2
8.154053500E-1,8.937500417E-3,-6.187499966E-3,2.144999988E-2,2.404717373E-2
8.179007340E-1,5.774999969E-3,-7.287499961E-3,1.938750036E-2,2.150194062E-2
8.203961190E-1,3.574999981E-3,-1.044999994E-2,1.622499898E-2,1.962737159E-2
8.228915040E-1,4.124999978E-4,-1.471249945E-2,1.086249948E-2,1.829266769E-2
8.253868890E-1,-2.749999985E-3,-2.007500082E-2,9.762499481E-3,2.249165521E-2
8.278822740E-1,-3.849999979E-3,-2.749999985E-2,6.599999964E-3,2.854176749E-2
8.303776590E-1,-7.012499962E-3,-3.602499887E-2,2.337499987E-3,3.677552999E-2
8.328730640E-1,-8.112499490E-3,-4.248749837E-2,-1.924999990E-3,4.329787282E-2
8.353684490E-1,-9.212499484E-3,-5.101250112E-2,-6.187499966E-3,5.220565652E-2
8.378638330E-1,-1.237499993E-2,-5.527500063E-2,-7.287499961E-3,5.711019151E-2
8.403592170E-1,-1.553750038E-2,-6.379999965E-2,-1.044999994E-2,6.649102475E-2
8.428546010E-1,-1.443750039E-2,-6.806249917E-2,-1.361249946E-2,7.089601788E-2
8.453499850E-1,-1.553750038E-2,-7.122500241E-2,-1.677500084E-2,7.480518391E-2
8.478453700E-1,-1.347499993E-2,-7.548750192E-2,-2.007500082E-2,7.926502524E-2
8.503407550E-1,-1.553750038E-2,-7.864999771E-2,-2.213750035E-2,8.317033714E-2
8.528363700E-1,-1.773750037E-2,-7.864999771E-2,-2.103750035E-2,8.332477111E-2
8.553317410E-1,-1.663750038E-2,-8.084999770E-2,-2.213750035E-2,8.546108745E-2
8.578271260E-1,-1.773750037E-2,-8.084999770E-2,-2.323750034E-2,8.597280075E-2
8.603225110E-1,-1.869999990E-2,-7.438749820E-2,-2.529999986E-2,8.076682412E-2
8.628178950E-1,-1.773750037E-2,-6.806249917E-2,-2.323750034E-2,7.407498994E-2
8.653132660E-1,-1.773750037E-2,-6.159999967E-2,-2.213750035E-2,6.781775431E-2
8.678086500E-1,-1.663750038E-2,-5.307500064E-2,-2.007500082E-2,5.913347419E-2
8.703040350E-1,-1.553750038E-2,-4.455000162E-2,-2.007500082E-2,5.127496680E-2
8.727994200E-1,-1.553750038E-2,-3.602499887E-2,-1.787500083E-2,4.311299244E-2
8.752948040E-1,-1.443750039E-2,-2.859999985E-2,-1.581249945E-2,3.572725217E-2
8.777901830E-1,-1.127499994E-2,-2.433750033E-2,-1.361249946E-2,3.007889106E-2
8.802855670E-1,-1.127499994E-2,-2.007500082E-2,-1.361249946E-2,2.674754985E-2
8.827809510E-1,-9.212499484E-3,-1.801249944E-2,-1.361249946E-2,2.438484005E-2
8.852763360E-1,-8.112499490E-3,-1.801249944E-2,-1.251249947E-2,2.338429872E-2
8.877717210E-1,-8.112499490E-3,-1.897500083E-2,-9.349999949E-3,2.265581169E-2
8.902671060E-1,-7.012499962E-3,-2.227500081E-2,-1.044999994E-2,2.558423959E-2
8.927624910E-1,-4.949999973E-3,-2.433750033E-2,-9.349999949E-3,2.653750028E-2
8.952578760E-1,-4.949999973E-3,-3.079999983E-2,-9.349999949E-3,3.256631678E-2
8.977533360E-1,-4.949999973E-3,-3.602499887E-2,-9.349999949E-3,3.754631197E-2
9.002487310E-1,-3.849999979E-3,-4.248749837E-2,-1.154999994E-2,4.419742658E-2
9.027440390E-1,-2.749999985E-3,-4.991250113E-2,-9.349999949E-3,5.085511545E-2
9.052394220E-1,-3.849999979E-3,-5.953750014E-2,-1.044999994E-2,6.057011575E-2
9.077348830E-1,-3.849999979E-3,-6.696250290E-2,-1.154999994E-2,6.806028058E-2
9.102302700E-1,-3.849999979E-3,-7.755000144E-2,-1.154999994E-2,7.849985810E-2
9.127256550E-1,-2.749999985E-3,-8.511249721E-2,-1.044999994E-2,8.579570024E-2
9.152210390E-1,-6.874999963E-4,-9.033749998E-2,-1.044999994E-2,9.094250413E-2
9.177164240E-1,1.512499992E-3,-9.363749623E-2,-1.251249947E-2,9.448190832E-2
9.202118080E-1,3.574999981E-3,-9.363749623E-2,-1.251249947E-2,9.453742100E-2
9.227071930E-1,6.874999963E-3,-9.033749998E-2,-9.349999949E-3,9.107992109E-2
9.252025780E-1,1.209999993E-2,-8.291249722E-2,-1.154999994E-2,8.458306386E-2
9.276979620E-1,1.429999992E-2,-7.548750192E-2,-1.471249945E-2,7.822602242E-2
9.301933460E-1,2.062499896E-2,-6.476250291E-2,-1.471249945E-2,6.954157034E-2
9.326887300E-1,2.708750032E-2,-5.307500064E-2,-1.361249946E-2,6.112273316E-2
9.351841140E-1,3.024999984E-2,-4.248749837E-2,-1.471249945E-2,5.419139829E-2
9.376795190E-1,3.657500073E-2,-3.079999983E-2,-1.154999994E-2,4.919118993E-2
9.401749040E-1,3.987500072E-2,-2.007500082E-2,-1.154999994E-2,4.611316340E-2
9.426702890E-1,4.303750023E-2,-8.387500420E-3,-1.154999994E-2,4.534290560E-2
9.451656740E-1,4.619999975E-2,3.299999982E-3,-1.044999994E-2,4.748191735E-2
9.476612880E-1,4.839999974E-2,9.762499481E-3,-1.044999994E-2,5.046849383E-2
9.501564290E-1,4.936249927E-2,2.034999989E-2,-1.044999994E-2,5.440571044E-2
9.526520420E-1,4.839999974E-2,2.461249940E-2,-1.154999994E-2,5.551340018E-2
9.551474290E-1,4.936249927E-2,2.997500077E-2,-1.471249945E-2,5.959542470E-2
9.576425830E-1,4.839999974E-2,3.423750028E-2,-1.677500084E-2,6.161304288E-2
9.601379650E-1,4.509999976E-2,2.791249938E-2,-1.581249945E-2,5.534575628E-2
9.626333550E-1,4.083750024E-2,2.034999989E-2,-1.787500083E-2,4.900346494E-2
9.651289700E-1,3.561250120E-2,1.182499994E-2,-1.897500083E-2,4.204915602E-2
9.676243570E-1,3.024999984E-2,1.237499993E-3,-2.007500082E-2,3.632629288E-2
9.701197420E-1,2.282499894E-2,-1.044999994E-2,-2.007500082E-2,3.214325332E-2
9.726151400E-1,1.429999992E-2,-2.653750032E-2,-2.103750035E-2,3.676010531E-2
9.751105250E-1,5.774999969E-3,-4.455000162E-2,-2.007500082E-2,4.920425721E-2
9.776059100E-1,-1.649999991E-3,-6.049999967E-2,-2.103750035E-2,6.407455721E-2
9.801012940E-1,-1.237499993E-2,-7.975000143E-2,-2.323750034E-2,8.398324103E-2
9.825966790E-1,-2.089999989E-2,-9.886249900E-2,-2.213750035E-2,1.034440555E-1
9.850920680E-1,-3.148749843E-2,-1.181124970E-1,-2.529999986E-2,1.248283402E-1
9.875874520E-1,-3.795000166E-2,-1.372250021E-1,-2.749999985E-2,1.450074267E-1
9.900828360E-1,-4.647500068E-2,-1.542750001E-1,-2.859999985E-2,1.636418691E-1
9.925782200E-1,-5.279999971E-2,-1.692624986E-1,-2.956249937E-2,1.797542066E-1
9.950736050E-1,-5.926249921E-2,-1.798499972E-1,-3.066249937E-2,1.918287105E-1
9.975690660E-1,-6.352499872E-2,-1.872749925E-1,-3.382499889E-2,2.006277120E-1
1.000064453E0,-6.558749825E-2,-1.905750036E-1,-3.602499887E-2,2.047397189E-1
1.002559838E0,-6.668750197E-2,-1.894749999E-1,-3.602499887E-2,2.040730238E-1
1.005055145E0,-6.778749824E-2,-1.883749962E-1,-3.918749839E-2,2.039998631E-1
1.007550528E0,-6.668750197E-2,-1.830125004E-1,-4.235000163E-2,1.993346956E-1
1.010045927E0,-6.352499872E-2,-1.798499972E-1,-4.344999790E-2,1.956255333E-1
1.012541311E0,-6.132499874E-2,-1.755875051E-1,-4.661250114E-2,1.917405869E-1
1.015036696E0,-5.499999970E-2,-1.735250056E-1,-4.881250113E-2,1.884637572E-1
1.017532157E0,-5.279999971E-2,-1.702249944E-1,-4.881250113E-2,1.847892014E-1
1.020027544E0,-4.963750020E-2,-1.627999991E-1,-4.661250114E-2,1.764665589E-1
1.022522920E0,-4.647500068E-2,-1.627999991E-1,-4.564999789E-2,1.753501859E-1
1.025018304E0,-4.331250116E-2,-1.627999991E-1,-4.455000162E-2,1.742541681E-1
1.027513689E0,-3.904999793E-2,-1.659625024E-1,-4.455000162E-2,1.762190602E-1
1.030009073E0,-3.575000167E-2,-1.744875014E-1,-4.564999789E-2,1.838691738E-1
1.032504458E0,-3.368749842E-2,-1.905750036E-1,-4.564999789E-2,1.988406444E-1
1.034999852E0,-3.052499890E-2,-2.150499970E-1,-5.087500066E-2,2.230841600E-1
1.037495236E0,-2.722499892E-2,-2.458499968E-1,-5.417500064E-2,2.532160188E-1
1.039990620E0,-2.722499892E-2,-2.884750068E-1,-6.476250291E-2,2.969060658E-1
1.042486004E0,-2.626249939E-2,-3.364624977E-1,-7.755000144E-2,3.462812931E-1
1.044981398E0,-2.626249939E-2,-3.887124956E-1,-9.143749624E-2,4.001848808E-1
1.047476783E0,-2.722499892E-2,-4.408249855E-1,-1.084875017E-1,4.547938065E-1
1.049972168E0,-2.832499892E-2,-4.930749834E-1,-1.233374998E-1,5.090553837E-1
1.052467553E0,-3.148749843E-2,-5.410624743E-1,-1.392875016E-1,5.595900926E-1
1.054962938E0,-3.684999794E-2,-5.868499875E-1,-1.542750001E-1,6.079075636E-1
1.057458323E0,-4.427500069E-2,-6.283749938E-1,-1.691250056E-1,6.522412713E-1
1.059953937E0,-4.757500067E-2,-6.687999964E-1,-1.830125004E-1,6.950182668E-1
1.062449323E0,-5.499999970E-2,-7.017999887E-1,-1.968999952E-1,7.309704729E-1
1.064944477E0,-6.036249921E-2,-7.306749821E-1,-2.065249979E-1,7.616968790E-1
1.067439860E0,-6.462500244E-2,-7.508875132E-1,-2.128500044E-1,7.831433922E-1
1.069935475E0,-7.301250100E-2,-7.636749744E-1,-2.224749923E-1,7.987649304E-1
1.072430862E0,-7.837499678E-2,-7.688999772E-1,-2.267374992E-1,8.054562115E-1
1.074926016E0,-8.373750001E-2,-7.679374814E-1,-2.267374992E-1,8.050775353E-1
1.077421398E0,-8.799999952E-2,-7.551500201E-1,-2.276999950E-1,7.936263860E-1
1.079917009E0,-8.910000324E-2,-7.369999886E-1,-2.267374992E-1,7.762201281E-1
1.082412165E0,-9.116250277E-2,-7.093625069E-1,-2.245374918E-1,7.496151368E-1
1.084907778E0,-9.006249905E-2,-6.815875173E-1,-2.213750035E-1,7.222739713E-1
1.087403165E0,-8.579999954E-2,-6.506500244E-1,-2.149125040E-1,6.905754691E-1
1.089898549E0,-8.153750002E-2,-6.187499762E-1,-2.085874975E-1,6.580339209E-1
1.092393919E0,-7.301250100E-2,-5.857499838E-1,-2.022625059E-1,6.239743505E-1
1.094889303E0,-6.462500244E-2,-5.527499914E-1,-1.968999952E-1,5.903207197E-1
1.097384688E0,-5.183750018E-2,-5.197499990E-1,-1.883749962E-1,5.552587929E-1
1.099880073E0,-4.221250117E-2,-4.877125025E-1,-1.809500009E-1,5.219083091E-1
1.102375457E0,-3.148749843E-2,-4.567750096E-1,-1.724250019E-1,4.892496840E-1
1.104870841E0,-1.773750037E-2,-4.270749986E-1,-1.648624986E-1,4.581346056E-1
1.107366225E0,-3.849999979E-3,-3.972375095E-1,-1.563374996E-1,4.269120228E-1
1.109861609E0,8.937500417E-3,-3.683624864E-1,-1.489125043E-1,3.974238722E-1
1.112356994E0,2.172499895E-2,-3.438875079E-1,-1.383250058E-1,3.713009573E-1
1.114852379E0,3.767500073E-2,-3.236750066E-1,-1.287000030E-1,3.503549720E-1
1.117347764E0,5.156249925E-2,-3.055250049E-1,-1.190750003E-1,3.319383612E-1
1.119843225E0,6.215000153E-2,-2.938374877E-1,-1.095874980E-1,3.197069151E-1
1.122338534E0,7.287500054E-2,-2.884750068E-1,-9.996250272E-2,3.138807054E-1
1.124833994E0,8.249999583E-2,-2.853125036E-1,-9.253749996E-2,3.110830482E-1
1.127329380E0,9.198749810E-2,-2.895750105E-1,-8.607500046E-2,3.157915329E-1
1.129824674E0,1.016125008E-1,-3.034625053E-1,-8.497499675E-2,3.311122809E-1
1.132320134E0,1.069749966E-1,-3.216125071E-1,-8.291249722E-2,3.489308482E-1
1.134815520E0,1.101374999E-1,-3.438875079E-1,-8.291249722E-2,3.704907140E-1
1.137310905E0,1.101374999E-1,-3.694624901E-1,-8.401250094E-2,3.945768629E-1
1.139806213E0,1.080750003E-1,-3.939374983E-1,-8.827500045E-2,4.179227608E-1
1.142301686E0,1.038125008E-1,-4.163500071E-1,-9.253749996E-2,4.389619034E-1
1.144797073E0,9.624999762E-2,-4.365625083E-1,-9.459999949E-2,4.569464363E-1
1.147292457E0,8.676250279E-2,-4.567750096E-1,-9.886249900E-2,4.753366544E-1
1.149787842E0,7.397499681E-2,-4.749250114E-1,-1.010624990E-1,4.911615776E-1
1.152283227E0,6.435000151E-2,-4.941749871E-1,-1.042250022E-1,5.091293467E-1
1.154778607E0,5.046249926E-2,-5.143874884E-1,-1.084875017E-1,5.281197687E-1
1.157273991E0,3.877500072E-2,-5.368000269E-1,-1.127500013E-1,5.498821077E-1
1.159769375E0,2.488750033E-2,-5.590749979E-1,-1.159124970E-1,5.715067348E-1
1.162264759E0,1.003750041E-2,-5.783249736E-1,-1.201749966E-1,5.907643831E-1
1.164760144E0,-1.649999991E-3,-5.942749977E-1,-1.244374961E-1,6.071656988E-1
1.167255509E0,-1.773750037E-2,-6.059625149E-1,-1.297999918E-1,6.199622781E-1
1.169750894E0,-3.148749843E-2,-6.144874692E-1,-1.307625026E-1,6.290350900E-1
1.172246279E0,-4.537500069E-2,-6.155874729E-1,-1.297999918E-1,6.307573744E-1
1.174741664E0,-5.926249921E-2,-6.133875251E-1,-1.340624988E-1,6.306576356E-1
1.177237049E0,-7.095000148E-2,-6.113250256E-1,-1.361249983E-1,6.303032641E-1
1.179732433E0,-8.263749629E-2,-6.133875251E-1,-1.372250021E-1,6.339589205E-1
1.182227817E0,-9.116250277E-2,-6.166874766E-1,-1.372250021E-1,6.383139877E-1
1.184723201E0,-9.858749807E-2,-6.219124794E-1,-1.372250021E-1,6.444573904E-1
1.187218816E0,-1.050499976E-1,-6.272749901E-1,-1.403875053E-1,6.513202490E-1
1.189714203E0,-1.104125008E-1,-6.337375045E-1,-1.435499936E-1,6.591060200E-1
1.192209573E0,-1.146750003E-1,-6.369000077E-1,-1.435499936E-1,6.628714628E-1
1.194704727E0,-1.209999993E-1,-6.389625072E-1,-1.435499936E-1,6.659734876E-1
1.197200341E0,-1.231999993E-1,-6.380000114E-1,-1.435499936E-1,6.654538715E-1
1.199695727E0,-1.252624989E-1,-6.358000040E-1,-1.446499974E-1,6.639698490E-1
1.202190881E0,-1.284250021E-1,-6.304374933E-1,-1.468500048E-1,6.599313131E-1
1.204686508E0,-1.295250058E-1,-6.198499799E-1,-1.457500011E-1,6.497951889E-1
1.207181664E0,-1.284250021E-1,-6.102250218E-1,-1.435499936E-1,6.399016793E-1
1.209677278E0,-1.284250021E-1,-6.039000154E-1,-1.435499936E-1,6.338728661E-1
1.212172664E0,-1.252624989E-1,-5.953750014E-1,-1.414874941E-1,6.246445365E-1
1.214668049E0,-1.189374998E-1,-5.931749940E-1,-1.383250058E-1,6.205936751E-1
1.217163434E0,-1.167374998E-1,-5.920749903E-1,-1.350249946E-1,6.183948473E-1
1.219658818E0,-1.124750003E-1,-5.911124945E-1,-1.307625026E-1,6.157624858E-1
1.222154203E0,-1.071124971E-1,-5.911124945E-1,-1.297999918E-1,6.146015832E-1
1.224649587E0,-1.028499976E-1,-5.889124870E-1,-1.287000030E-1,6.115224691E-1
1.227144972E0,-1.028499976E-1,-5.878124833E-1,-1.287000030E-1,6.104632080E-1
1.229640357E0,-1.007874981E-1,-5.868499875E-1,-1.264999956E-1,6.087308736E-1
1.232135741E0,-1.007874981E-1,-5.857499838E-1,-1.212750003E-1,6.066043100E-1
1.234631125E0,-9.858749807E-2,-5.846499801E-1,-1.179749966E-1,6.045272482E-1
1.237126509E0,-9.968750179E-2,-5.825874805E-1,-1.170125008E-1,6.025260956E-1
1.239621879E0,-1.028499976E-1,-5.803874731E-1,-1.148125008E-1,6.005078278E-1
1.242117264E0,-1.039500013E-1,-5.792874694E-1,-1.127500013E-1,5.992429705E-1
1.244612649E0,-1.050499976E-1,-5.750250220E-1,-1.148125008E-1,5.957106582E-1
1.247108034E0,-1.061500013E-1,-5.729625225E-1,-1.170125008E-1,5.943448496E-1
1.249603419E0,-1.093124971E-1,-5.729625225E-1,-1.190750003E-1,5.953269101E-1
1.252098799E0,-1.124750003E-1,-5.750250220E-1,-1.201749966E-1,5.981190780E-1
1.254594184E0,-1.156374961E-1,-5.783249736E-1,-1.255374998E-1,6.029854637E-1
1.257089643E0,-1.189374998E-1,-5.825874805E-1,-1.307625026E-1,6.088128887E-1
1.259585030E0,-1.199000031E-1,-5.878124833E-1,-1.361249983E-1,6.151662714E-1
1.262080415E0,-1.220999956E-1,-5.889124870E-1,-1.392875016E-1,6.173551121E-1
1.264575799E0,-1.231999993E-1,-5.868499875E-1,-1.403875053E-1,6.158569634E-1
1.267071107E0,-1.241625026E-1,-5.835499763E-1,-1.414874941E-1,6.131603485E-1
1.269566567E0,-1.263625026E-1,-5.792874694E-1,-1.403875053E-1,6.093029672E-1
1.272061953E0,-1.284250021E-1,-5.729625225E-1,-1.392875016E-1,6.034733146E-1
1.274557338E0,-1.306249946E-1,-5.676000118E-1,-1.350249946E-1,5.978832761E-1
1.277052722E0,-1.306249946E-1,-5.622375011E-1,-1.329624951E-1,5.923283904E-1
1.279548107E0,-1.317249984E-1,-5.601750016E-1,-1.287000030E-1,5.896704151E-1
1.282043492E0,-1.337874979E-1,-5.590749979E-1,-1.264999956E-1,5.886137925E-1
1.284538876E0,-1.348875016E-1,-5.601750016E-1,-1.233374998E-1,5.892391784E-1
1.287034274E0,-1.348875016E-1,-5.622375011E-1,-1.233374998E-1,5.912002915E-1
1.289529658E0,-1.369500011E-1,-5.633375049E-1,-1.244374961E-1,5.929495237E-1
1.292025042E0,-1.391499937E-1,-5.612750053E-1,-1.255374998E-1,5.917364415E-1
1.294520427E0,-1.391499937E-1,-5.570124984E-1,-1.255374998E-1,5.876949106E-1
1.297015812E0,-1.402499974E-1,-5.527499914E-1,-1.244374961E-1,5.836842513E-1
1.299511187E0,-1.423124969E-1,-5.462874770E-1,-1.233374998E-1,5.778364762E-1
1.302006572E0,-1.445125043E-1,-5.420249701E-1,-1.222374961E-1,5.741227547E-1
1.304501957E0,-1.434125006E-1,-5.346000195E-1,-1.233374998E-1,5.670771244E-1
1.306997571E0,-1.445125043E-1,-5.314375162E-1,-1.255374998E-1,5.648622499E-1
1.309492726E0,-1.423124969E-1,-5.335000157E-1,-1.287000030E-1,5.669557340E-1
1.311988109E0,-1.391499937E-1,-5.377625227E-1,-1.307625026E-1,5.706575888E-1
1.314483494E0,-1.369500011E-1,-5.442249775E-1,-1.340624988E-1,5.769825669E-1
1.316979109E0,-1.326874942E-1,-5.484874845E-1,-1.383250058E-1,5.810148870E-1
1.319474265E0,-1.274625063E-1,-5.484874845E-1,-1.403875053E-1,5.803394375E-1
1.321969878E0,-1.231999993E-1,-5.462874770E-1,-1.435499936E-1,5.781131793E-1
1.324465280E0,-1.178374961E-1,-5.377625227E-1,-1.457500011E-1,5.694886032E-1
1.326960665E0,-1.113749966E-1,-5.271750093E-1,-1.468500048E-1,5.584646848E-1
1.329456049E0,-1.050499976E-1,-5.112249851E-1,-1.500124931E-1,5.430379687E-1
1.331951434E0,-9.858749807E-2,-4.888125062E-1,-1.520749927E-1,5.213290366E-1
1.334446818E0,-9.116250277E-2,-4.675000012E-1,-1.520749927E-1,4.999936564E-1
1.336942203E0,-8.483749628E-2,-4.472874999E-1,-1.553750038E-1,4.810456321E-1
1.339437588E0,-7.837499678E-2,-4.280374944E-1,-1.553750038E-1,4.620607412E-1
1.341932972E0,-6.984999776E-2,-4.089249969E-1,-1.553750038E-1,4.429899175E-1
1.344428356E0,-6.036249921E-2,-3.950375021E-1,-1.585374922E-1,4.299213832E-1
1.346923740E0,-5.499999970E-2,-3.811500072E-1,-1.606000066E-1,4.172441613E-1
1.349419124E0,-4.757500067E-2,-3.694624901E-1,-1.616999954E-1,4.060945712E-1
1.351914509E0,-4.111250117E-2,-3.588750064E-1,-1.648624986E-1,3.970656765E-1
1.354409894E0,-3.684999794E-2,-3.503499925E-1,-1.681624949E-1,3.903609410E-1
1.356905279E0,-3.478749841E-2,-3.449875116E-1,-1.724250019E-1,3.872427333E-1
1.359400664E0,-3.368749842E-2,-3.407250047E-1,-1.766874939E-1,3.852880051E-1
1.361896058E0,-3.148749843E-2,-3.396250010E-1,-1.798499972E-1,3.855938606E-1
1.364391443E0,-3.148749843E-2,-3.386625051E-1,-1.809500009E-1,3.852618042E-1
1.366886902E0,-3.258749843E-2,-3.386625051E-1,-1.852124929E-1,3.873730824E-1
1.369382289E0,-3.368749842E-2,-3.364624977E-1,-1.872749925E-1,3.865407905E-1
1.371877592E0,-3.684999794E-2,-3.332999945E-1,-1.861750036E-1,3.835465300E-1
1.374372974E0,-3.795000166E-2,-3.310999870E-1,-1.852124929E-1,3.812755848E-1
1.376868436E0,-4.001250118E-2,-3.290374875E-1,-1.872749925E-1,3.807080131E-1
1.379363823E0,-4.331250116E-2,-3.247750103E-1,-1.872749925E-1,3.773946249E-1
1.381859130E0,-4.647500068E-2,-3.183124959E-1,-1.841125041E-1,3.706483305E-1
1.384354595E0,-4.963750020E-2,-3.108874857E-1,-1.809500009E-1,3.631223114E-1
1.386849981E0,-5.183750018E-2,-3.003000021E-1,-1.809500009E-1,3.544151810E-1
1.389345289E0,-5.389999971E-2,-2.853125036E-1,-1.787499934E-1,3.409691992E-1
1.391840672E0,-5.183750018E-2,-2.704625130E-1,-1.755875051E-1,3.266007797E-1
1.394336133E0,-5.183750018E-2,-2.534124851E-1,-1.691250056E-1,3.090441418E-1
1.396831511E0,-5.073750019E-2,-2.384250015E-1,-1.648624986E-1,2.942794908E-1
1.399326819E0,-4.647500068E-2,-2.213750035E-1,-1.616999954E-1,2.780534236E-1
1.401822201E0,-3.795000166E-2,-2.033624947E-1,-1.563374996E-1,2.593027587E-1
1.404317663E0,-3.368749842E-2,-1.905750036E-1,-1.511124969E-1,2.455375048E-1
1.406813049E0,-2.626249939E-2,-1.766874939E-1,-1.468500048E-1,2.312425421E-1
1.409308434E0,-1.869999990E-2,-1.681624949E-1,-1.425874978E-1,2.212679580E-1
1.411803819E0,-9.212499484E-3,-1.616999954E-1,-1.392875016E-1,2.136182735E-1
1.414299203E0,4.124999978E-4,-1.616999954E-1,-1.392875016E-1,2.134199306E-1
1.416794588E0,8.937500417E-3,-1.649999917E-1,-1.392875016E-1,2.161154420E-1
1.419289962E0,1.539999992E-2,-1.724250019E-1,-1.372250021E-1,2.209032423E-1
1.421785346E0,1.966249943E-2,-1.798499972E-1,-1.350249946E-1,2.257529281E-1
1.424280730E0,2.488750033E-2,-1.863124967E-1,-1.361249983E-1,2.320813419E-1
1.426776114E0,2.914999984E-2,-1.937374920E-1,-1.403875053E-1,2.410240443E-1
1.429271504E0,3.135000169E-2,-1.968999952E-1,-1.392875016E-1,2.432147997E-1
1.431766889E0,3.135000169E-2,-1.979999989E-1,-1.383250058E-1,2.435582670E-1
1.434262274E0,3.024999984E-2,-1.948374957E-1,-1.383250058E-1,2.408537304E-1
1.436757659E0,2.914999984E-2,-1.905750036E-1,-1.383250058E-1,2.372811870E-1
1.439253044E0,2.818750031E-2,-1.841125041E-1,-1.403875053E-1,2.332393642E-1
1.441748443E0,2.914999984E-2,-1.735250056E-1,-1.403875053E-1,2.250984267E-1
1.444243828E0,2.708750032E-2,-1.564749926E-1,-1.403875053E-1,2.119594481E-1
1.446739212E0,2.598750032E-2,-1.414874941E-1,-1.414874941E-1,2.017740621E-1
1.449234596E0,2.708750032E-2,-1.234750003E-1,-1.425874978E-1,1.905544618E-1
1.451729980E0,2.392499894E-2,-1.031249985E-1,-1.425874978E-1,1.775904430E-1
1.454225595E0,2.172499895E-2,-8.511249721E-2,-1.392875016E-1,1.646727690E-1
1.456720751E0,2.062499896E-2,-6.806249917E-2,-1.340624988E-1,1.517585186E-1
1.459216364E0,1.966249943E-2,-5.197500065E-2,-1.329624951E-1,1.441077364E-1
1.461711751E0,1.746249944E-2,-3.918749839E-2,-1.361249983E-1,1.427256602E-1
1.464207135E0,1.319999993E-2,-2.433750033E-2,-1.350249946E-1,1.378343320E-1
1.466702535E0,1.003750041E-2,-1.581249945E-2,-1.361249983E-1,1.374074297E-1
1.469197920E0,1.003750041E-2,-1.691249944E-2,-1.350249946E-1,1.364497461E-1
1.471693304E0,5.774999969E-3,-2.543750033E-2,-1.403875053E-1,1.427902962E-1
1.474188458E0,1.512499992E-3,-3.712499887E-2,-1.446499974E-1,1.493458233E-1
1.476684072E0,-2.749999985E-3,-5.101250112E-2,-1.500124931E-1,1.584726660E-1
1.479179449E0,-9.212499484E-3,-7.012499869E-2,-1.542750001E-1,1.697149411E-1
1.481674834E0,-1.553750038E-2,-9.253749996E-2,-1.585374922E-1,1.842246977E-1
1.484169988E0,-2.296249941E-2,-1.181124970E-1,-1.639000028E-1,2.033249844E-1
1.486665601E0,-3.258749843E-2,-1.489125043E-1,-1.702249944E-1,2.285025771E-1
1.489161017E0,-4.331250116E-2,-1.820500046E-1,-1.744875014E-1,2.558594635E-1
1.491656401E0,-5.279999971E-2,-2.161500007E-1,-1.798499972E-1,2.861025764E-1
1.494151786E0,-6.558749825E-2,-2.534124851E-1,-1.852124929E-1,3.206606853E-1
1.496647171E0,-7.837499678E-2,-2.917749882E-1,-1.904374957E-1,3.571298414E-1
1.499142555E0,-9.116250277E-2,-3.310999870E-1,-1.937374920E-1,3.942994029E-1
1.501637940E0,-1.039500013E-1,-3.726249933E-1,-1.968999952E-1,4.340790211E-1
1.504133324E0,-1.189374998E-1,-4.100250006E-1,-2.011625022E-1,4.719459527E-1
1.506628708E0,-1.317249984E-1,-4.461874962E-1,-2.054249942E-1,5.085608963E-1
1.509124092E0,-1.445125043E-1,-4.780874848E-1,-2.096875012E-1,5.416828918E-1
1.511619476E0,-1.582625061E-1,-5.047624707E-1,-2.160124928E-1,5.713961583E-1
1.514114861E0,-1.710499972E-1,-5.303375125E-1,-2.171124965E-1,5.980416498E-1
1.516610322E0,-1.849374920E-1,-5.462874770E-1,-2.160124928E-1,6.158679083E-1
1.519105632E0,-1.923625022E-1,-5.579749942E-1,-2.171124965E-1,6.288698296E-1
1.521601092E0,-2.030874938E-1,-5.612750053E-1,-2.160124928E-1,6.347720526E-1
1.524096478E0,-2.125750035E-1,-5.590749979E-1,-2.117500007E-1,6.345006290E-1
1.526591877E0,-2.168374956E-1,-5.494499803E-1,-2.054249942E-1,6.253904449E-1
1.529087185E0,-2.201374918E-1,-5.335000157E-1,-1.989624947E-1,6.104660977E-1
1.531582644E0,-2.211000025E-1,-5.121874809E-1,-1.937374920E-1,5.905551985E-1
1.534078031E0,-2.190375030E-1,-4.888125062E-1,-1.872749925E-1,5.674389983E-1
1.536573415E0,-2.125750035E-1,-4.600749910E-1,-1.766874939E-1,5.367267461E-1
1.539068814E0,-2.030874938E-1,-4.280374944E-1,-1.681624949E-1,5.027317888E-1
1.541564199E0,-1.934625059E-1,-3.950375021E-1,-1.606000066E-1,4.682677987E-1
1.544059583E0,-1.795749962E-1,-3.588750064E-1,-1.511124969E-1,4.288046597E-1
1.546554967E0,-1.647250056E-1,-3.216125071E-1,-1.425874978E-1,3.884586551E-1
1.549050351E0,-1.497374922E-1,-2.832500041E-1,-1.340624988E-1,3.473105742E-1
1.551545745E0,-1.337874979E-1,-2.469500005E-1,-1.244374961E-1,3.071938928E-1
1.554041130E0,-1.178374961E-1,-2.182125002E-1,-1.148125008E-1,2.732842496E-1
1.556536515E0,-1.028499976E-1,-1.948374957E-1,-1.084875017E-1,2.455795386E-1
1.559031900E0,-8.799999952E-2,-1.798499972E-1,-9.886249900E-2,2.233020714E-1
1.561527285E0,-7.411249727E-2,-1.681624949E-1,-9.033749998E-2,2.047734134E-1
1.564022689E0,-6.036249921E-2,-1.627999991E-1,-8.291249722E-2,1.924108968E-1
1.566518074E0,-4.853750020E-2,-1.659625024E-1,-7.644999772E-2,1.890609512E-1
1.569013458E0,-3.904999793E-2,-1.755875051E-1,-7.438749820E-2,1.946519308E-1
1.571508842E0,-3.258749843E-2,-1.905750036E-1,-7.012499869E-2,2.056654869E-1
1.574004226E0,-2.942499891E-2,-2.085874975E-1,-6.792499870E-2,2.213331880E-1
1.576499605E0,-2.722499892E-2,-2.310000062E-1,-6.476250291E-2,2.414464438E-1
1.578994990E0,-2.942499891E-2,-2.543750107E-1,-6.476250291E-2,2.641337889E-1
1.581490375E0,-2.942499891E-2,-2.799499929E-1,-6.586249918E-2,2.890946175E-1
1.583985760E0,-3.478749841E-2,-3.066250086E-1,-6.159999967E-2,3.146801962E-1
1.586481145E0,-4.111250117E-2,-3.290374875E-1,-6.049999967E-2,3.370699570E-1
1.588976511E0,-4.963750020E-2,-3.492499888E-1,-5.843750015E-2,3.575673049E-1
1.591471896E0,-5.816249922E-2,-3.651999831E-1,-6.049999967E-2,3.747187665E-1
1.593967509E0,-6.778749824E-2,-3.759250045E-1,-6.270000339E-2,3.870995277E-1
1.596462896E0,-7.631249726E-2,-3.833499849E-1,-6.270000339E-2,3.958687896E-1
1.598958050E0,-8.057499677E-2,-3.844499886E-1,-5.939999968E-2,3.972687803E-1
1.601453663E0,-8.799999952E-2,-3.801875114E-1,-5.733750015E-2,3.944288690E-1
1.603948819E0,-9.336250275E-2,-3.726249933E-1,-5.733750015E-2,3.883986760E-1
1.606444433E0,-9.762500226E-2,-3.620375097E-1,-5.417500064E-2,3.788624159E-1
1.608939588E0,-9.968750179E-2,-3.407250047E-1,-4.991250113E-2,3.585001877E-1
1.611435202E0,-9.968750179E-2,-3.194124997E-1,-4.661250114E-2,3.378382279E-1
1.613930368E0,-9.858749807E-2,-2.917749882E-1,-4.661250114E-2,3.114881439E-1
1.616425750E0,-9.336250275E-2,-2.619374990E-1,-4.344999790E-2,2.814528604E-1
1.618921135E0,-8.483749628E-2,-2.331999987E-1,-3.918749839E-2,2.512275865E-1
1.621416750E0,-8.057499677E-2,-2.011625022E-1,-3.602499887E-2,2.196735827E-1
1.623912146E0,-7.095000148E-2,-1.724250019E-1,-2.859999985E-2,1.886325634E-1
1.626407531E0,-6.242499873E-2,-1.500124931E-1,-2.639999986E-2,1.646134519E-1
1.628902915E0,-5.279999971E-2,-1.351625025E-1,-2.433750033E-2,1.471361818E-1
1.631398300E0,-4.427500069E-2,-1.234750003E-1,-2.213750035E-2,1.330278929E-1
1.633893684E0,-3.575000167E-2,-1.170125008E-1,-2.103750035E-2,1.241473494E-1
1.636389069E0,-2.942499891E-2,-1.159124970E-1,-2.213750035E-2,1.216207484E-1
1.638884454E0,-2.626249939E-2,-1.192125008E-1,-2.213750035E-2,1.240621140E-1
1.641379838E0,-2.199999988E-2,-1.255374998E-1,-2.007500082E-2,1.290219730E-1
1.643875222E0,-2.089999989E-2,-1.362625062E-1,-2.103750035E-2,1.394519882E-1
1.646370606E0,-2.199999988E-2,-1.500124931E-1,-1.897500083E-2,1.527998650E-1
1.648865980E0,-2.406249940E-2,-1.681624949E-1,-2.103750035E-2,1.711730265E-1
1.651361365E0,-2.722499892E-2,-1.915374994E-1,-2.213750035E-2,1.947251478E-1
1.653856750E0,-3.258749843E-2,-2.161500007E-1,-2.433750033E-2,2.199433604E-1
1.656352135E0,-4.001250118E-2,-2.415875047E-1,-2.749999985E-2,2.464178822E-1
1.658847520E0,-4.757500067E-2,-2.704625130E-1,-3.286249936E-2,2.765742133E-1
1.661342890E0,-5.499999970E-2,-2.969999909E-1,-3.602499887E-2,3.041903929E-1
1.663838275E0,-6.462500244E-2,-3.205125034E-1,-4.235000163E-2,3.296940679E-1
1.666333659E0,-7.411249727E-2,-3.407250047E-1,-4.661250114E-2,3.517938549E-1
1.668829043E0,-8.263749629E-2,-3.546124995E-1,-5.087500066E-2,3.676509843E-1
1.671324427E0,-8.910000324E-2,-3.641000092E-1,-5.513750017E-2,3.788769869E-1
1.673819811E0,-9.762500226E-2,-3.716624975E-1,-5.939999968E-2,3.888341717E-1
1.676315196E0,-1.039500013E-1,-3.705624938E-1,-6.049999967E-2,3.895926264E-1
1.678810581E0,-1.071124971E-1,-3.673999906E-1,-6.159999967E-2,3.876214649E-1
1.681305966E0,-1.093124971E-1,-3.535124958E-1,-6.049999967E-2,3.749407375E-1
1.683801351E0,-1.104125008E-1,-3.386625051E-1,-5.939999968E-2,3.611254251E-1
1.686296707E0,-1.135749966E-1,-3.130874932E-1,-5.843750015E-2,3.381390242E-1
1.688792092E0,-1.104125008E-1,-2.821500003E-1,-5.513750017E-2,3.079605282E-1
1.691287552E0,-1.061500013E-1,-2.469500005E-1,-5.087500066E-2,2.735697191E-1
1.693782938E0,-1.007874981E-1,-2.107875049E-1,-4.564999789E-2,2.380617867E-1
1.696278323E0,-9.336250275E-2,-1.735250056E-1,-4.235000163E-2,2.015465383E-1
1.698773636E0,-8.373750001E-2,-1.414874941E-1,-4.028749838E-2,1.692742226E-1
1.701269095E0,-7.204999775E-2,-1.138499975E-1,-4.028749838E-2,1.406275458E-1
1.703764482E0,-6.036249921E-2,-9.363749623E-2,-3.382499889E-2,1.164291311E-1
1.706259866E0,-5.183750018E-2,-7.864999771E-2,-2.956249937E-2,9.872633861E-2
1.708755251E0,-4.001250118E-2,-7.122500241E-2,-2.956249937E-2,8.687889610E-2
1.711250617E0,-2.942499891E-2,-6.902500242E-2,-2.859999985E-2,8.030094340E-2
1.713746001E0,-1.979999989E-2,-7.438749820E-2,-2.859999985E-2,8.211881560E-2
1.716241385E0,-1.347499993E-2,-8.717499673E-2,-2.639999986E-2,9.207614062E-2
1.718736769E0,-8.112499490E-3,-1.042250022E-1,-2.749999985E-2,1.080967795E-1
1.721232129E0,-4.949999973E-3,-1.255374998E-1,-2.956249937E-2,1.290662920E-1
1.723727514E0,-2.749999985E-3,-1.479499936E-1,-3.176249936E-2,1.513460256E-1
1.726222899E0,-2.749999985E-3,-1.724250019E-1,-3.382499889E-2,1.757329631E-1
1.728718284E0,-5.912499968E-3,-1.979999989E-1,-3.492499888E-2,2.011435129E-1
1.731213669E0,-8.112499490E-3,-2.204124928E-1,-3.808749840E-2,2.238261315E-1
1.733709039E0,-1.443750039E-2,-2.406249940E-1,-4.138749838E-2,2.445848609E-1
1.736204424E0,-2.089999989E-2,-2.586374879E-1,-4.235000163E-2,2.629138315E-1
1.738699808E0,-2.832499892E-2,-2.725250125E-1,-4.344999790E-2,2.774168169E-1
1.741195192E0,-3.478749841E-2,-2.810499966E-1,-4.455000162E-2,2.866774726E-1
1.743690576E0,-4.221250117E-2,-2.884750068E-1,-4.564999789E-2,2.950993852E-1
1.746185960E0,-4.757500067E-2,-2.917749882E-1,-4.661250114E-2,2.992803864E-1
1.748681345E0,-5.499999970E-2,-2.906749845E-1,-4.564999789E-2,2.993340423E-1
1.751176730E0,-6.036249921E-2,-2.832500041E-1,-4.235000163E-2,2.926904828E-1
1.753672115E0,-6.462500244E-2,-2.704625130E-1,-3.808749840E-2,2.806724415E-1
1.756167500E0,-6.668750197E-2,-2.543750107E-1,-3.712499887E-2,2.655788669E-1
1.758662866E0,-6.984999776E-2,-2.352624983E-1,-3.286249936E-2,2.476033302E-1
1.761158251E0,-7.301250100E-2,-2.139499933E-1,-2.956249937E-2,2.279898381E-1
1.763653636E0,-7.301250100E-2,-1.894749999E-1,-2.433750033E-2,2.045089602E-1
1.766149020E0,-7.204999775E-2,-1.639000028E-1,-2.007500082E-2,1.801594260E-1
1.768644404E0,-6.778749824E-2,-1.372250021E-1,-1.581249945E-2,1.538696892E-1
1.771139817E0,-6.352499872E-2,-1.116499975E-1,-1.154999994E-2,1.289749972E-1
1.773635201E0,-5.926249921E-2,-8.827500045E-2,-5.087499972E-3,1.064443619E-1
1.776130586E0,-5.279999971E-2,-6.806249917E-2,1.374999993E-4,8.614152697E-2
1.778626201E0,-4.757500067E-2,-5.197500065E-2,2.337499987E-3,7.049996658E-2
1.781121357E0,-4.001250118E-2,-4.028749838E-2,3.437499981E-3,5.688496447E-2
1.783616984E0,-3.258749843E-2,-3.396249935E-2,4.399999976E-3,4.727321034E-2
1.786112140E0,-2.516249940E-2,-3.396249935E-2,5.499999970E-3,4.262455557E-2
1.788607754E0,-1.773750037E-2,-3.492499888E-2,7.699999958E-3,3.992072727E-2
1.791102909E0,-9.212499484E-3,-4.028749838E-2,6.599999964E-3,4.185107731E-2
1.793598523E0,-4.949999973E-3,-4.881250113E-2,5.499999970E-3,4.937016069E-2
1.796093900E0,-6.874999963E-4,-6.159999967E-2,4.399999976E-3,6.176076922E-2
1.798589285E0,5.774999969E-3,-7.232499868E-2,6.599999964E-3,7.285476002E-2
1.801084670E0,5.774999969E-3,-9.033749998E-2,7.699999958E-3,9.084880035E-2
1.803580054E0,7.837500423E-3,-1.116499975E-1,5.499999970E-3,1.120597982E-1
1.806075439E0,7.837500423E-3,-1.383250058E-1,4.399999976E-3,1.386167148E-1
1.808570838E0,5.774999969E-3,-1.649999917E-1,1.237499993E-3,1.651056609E-1
1.811066222E0,4.674999975E-3,-1.937374920E-1,-1.924999990E-3,1.938034495E-1
1.813561606E0,4.124999978E-4,-2.204124928E-1,-4.124999978E-3,2.204514748E-1
1.816056990E0,-4.949999973E-3,-2.458499968E-1,-8.387500420E-3,2.460428288E-1
1.818552374E0,-1.017499994E-2,-2.671625018E-1,-1.361249946E-2,2.677025087E-1
1.821047764E0,-1.663750038E-2,-2.895750105E-1,-1.787500083E-2,2.906028369E-1
1.823543149E0,-2.406249940E-2,-3.055250049E-1,-2.103750035E-2,3.071922995E-1
1.826038534E0,-3.148749843E-2,-3.162499964E-1,-2.529999986E-2,3.188190910E-1
1.828533919E0,-3.904999793E-2,-3.268375099E-1,-2.749999985E-2,3.303088103E-1
1.831029304E0,-4.427500069E-2,-3.310999870E-1,-3.176249936E-2,3.355537713E-1
1.833524674E0,-5.389999971E-2,-3.301374912E-1,-3.286249936E-2,3.361189030E-1
1.836020058E0,-6.036249921E-2,-3.290374875E-1,-3.176249936E-2,3.360329684E-1
1.838515442E0,-6.668750197E-2,-3.216125071E-1,-3.286249936E-2,3.300935799E-1
1.841010826E0,-7.095000148E-2,-3.108874857E-1,-3.382499889E-2,3.206697087E-1
1.843506210E0,-7.411249727E-2,-2.980999947E-1,-3.492499888E-2,3.091537233E-1
1.846001605E0,-7.727500051E-2,-2.864125073E-1,-3.492499888E-2,2.987027044E-1
1.848496990E0,-8.153750002E-2,-2.736249864E-1,-3.382499889E-2,2.875119609E-1
1.850992375E0,-8.153750002E-2,-2.586374879E-1,-3.286249936E-2,2.731696504E-1
1.853487760E0,-8.057499677E-2,-2.426874936E-1,-3.382499889E-2,2.579412340E-1
1.855983145E0,-7.947500050E-2,-2.299000025E-1,-3.602499887E-2,2.459025974E-1
1.858478535E0,-7.631249726E-2,-2.161500007E-1,-3.492499888E-2,2.318710322E-1
1.860973920E0,-7.301250100E-2,-1.991000026E-1,-3.286249936E-2,2.145963192E-1
1.863469304E0,-6.984999776E-2,-1.872749925E-1,-3.602499887E-2,2.030978718E-1
1.865964688E0,-6.462500244E-2,-1.755875051E-1,-3.602499887E-2,1.905391388E-1
1.868460072E0,-6.036249921E-2,-1.659625024E-1,-3.492499888E-2,1.800192741E-1
1.870955470E0,-5.389999971E-2,-1.659625024E-1,-3.286249936E-2,1.775632451E-1
1.873450855E0,-4.757500067E-2,-1.681624949E-1,-3.602499887E-2,1.784371204E-1
1.875946240E0,-4.001250118E-2,-1.735250056E-1,-3.712499887E-2,1.819071009E-1
1.878441625E0,-3.478749841E-2,-1.798499972E-1,-3.382499889E-2,1.862802246E-1
1.880937010E0,-2.942499891E-2,-1.872749925E-1,-3.492499888E-2,1.927628307E-1
1.883432405E0,-2.722499892E-2,-1.968999952E-1,-3.492499888E-2,2.018181464E-1
1.885927865E0,-2.406249940E-2,-2.043250054E-1,-3.382499889E-2,2.084990222E-1
1.888423174E0,-2.089999989E-2,-2.076250017E-1,-3.286249936E-2,2.112460536E-1
1.890918634E0,-1.979999989E-2,-2.096875012E-1,-3.492499888E-2,2.134962381E-1
1.893413944E0,-1.869999990E-2,-2.096875012E-1,-3.286249936E-2,2.130691954E-1
1.895909403E0,-1.773750037E-2,-2.076250017E-1,-2.859999985E-2,2.103347813E-1
1.898404713E0,-1.443750039E-2,-2.022625059E-1,-2.529999986E-2,2.043493399E-1
1.900900172E0,-1.237499993E-2,-1.979999989E-1,-2.433750033E-2,1.998735954E-1
1.903395559E0,-1.237499993E-2,-1.926375031E-1,-2.007500082E-2,1.940756396E-1
1.905890944E0,-9.212499484E-3,-1.872749925E-1,-1.677500084E-2,1.882503482E-1
1.908386328E0,-7.012499962E-3,-1.830125004E-1,-1.154999994E-2,1.835106345E-1
1.910881713E0,-5.912499968E-3,-1.787499934E-1,-1.251249947E-2,1.792849142E-1
1.913377098E0,-4.949999973E-3,-1.724250019E-1,-1.044999994E-2,1.728122862E-1
1.915872496E0,-4.949999973E-3,-1.659625024E-1,-8.387500420E-3,1.662480221E-1
1.918367880E0,-1.649999991E-3,-1.585374922E-1,-5.087499972E-3,1.586276822E-1
1.920863264E0,2.612499986E-3,-1.511124969E-1,-5.087499972E-3,1.512206815E-1
1.923358648E0,6.874999963E-3,-1.436875015E-1,-7.287499961E-3,1.440363544E-1
1.925854033E0,8.937500417E-3,-1.351625025E-1,-7.287499961E-3,1.356535612E-1
1.928349451E0,1.003750041E-2,-1.266375035E-1,-7.287499961E-3,1.272435317E-1
1.930844836E0,1.003750041E-2,-1.149500012E-1,-6.187499966E-3,1.155531884E-1
1.933340221E0,1.429999992E-2,-1.031249985E-1,-7.287499961E-3,1.043664839E-1
1.935835606E0,1.856249943E-2,-9.033749998E-2,-9.349999949E-3,9.269764175E-2
1.938330991E0,2.282499894E-2,-7.548750192E-2,-1.154999994E-2,7.970411546E-2
1.940826366E0,2.818750031E-2,-5.733750015E-2,-1.361249946E-2,6.532552518E-2
1.943321750E0,3.341250122E-2,-3.822499886E-2,-1.581249945E-2,5.317500272E-2
1.945817134E0,3.877500072E-2,-2.007500082E-2,-1.787500083E-2,4.718073753E-2
1.948312518E0,4.303750023E-2,1.237499993E-3,-1.897500083E-2,4.705112633E-2
1.950807903E0,4.729999974E-2,2.034999989E-2,-2.103750035E-2,5.562363609E-2
1.953303302E0,5.046249926E-2,4.166249931E-2,-1.897500083E-2,6.813426698E-2
1.955798687E0,5.472499877E-2,6.297499686E-2,-1.787500083E-2,8.532403750E-2
1.958294072E0,6.118749827E-2,8.222500235E-2,-1.897500083E-2,1.042348867E-1
1.960789457E0,6.544999778E-2,1.002374962E-1,-1.677500084E-2,1.208828297E-1
1.963284818E0,7.067500055E-2,1.194875017E-1,-1.677500084E-2,1.398342569E-1
1.965780203E0,7.493750006E-2,1.407999992E-1,-1.154999994E-2,1.599177013E-1
1.968275587E0,7.823749632E-2,1.599124968E-1,-7.287499961E-3,1.781746899E-1
1.970770971E0,7.919999957E-2,1.791625023E-1,-4.124999978E-3,1.959307474E-1
1.973266355E0,8.139999956E-2,1.962125003E-1,-8.249999955E-4,2.124287783E-1
1.975761744E0,8.346249908E-2,2.132624984E-1,8.662499487E-3,2.291766150E-1
1.978257129E0,8.676250279E-2,2.281125039E-1,1.196249947E-2,2.443484146E-1
1.980752514E0,8.772499859E-2,2.431000024E-1,1.938750036E-2,2.591701405E-1
1.983247899E0,8.882500231E-2,2.579500079E-1,2.571249940E-2,2.740241235E-1
1.985743284E0,9.308750182E-2,2.727999985E-1,3.107500076E-2,2.899151218E-1
1.988238669E0,9.735000134E-2,2.877874970E-1,3.753750026E-2,3.061171837E-1
1.990734054E0,9.955000132E-2,3.016749918E-1,4.496249929E-2,3.208420637E-1
1.993229667E0,1.038125008E-1,3.250499964E-1,5.458749831E-2,3.455637864E-1
1.995725054E0,1.080750003E-1,3.537875116E-1,6.091250107E-2,3.749081779E-1
1.998220438E0,1.101374999E-1,3.889875114E-1,7.259999961E-2,4.107460442E-1
2.000715563E0,1.165999994E-1,4.294124842E-1,8.332499862E-2,4.526960314E-1
2.003211177E0,1.229249984E-1,4.742375016E-1,9.391249716E-2,4.988299513E-1
2.005706563E0,1.271875054E-1,5.242875218E-1,1.046374962E-1,5.495480622E-1
2.008201948E0,1.346125007E-1,5.806624889E-1,1.194875017E-1,6.079199902E-1
2.010697333E0,1.420374960E-1,6.403374672E-1,1.354375035E-1,6.697387845E-1
2.013192698E0,1.484999955E-1,6.851624846E-1,1.524875015E-1,7.174624151E-1
2.015688083E0,1.559250057E-1,7.543249726E-1,1.706375033E-1,7.889460877E-1
2.018183467E0,1.644500047E-1,8.278874755E-1,1.887875050E-1,8.649174517E-1
2.020678851E0,1.740749925E-1,8.970500231E-1,2.067999989E-1,9.368922491E-1
2.023174249E0,1.879625022E-1,9.652500153E-1,2.271499932E-1,1.009274300E0
2.025669633E0,1.996500045E-1,1.029187441E0,2.494249940E-1,1.077636182E0
2.028165018E0,2.144999951E-1,1.066450000E0,2.729375064E-1,1.121526073E0
2.030660403E0,2.305874974E-1,1.116500020E0,2.963125110E-1,1.177940573E0
2.033155788E0,2.475000024E-1,1.168750048E0,3.207874894E-1,1.236987283E0
2.035651159E0,2.635875046E-1,1.234750032E0,3.443000019E-1,1.308674332E0
2.038146544E0,2.795374990E-1,1.313675046E0,3.719374835E-1,1.393635832E0
2.040641929E0,2.976875007E-1,1.400987506E0,4.006749988E-1,1.487253944E0
2.043137314E0,3.167999983E-1,1.490499973E0,4.284499884E-1,1.582884014E0
2.045632698E0,3.381125033E-1,1.584275007E0,4.571875036E-1,1.683231350E0
2.048128077E0,3.594250083E-1,1.680112481E0,4.912874997E-1,1.786988442E0
2.050623232E0,3.827999830E-1,1.764262438E0,5.253875256E-1,1.880210049E0
2.053118845E0,4.074124992E-1,1.851575017E0,5.605875254E-1,1.977011219E0
2.055614232E0,4.318875074E-1,1.961300015E0,5.956500173E-1,2.094760968E0
2.058109611E0,4.541625082E-1,2.067862511E0,6.329125166E-1,2.209727857E0
2.060604996E0,4.787749946E-1,2.177587509E0,6.766374707E-1,2.330010970E0
2.063100381E0,5.075125098E-1,2.286212444E0,7.246249914E-1,2.451411362E0
2.065595765E0,5.458750129E-1,2.384249926E0,7.937874794E-1,2.571522078E0
2.068091150E0,6.022499800E-1,2.445987463E0,8.982874751E-1,2.674412103E0
2.070586534E0,6.811749935E-1,2.464137554E0,1.029187441E0,2.755939050E0
2.073081918E0,7.748125196E-1,2.463037491E0,1.151700020E0,2.827242660E0
2.075577302E0,8.793125153E-1,2.454512596E0,1.269950032E0,2.900102700E0
2.078072686E0,9.964625239E-1,2.470462561E0,1.374449968E0,2.997538247E0
2.080568071E0,1.112512469E0,2.493974924E0,1.457499981E0,3.095464603E0
2.083063451E0,1.230762482E0,2.522712469E0,1.523499966E0,3.193729267E0
2.085558836E0,1.343787551E0,2.562175035E0,1.577812433E0,3.295451102E0
2.088054221E0,1.454475045E0,2.610024929E0,1.615074992E0,3.396497463E0
2.090549606E0,1.558837533E0,2.650587559E0,1.638587475E0,3.484330319E0
2.093044991E0,1.655774951E0,2.730474949E0,1.651374936E0,3.595013674E0
2.095540381E0,1.745287538E0,2.818887472E0,1.656737447E0,3.706337024E0
2.098035840E0,1.827374935E0,2.896574974E0,1.650274992E0,3.801690845E0
2.100531227E0,1.898737431E0,3.002037525E0,1.635424972E0,3.910504823E0
2.103026611E0,1.961575031E0,3.117125034E0,1.608749986E0,4.018995098E0
2.105521919E0,2.010524988E0,3.228912592E0,1.578912497E0,4.118379770E0
2.108017364E0,2.053149939E0,3.335474968E0,1.541649938E0,4.209216372E0
2.110512673E0,2.084087372E0,3.427049875E0,1.497925043E0,4.281573362E0
2.113008056E0,2.106499910E0,3.510237455E0,1.444712520E0,4.341232904E0
2.115503441E0,2.118187428E0,3.593287468E0,1.380774975E0,4.393742407E0
2.117998902E0,2.123549938E0,3.679637432E0,1.304049969E0,4.444068214E0
2.120494261E0,2.120249987E0,3.769012451E0,1.217837453E0,4.492665459E0
2.122989569E0,2.111725092E0,3.851099968E0,1.120900035E0,4.532854588E0
2.125485028E0,2.096874952E0,3.918200016E0,1.012137532E0,4.557806305E0
2.127980415E0,2.073362589E0,3.958625078E0,8.929250240E-1,4.557067043E0
2.130475722E0,2.046824932E0,3.982137442E0,7.693125010E-1,4.542989394E0
2.132971100E0,2.010524988E0,3.977874994E0,6.371750236E-1,4.502409600E0
2.135466485E0,1.967900038E0,3.940612555E0,5.061374903E-1,4.433647823E0
2.137961946E0,1.922112465E0,3.873512506E0,3.730374873E-1,4.340250273E0
2.140457333E0,1.872062445E0,3.774374962E0,2.399374992E-1,4.219963762E0
2.142952641E0,1.820912480E0,3.658324957E0,1.098624989E-1,4.087925332E0
2.145448008E0,1.767699957E0,3.512300014E0,-1.361249946E-2,3.932073223E0
2.147943470E0,1.710224986E0,3.334374905E0,-1.318625063E-1,3.749708419E0
2.150438856E0,1.648350000E0,3.119187593E0,-2.395250052E-1,3.536065779E0
2.152934241E0,1.579187512E0,2.870037556E0,-3.364624977E-1,3.293046581E0
2.155429626E0,1.509887457E0,2.592974901E0,-4.226749837E-1,3.030170476E0
2.157925010E0,1.435362458E0,2.306425095E0,-4.993999898E-1,2.762111955E0
2.160420318E0,1.350112438E0,2.030600071E0,-5.611374974E-1,2.502202137E0
2.162915777E0,1.250975013E0,1.777050018E0,-6.080250144E-1,2.256665608E0
2.165411164E0,1.133824944E0,1.537387490E0,-6.335999966E-1,2.012602359E0
2.167906549E0,9.975624681E-1,1.329625010E0,-6.443250179E-1,1.782747395E0
2.170401928E0,8.409500122E-1,1.145375013E0,-6.367624998E-1,1.557095798E0
2.172897313E0,6.650875211E-1,9.728124738E-1,-6.091250181E-1,1.326551472E0
2.175392698E0,4.776749909E-1,8.256874681E-1,-5.718625188E-1,1.112187004E0
2.177888082E0,2.795374990E-1,6.946499944E-1,-5.238749981E-1,9.138516519E-1
2.180383466E0,8.249999583E-2,5.817624927E-1,-4.738250077E-1,7.548271226E-1
2.182878850E0,-1.050499976E-1,4.859249890E-1,-4.258374870E-1,6.545961826E-1
2.185374234E0,-2.829749882E-1,4.081000090E-1,-3.800500035E-1,6.253466770E-1
2.187869619E0,-4.459125102E-1,3.452624977E-1,-3.374249935E-1,6.571908286E-1
2.190365004E0,-5.865749717E-1,2.952125072E-1,-3.012624979E-1,7.224816361E-1
2.192860619E0,-7.026249766E-1,2.601499856E-1,-2.725250125E-1,7.972639182E-1
2.195355779E0,-7.984625101E-1,2.398000062E-1,-2.523125112E-1,8.710384758E-1
2.197851162E0,-8.773875237E-1,2.345750034E-1,-2.352624983E-1,9.381805487E-1
2.200346547E0,-9.380249977E-1,2.483250052E-1,-2.234375030E-1,9.957311496E-1
2.202841931E0,-9.880750179E-1,2.877874970E-1,-2.128500044E-1,1.050913416E0
2.205337316E0,-1.025475025E0,3.474625051E-1,-2.043250054E-1,1.101852044E0
2.207832701E0,-1.049950004E0,4.284499884E-1,-1.979999989E-1,1.151159590E0
2.210328085E0,-1.064800024E0,5.274500251E-1,-1.861750036E-1,1.202773359E0
2.212823470E0,-1.070162535E0,6.393749714E-1,-1.724250019E-1,1.258482652E0
2.215318855E0,-1.063837528E0,7.511624694E-1,-1.520749927E-1,1.311152983E0
2.217814240E0,-1.047749996E0,8.651499748E-1,-1.318625063E-1,1.365156494E0
2.220309616E0,-1.024374962E0,9.802374840E-1,-1.095874980E-1,1.422047470E0
2.222805001E0,-9.956374764E-1,1.094225049E0,-8.497499675E-2,1.481837775E0
2.225300386E0,-9.626374841E-1,1.197487473E0,-6.159999967E-2,1.537674132E0
2.227795771E0,-9.220749736E-1,1.294425011E0,-3.712499887E-2,1.589697025E0
2.230291155E0,-8.773875237E-1,1.383937478E0,-1.361249946E-2,1.638681516E0
2.232786553E0,-8.251374960E-1,1.464925051E0,9.762499481E-3,1.681354394E0
2.235281937E0,-7.719249725E-1,1.539450049E0,3.533750027E-2,1.722504966E0
2.237777321E0,-7.185750008E-1,1.605450034E0,5.981250107E-2,1.759942436E0
2.240272706E0,-6.610999703E-1,1.659899950E0,8.758749813E-2,1.788852309E0
2.242768091E0,-6.025249958E-1,1.704587460E0,1.120624989E-1,1.811411820E0
2.245263471E0,-5.471125245E-1,1.730162501E0,1.387374997E-1,1.819901780E0
2.247758856E0,-4.959625006E-1,1.736487508E0,1.685750037E-1,1.813776502E0
2.250254470E0,-4.481124878E-1,1.717375040E0,1.993750036E-1,1.786038136E0
2.252749626E0,-4.086500108E-1,1.677912474E0,2.271499932E-1,1.741833006E0
2.255245239E0,-3.691875041E-1,1.615074992E0,2.505249977E-1,1.675568387E0
2.257740381E0,-3.330250084E-1,1.537387490E0,2.718375027E-1,1.596358850E0
2.260235764E0,-2.978250086E-1,1.454200029E0,2.857249975E-1,1.511633631E0
2.262731148E0,-2.627624869E-1,1.366887450E0,2.942500114E-1,1.422676525E0
2.265226764E0,-2.307250053E-1,1.280674934E0,3.005749881E-1,1.335555180E0
2.267721920E0,-2.019875050E-1,1.194324970E0,2.963125110E-1,1.247001279E0
2.270217523E0,-1.764124930E-1,1.098487496E0,2.909500003E-1,1.149977413E0
2.272712910E0,-1.551000029E-1,1.016399980E0,2.803624868E-1,1.065705425E0
2.275208063E0,-1.391499937E-1,9.344499707E-1,2.655124962E-1,9.813543469E-1
2.277703446E0,-1.220999956E-1,8.588249683E-1,2.484624982E-1,9.023427000E-1
2.280198831E0,-1.113749966E-1,7.884249687E-1,2.271499932E-1,8.280189856E-1
2.282694446E0,-1.007874981E-1,7.266874909E-1,2.004749924E-1,7.605412887E-1
2.285189833E0,-9.432499856E-2,6.670125127E-1,1.728374958E-1,6.954679701E-1
2.287684986E0,-8.910000324E-2,6.030749679E-1,1.430000067E-1,6.261686908E-1
2.290180600E0,-8.579999954E-2,5.498625040E-1,1.120624989E-1,5.676869004E-1
2.292675756E0,-8.689999580E-2,4.933499992E-1,8.112499863E-2,5.074712764E-1
2.295171369E0,-9.006249905E-2,4.401375055E-1,4.922499880E-2,4.519462114E-1
2.297666525E0,-9.762500226E-2,3.921499848E-1,2.474999987E-2,4.048762949E-1
2.300162138E0,-1.113749966E-1,3.409999907E-1,-8.249999955E-4,3.587283989E-1
2.302657294E0,-1.231999993E-1,2.963125110E-1,-2.213750035E-2,3.216666177E-1
2.305152687E0,-1.402499974E-1,2.440624982E-1,-4.028749838E-2,2.843583080E-1
2.307648302E0,-1.572999954E-1,2.014375031E-1,-5.417500064E-2,2.612571280E-1
2.310143458E0,-1.764124930E-1,1.715999991E-1,-6.366249919E-2,2.542062965E-1
2.312639071E0,-1.988250017E-1,1.482249945E-1,-7.328750193E-2,2.585983145E-1
2.315134458E0,-2.222000062E-1,1.407999992E-1,-8.071249723E-2,2.751581178E-1
2.317629857E0,-2.457125038E-1,1.385999918E-1,-8.181250095E-2,2.937309612E-1
2.320125241E0,-2.712875009E-1,1.461624950E-1,-8.071249723E-2,3.185512365E-1
2.322620626E0,-2.989250124E-1,1.599124968E-1,-7.644999772E-2,3.475237716E-1
2.325115780E0,-3.276624978E-1,1.791625023E-1,-7.438749820E-2,3.807826343E-1
2.327611393E0,-3.585999906E-1,1.982749999E-1,-7.012499869E-2,4.157215947E-1
2.330106799E0,-3.851374984E-1,2.217874974E-1,-5.939999968E-2,4.483848198E-1
2.332602183E0,-4.086500108E-1,2.419999987E-1,-5.307500064E-2,4.778867925E-1
2.335097568E0,-4.299624860E-1,2.633124888E-1,-4.344999790E-2,5.060524760E-1
2.337592953E0,-4.481124878E-1,2.813250124E-1,-3.382499889E-2,5.301817565E-1
2.340088337E0,-4.640625119E-1,2.983750105E-1,-2.323750034E-2,5.521971055E-1
2.342583722E0,-4.789125025E-1,3.144625127E-1,-1.154999994E-2,5.730421097E-1
2.345079107E0,-4.927999973E-1,3.261500001E-1,1.237499993E-3,5.909544748E-1
2.347574491E0,-5.055875182E-1,3.357749879E-1,1.292499993E-2,6.070672423E-1
2.350069875E0,-5.161749721E-1,3.431999981E-1,2.474999987E-2,6.203510321E-1
2.352565259E0,-5.257999897E-1,3.506250083E-1,3.533750027E-2,6.329709824E-1
2.355060414E0,-5.365250111E-1,3.559874892E-1,4.812499881E-2,6.456796384E-1
2.357556028E0,-5.450500250E-1,3.623124957E-1,5.884999782E-2,6.571249474E-1
2.360051183E0,-5.493124723E-1,3.687750101E-1,6.943749636E-2,6.652524079E-1
2.362546797E0,-5.556374788E-1,3.782624900E-1,7.796250284E-2,6.766784104E-1
2.365042184E0,-5.587999821E-1,3.889875114E-1,9.391249716E-2,6.873050714E-1
2.367537568E0,-5.587999821E-1,4.017750025E-1,1.067000031E-1,6.964664121E-1
2.370032722E0,-5.598999858E-1,4.145624936E-1,1.183874980E-1,7.066580891E-1
2.372528335E0,-5.598999858E-1,4.284499884E-1,1.280124933E-1,7.165504763E-1
2.375023722E0,-5.567374825E-1,4.464625120E-1,1.430000067E-1,7.278285519E-1
2.377519117E0,-5.513749719E-1,4.688749909E-1,1.578499973E-1,7.407933169E-1
2.380014501E0,-5.450500250E-1,4.944500029E-1,1.748999953E-1,7.564062027E-1
2.382509886E0,-5.385875106E-1,5.220875144E-1,1.865874976E-1,7.729597490E-1
2.385005270E0,-5.300624967E-1,5.519250035E-1,1.993750036E-1,7.907830625E-1
2.387500669E0,-5.215374827E-1,5.732374787E-1,2.110625058E-1,8.032122598E-1
2.389996054E0,-5.130124688E-1,5.924875140E-1,2.217874974E-1,8.145016522E-1
2.392491438E0,-5.055875182E-1,5.967500210E-1,2.292124927E-1,8.150261916E-1
2.394986822E0,-5.002250075E-1,5.860249996E-1,2.334749997E-1,8.050844265E-1
2.397482206E0,-4.970625043E-1,5.658124685E-1,2.292124927E-1,7.872440851E-1
2.399977595E0,-4.981625080E-1,5.317124724E-1,2.238499969E-1,7.622288756E-1
2.402472980E0,-4.981625080E-1,4.859249890E-1,2.153249979E-1,7.284599056E-1
2.404968365E0,-5.013250113E-1,4.305124879E-1,2.036374956E-1,6.914737875E-1
2.407463750E0,-5.066875219E-1,3.634124994E-1,1.887875050E-1,6.514918355E-1
2.409959135E0,-5.172749758E-1,2.877874970E-1,1.663749963E-1,6.148785924E-1
2.412454515E0,-5.289624929E-1,2.047374994E-1,1.493249983E-1,5.865293835E-1
2.414949900E0,-5.450500250E-1,1.141249985E-1,1.280124933E-1,5.713941227E-1
2.417445285E0,-5.598999858E-1,2.461249940E-2,1.046374962E-1,5.701252273E-1
2.419940669E0,-5.801125169E-1,-6.476250291E-2,8.538749814E-2,5.899285879E-1
2.422436053E0,-5.982624888E-1,-1.468500048E-1,6.407500058E-2,6.193452471E-1
2.424931418E0,-6.184750199E-1,-2.139499933E-1,4.812499881E-2,6.562026862E-1
2.427426802E0,-6.377249956E-1,-2.662000060E-1,3.423750028E-2,6.919015968E-1
2.429922187E0,-6.547750235E-1,-3.034625053E-1,2.791249938E-2,7.222180634E-1
2.432417572E0,-6.675624847E-1,-3.247750103E-1,2.474999987E-2,7.427859994E-1
2.434912957E0,-6.813125014E-1,-3.321999907E-1,2.364999987E-2,7.583553791E-1
2.437408367E0,-6.898375154E-1,-3.258749843E-1,2.791249938E-2,7.634457483E-1
2.439903752E0,-6.941000223E-1,-3.097875118E-1,3.643750027E-2,7.609670393E-1
2.442399137E0,-6.972625256E-1,-2.884750068E-1,4.812499881E-2,7.561143264E-1
2.444894521E0,-6.941000223E-1,-2.597374916E-1,5.981250107E-2,7.435159318E-1
2.447389919E0,-6.909375191E-1,-2.256374955E-1,7.686249912E-2,7.308999784E-1
2.449885303E0,-6.813125014E-1,-1.872749925E-1,9.075000137E-2,7.123862788E-1
2.452380687E0,-6.707249880E-1,-1.436875015E-1,1.088999957E-1,6.945338845E-1
2.454876072E0,-6.579374671E-1,-9.569999576E-2,1.269125044E-1,6.768655580E-1
2.457371457E0,-6.429499984E-1,-4.564999789E-2,1.430000067E-1,6.602405809E-1
2.459866823E0,-6.269999743E-1,9.762499481E-3,1.610125005E-1,6.474174074E-1
2.462362208E0,-6.099500060E-1,6.723749638E-2,1.780624986E-1,6.389570754E-1
2.464857668E0,-5.928999782E-1,1.258125007E-1,1.962125003E-1,6.370702589E-1
2.467353055E0,-5.726875067E-1,1.929125041E-1,2.089999914E-1,6.394272523E-1
2.469848440E0,-5.545374751E-1,2.579500079E-1,2.217874974E-1,6.505687603E-1
2.472343752E0,-5.332249999E-1,3.218874931E-1,2.345750034E-1,6.655568278E-1
2.474839212E0,-5.141124725E-1,3.825249970E-1,2.494249940E-1,6.876407749E-1
2.477334521E0,-4.948624969E-1,4.444000125E-1,2.612499893E-1,7.145850676E-1
2.479829904E0,-4.746499956E-1,5.061374903E-1,2.686749995E-1,7.440793188E-1
2.482325289E0,-4.533374906E-1,5.626500249E-1,2.792625129E-1,7.746466820E-1
2.484820668E0,-4.331249893E-1,6.180624962E-1,2.868250012E-1,8.073828626E-1
2.487316053E0,-4.118124843E-1,6.712750196E-1,2.985124886E-1,8.422050701E-1
2.489811438E0,-3.905000091E-1,7.235249877E-1,3.070375025E-1,8.776392726E-1
2.492306823E0,-3.702875078E-1,7.671124935E-1,3.144625127E-1,9.079983965E-1
2.494802208E0,-3.511750102E-1,8.054749966E-1,3.218874931E-1,9.358020176E-1
2.497297578E0,-3.308250010E-1,8.364124894E-1,3.283500075E-1,9.575201101E-1
2.499792963E0,-3.137750030E-1,8.555250168E-1,3.357749879E-1,9.711450197E-1
2.502288348E0,-2.967250049E-1,8.597875237E-1,3.400374949E-1,9.710333735E-1
2.504783732E0,-2.818749845E-1,8.534625173E-1,3.420999944E-1,9.617089900E-1
2.507279116E0,-2.679874897E-1,8.321499825E-1,3.443000019E-1,9.395921345E-1
2.509774481E0,-2.563000023E-1,7.937874794E-1,3.431999981E-1,9.019836431E-1
2.512269865E0,-2.488749921E-1,7.383750081E-1,3.443000019E-1,8.518678921E-1
2.514765250E0,-2.457125038E-1,6.649500132E-1,3.420999944E-1,7.871248698E-1
2.517260635E0,-2.446125001E-1,5.774999857E-1,3.389374912E-1,7.128955966E-1
2.519756020E0,-2.499749959E-1,4.763000011E-1,3.400374949E-1,6.363762154E-1
2.522251400E0,-2.574000061E-1,3.665750027E-1,3.368749917E-1,5.604611991E-1
2.524746785E0,-2.690874934E-1,2.473624945E-1,3.315125108E-1,4.934539772E-1
2.527242245E0,-2.850374877E-1,1.248499975E-1,3.207874894E-1,4.469211392E-1
2.529737555E0,-3.042874932E-1,4.399999976E-3,3.059374988E-1,4.315182403E-1
2.532233014E0,-3.255999982E-1,-1.181124970E-1,2.877874970E-1,4.503194025E-1
2.534728401E0,-3.500750065E-1,-2.320999950E-1,2.655124962E-1,4.969102570E-1
2.537223708E0,-3.756499887E-1,-3.396250010E-1,2.377374917E-1,5.594436256E-1
2.539719091E0,-3.979249895E-1,-4.439874887E-1,2.089999914E-1,6.317833361E-1
2.542214476E0,-4.203374982E-1,-5.346000195E-1,1.791625023E-1,7.032638164E-1
2.544709860E0,-4.405499995E-1,-6.144874692E-1,1.472624987E-1,7.703021455E-1
2.547205255E0,-4.587000012E-1,-6.826875210E-1,1.194875017E-1,8.311108262E-1
2.549700639E0,-4.746499956E-1,-7.401624918E-1,9.184999764E-2,8.840642254E-1
2.552196024E0,-4.842749834E-1,-7.827875018E-1,6.407500058E-2,9.227047947E-1
2.554691409E0,-4.885374904E-1,-8.051999807E-1,4.179999977E-2,9.427423447E-1
2.557186794E0,-4.885374904E-1,-8.148249984E-1,2.364999987E-2,9.503515034E-1
2.559682193E0,-4.831750095E-1,-8.029999733E-1,8.662499487E-3,9.371990641E-1
2.562177578E0,-4.714874923E-1,-7.710999846E-1,-1.924999990E-3,9.038248433E-1
2.564672963E0,-4.555374980E-1,-7.221499681E-1,-8.387500420E-3,8.538649417E-1
2.567168348E0,-4.362874925E-1,-6.539499760E-1,-1.154999994E-2,7.862129163E-1
2.569663732E0,-4.118124843E-1,-5.687000155E-1,-7.287499961E-3,7.021839770E-1
2.572159107E0,-3.841750026E-1,-4.675000012E-1,-3.024999984E-3,6.051081179E-1
2.574654491E0,-3.500750065E-1,-3.535124958E-1,4.399999976E-3,4.975368879E-1
2.577149875E0,-3.170749843E-1,-2.363625020E-1,1.512499992E-2,3.957682954E-1
2.579645337E0,-2.787125111E-1,-1.170125008E-1,3.217500076E-2,3.039865455E-1
2.582140647E0,-2.392500043E-1,2.337499987E-3,4.922499880E-2,2.442726529E-1
2.584636024E0,-1.997874975E-1,1.120624989E-1,6.943749636E-2,2.393629331E-1
2.587131486E0,-1.625249982E-1,2.132624984E-1,9.075000137E-2,2.830738967E-1
2.589626872E0,-1.252624989E-1,3.016749918E-1,1.067000031E-1,3.436326309E-1
2.592122257E0,-9.116250277E-2,3.761999905E-1,1.269125044E-1,4.073620239E-1
2.594617565E0,-5.609999970E-2,4.347749949E-1,1.450625062E-1,4.617571189E-1
2.597112942E0,-2.626249939E-2,4.742375016E-1,1.600500047E-1,5.012054777E-1
2.599608404E0,4.124999978E-4,4.987125099E-1,1.748999953E-1,5.284925222E-1
2.602103714E0,2.598750032E-2,5.050374866E-1,1.876875013E-1,5.394115415E-1
2.604599096E0,4.509999976E-2,4.912874997E-1,1.982749999E-1,5.317051748E-1
2.607094481E0,6.118749827E-2,4.614500105E-1,2.089999914E-1,5.102558364E-1
2.609589870E0,7.287500054E-2,4.208875000E-1,2.164250016E-1,4.788494907E-1
2.612085255E0,8.139999956E-2,3.656125069E-1,2.206874937E-1,4.347429528E-1
2.614580640E0,8.566249907E-2,3.005749881E-1,2.228875011E-1,3.838778782E-1
2.617076025E0,8.346249908E-2,2.260500044E-1,2.249500006E-1,3.296469263E-1
2.619571486E0,8.139999956E-2,1.524875015E-1,2.217874974E-1,2.811904907E-1
2.622066801E0,7.397499681E-2,7.576250285E-2,2.153249979E-1,2.399523113E-1
2.624562260E0,6.435000151E-2,2.337499987E-3,2.079000026E-1,2.176437403E-1
2.627057570E0,5.362499878E-2,-5.953750014E-2,2.004749924E-1,2.158948285E-1
2.629552952E0,4.193750024E-2,-1.084875017E-1,1.930499971E-1,2.253809960E-1
2.632048316E0,2.598750032E-2,-1.436875015E-1,1.823250055E-1,2.335890749E-1
2.634543778E0,1.319999993E-2,-1.607374996E-1,1.728374958E-1,2.363970891E-1
2.637039087E0,-2.749999985E-3,-1.627999991E-1,1.643124968E-1,2.313222834E-1
2.639534470E0,-1.869999990E-2,-1.522125006E-1,1.589500010E-1,2.208697312E-1
2.642029854E0,-3.052499890E-2,-1.308999956E-1,1.524875015E-1,2.032708108E-1
2.644525307E0,-4.221250117E-2,-1.021625027E-1,1.472624987E-1,1.841339614E-1
2.647020617E0,-4.963750020E-2,-6.806249917E-2,1.430000067E-1,1.659680304E-1
2.649515999E0,-5.706249923E-2,-3.079999983E-2,1.419000030E-1,1.560140367E-1
2.652011461E0,-6.036249921E-2,6.599999964E-3,1.396999955E-1,1.523262291E-1
2.654506771E0,-6.132499874E-2,4.276249930E-2,1.396999955E-1,1.584470750E-1
2.657002182E0,-6.242499873E-2,7.039999962E-2,1.376374960E-1,1.667246854E-1
2.659497567E0,-6.036249921E-2,9.281250089E-2,1.354375035E-1,1.749317266E-1
2.661992951E0,-6.036249921E-2,1.035374999E-1,1.365374923E-1,1.816758982E-1
2.664488336E0,-5.926249921E-2,1.035374999E-1,1.365374923E-1,1.813133875E-1
2.666983721E0,-5.926249921E-2,8.744999766E-2,1.311749965E-1,1.684233523E-1
2.669479106E0,-5.926249921E-2,5.775000155E-2,1.237500012E-1,1.488662799E-1
2.671974491E0,-6.132499874E-2,1.292499993E-2,1.163249984E-1,1.321337064E-1
2.674469951E0,-6.984999776E-2,-4.675000161E-2,1.055999994E-1,1.349664577E-1
2.676965261E0,-7.947500050E-2,-1.159124970E-1,9.501250088E-2,1.696447995E-1
2.679460644E0,-9.006249905E-2,-1.937374920E-1,8.016250283E-2,2.281917974E-1
2.681956105E0,-1.039500013E-1,-2.747249901E-1,5.775000155E-2,2.993567865E-1
2.684451415E0,-1.241625026E-1,-3.641000092E-1,3.959999979E-2,3.867212222E-1
2.686946798E0,-1.434125006E-1,-4.600749910E-1,1.402499992E-2,4.821128948E-1
2.689442182E0,-1.647250056E-1,-5.601750016E-1,-1.251249947E-2,5.840264742E-1
2.691937648E0,-1.880999953E-1,-6.624749899E-1,-4.138749838E-2,6.899040843E-1
2.694432958E0,-2.147749960E-1,-7.679374814E-1,-7.122500241E-2,8.005805863E-1
2.696928340E0,-2.424124926E-1,-8.733999729E-1,-1.010624990E-1,9.120334193E-1
2.699423802E0,-2.722499967E-1,-9.840874672E-1,-1.307625026E-1,1.029391585E0
2.701919111E0,-3.042874932E-1,-1.101374984E0,-1.563374996E-1,1.153281903E0
2.704414591E0,-3.404499888E-1,-1.221687436E0,-1.809500009E-1,1.281081297E0
2.706909901E0,-3.745499849E-1,-1.346400023E0,-2.011625022E-1,1.411930262E0
2.709405360E0,-4.118124843E-1,-1.472074986E0,-2.191749960E-1,1.544225361E0
2.711900670E0,-4.481124878E-1,-1.594587445E0,-2.362249941E-1,1.673115707E0
2.714396052E0,-4.874374866E-1,-1.713799953E0,-2.501125038E-1,1.799239242E0
2.716891427E0,-5.300624967E-1,-1.828887463E0,-2.660624981E-1,1.922650476E0
2.719386812E0,-5.726875067E-1,-1.938612461E0,-2.831124961E-1,2.041161909E0
2.721882196E0,-6.173750162E-1,-2.044075012E0,-2.991999984E-1,2.156134320E0
2.724377581E0,-6.610999703E-1,-2.137850046E0,-3.151499927E-1,2.259817583E0
2.726873043E0,-7.057874799E-1,-2.221999884E0,-3.353624940E-1,2.355395392E0
2.729368366E0,-7.484124899E-1,-2.296525002E0,-3.577750027E-1,2.441751685E0
2.731863826E0,-7.932375073E-1,-2.359362602E0,-3.768875003E-1,2.517511037E0
2.734359135E0,-8.347625136E-1,-2.409412384E0,-4.003999829E-1,2.581165752E0
2.736854595E0,-8.751875162E-1,-2.446812391E0,-4.215750098E-1,2.632597492E0
2.739349905E0,-9.200124741E-1,-2.472249985E0,-4.428874850E-1,2.674806958E0
2.741845278E0,-9.615374804E-1,-2.487237453E0,-4.621374905E-1,2.706376828E0
2.744340663E0,-1.000862479E0,-2.490400076E0,-4.802874923E-1,2.726626912E0
2.746836048E0,-1.037162542E0,-2.480774879E0,-4.982999861E-1,2.734639468E0
2.749331509E0,-1.073325038E0,-2.464824915E0,-5.143874884E-1,2.737148696E0
2.751826896E0,-1.102062464E0,-2.434025049E0,-5.260750055E-1,2.723191974E0
2.754322179E0,-1.129837513E0,-2.397725105E0,-5.420249701E-1,2.705440732E0
2.756817562E0,-1.154312491E0,-2.350837469E0,-5.516499877E-1,2.676413989E0
2.759313024E0,-1.176725030E0,-2.294462442E0,-5.622375011E-1,2.639195086E0
2.761808333E0,-1.191575050E0,-2.230525017E0,-5.687000155E-1,2.592009386E0
2.764303716E0,-1.205462456E0,-2.159162521E0,-5.739250183E-1,2.538604430E0
2.766799186E0,-1.213987470E0,-2.084500074E0,-5.792874694E-1,2.480822466E0
2.769294496E0,-1.219349980E0,-2.007912397E0,-5.814874768E-1,2.420052532E0
2.771789879E0,-1.221412539E0,-1.938612461E0,-5.824499726E-1,2.364173182E0
2.774285263E0,-1.221412539E0,-1.874675035E0,-5.824499726E-1,2.312034397E0
2.776780648E0,-1.219349980E0,-1.820362449E0,-5.814874768E-1,2.266861598E0
2.779276019E0,-1.213987470E0,-1.762887478E0,-5.814874768E-1,2.218031903E0
2.781771403E0,-1.207525015E0,-1.705274940E0,-5.792874694E-1,2.168329600E0
2.784266788E0,-1.196937442E0,-1.646700025E0,-5.781875253E-1,2.116265821E0
2.786762173E0,-1.186212540E0,-1.588124990E0,-5.772249699E-1,2.064565291E0
2.789257558E0,-1.172462463E0,-1.525287509E0,-5.781875253E-1,2.008848184E0
2.791753052E0,-1.160774946E0,-1.460250020E0,-5.739250183E-1,1.951696319E0
2.794248438E0,-1.146887541E0,-1.395349979E0,-5.696625113E-1,1.893902842E0
2.796743746E0,-1.134099960E0,-1.329349995E0,-5.633375049E-1,1.835947514E0
2.799239206E0,-1.119112492E0,-1.268574953E0,-5.622375011E-1,1.782640230E0
2.801734515E0,-1.103162527E0,-1.210000038E0,-5.590749979E-1,1.730211694E0
2.804229985E0,-1.089275002E0,-1.156649947E0,-5.548124909E-1,1.682907018E0
2.806725371E0,-1.077587485E0,-1.104537487E0,-5.505499840E-1,1.638384306E0
2.809220756E0,-1.067000031E0,-1.057649970E0,-5.473874807E-1,1.598982670E0
2.811716064E0,-1.058475018E0,-1.015025020E0,-5.431249738E-1,1.563850981E0
2.814211446E0,-1.051049948E0,-9.777625203E-1,-5.398250222E-1,1.533667693E0
2.816706845E0,-1.048849940E0,-9.425625205E-1,-5.355625153E-1,1.508422192E0
2.819202230E0,-1.047749996E0,-9.095624685E-1,-5.303375125E-1,1.485375985E0
2.821697614E0,-1.049950004E0,-8.711999655E-1,-5.238749981E-1,1.461447708E0
2.824192999E0,-1.054212451E0,-8.276125193E-1,-5.175499916E-1,1.436720003E0
2.826688383E0,-1.057374954E0,-7.785249949E-1,-5.110874772E-1,1.409025681E0
2.829183773E0,-1.058475018E0,-7.284749746E-1,-5.036625266E-1,1.380116333E0
2.831679158E0,-1.056275010E0,-6.795250177E-1,-4.951374829E-1,1.350048989E0
2.834174543E0,-1.054212451E0,-6.337375045E-1,-4.866124988E-1,1.322792062E0
2.836669928E0,-1.048849940E0,-5.920749903E-1,-4.802874923E-1,1.296655338E0
2.839165318E0,-1.040325046E0,-5.559124947E-1,-4.738250077E-1,1.271151069E0
2.841660703E0,-1.029737473E0,-5.175499916E-1,-4.675000012E-1,1.243693494E0
2.844156163E0,-1.017912507E0,-4.813874960E-1,-4.567750096E-1,1.215122711E0
2.846651549E0,-1.006224990E0,-4.450874925E-1,-4.493499994E-1,1.188489389E0
2.849146857E0,-9.902749658E-1,-4.089249969E-1,-4.397250116E-1,1.158111500E0
2.851642240E0,-9.785875082E-1,-3.641000092E-1,-4.269374907E-1,1.128041643E0
2.854137701E0,-9.668999910E-1,-3.173500001E-1,-4.163500071E-1,1.099524417E0
2.856633011E0,-9.508125186E-1,-2.639999986E-1,-4.067249894E-1,1.067317039E0
2.859128394E0,-9.391250014E-1,-2.076250017E-1,-3.971000016E-1,1.040553853E0
2.861623778E0,-9.242749810E-1,-1.457500011E-1,-3.896749914E-1,1.013594545E0
2.864119172E0,-9.103875160E-1,-7.755000144E-2,-3.811500072E-1,9.899973536E-1
2.866614556E0,-8.953999877E-1,-4.124999978E-3,-3.757874966E-1,9.710686877E-1
2.869109941E0,-8.826124668E-1,6.833750010E-2,-3.715249896E-1,9.600549976E-1
2.871605326E0,-8.731250167E-1,1.428624988E-1,-3.683624864E-1,9.583568801E-1
2.874100711E0,-8.634999990E-1,2.195875049E-1,-3.662999868E-1,9.633413730E-1
2.876596101E0,-8.571749926E-1,2.974124849E-1,-3.620375097E-1,9.768696497E-1
2.879091486E0,-8.518124819E-1,3.730374873E-1,-3.566749990E-1,9.959711472E-1
2.881586946E0,-8.486499786E-1,4.444000125E-1,-3.524124920E-1,1.020731464E0
2.884082256E0,-8.453499675E-1,5.103999972E-1,-3.459500074E-1,1.046329839E0
2.886577633E0,-8.421875238E-1,5.647125244E-1,-3.353624940E-1,1.068011265E0
2.889073018E0,-8.401250243E-1,6.095374823E-1,-3.257375062E-1,1.087865305E0
2.891568403E0,-8.368250132E-1,6.436374784E-1,-3.151499927E-1,1.101755338E0
2.894063787E0,-8.358625174E-1,6.701750159E-1,-3.077250123E-1,1.114672770E0
2.896559172E0,-8.347625136E-1,6.903874874E-1,-2.980999947E-1,1.123533241E0
2.899054614E0,-8.358625174E-1,7.064750195E-1,-2.906749845E-1,1.132371427E0
2.901549924E0,-8.368250132E-1,7.192624807E-1,-2.831124961E-1,1.139195903E0
2.904045307E0,-8.358625174E-1,7.309499979E-1,-2.767874897E-1,1.144362426E0
2.906540691E0,-8.347625136E-1,7.363125086E-1,-2.736249864E-1,1.146235228E0
2.909036076E0,-8.336625099E-1,7.383750081E-1,-2.693625093E-1,1.145751716E0
2.911531456E0,-8.336625099E-1,7.426375151E-1,-2.628999949E-1,1.147004824E0
2.914026840E0,-8.305000067E-1,7.490999699E-1,-2.597374916E-1,1.148191879E0
2.916522225E0,-8.273375034E-1,7.585874796E-1,-2.565749884E-1,1.151422179E0
2.919017610E0,-8.219749928E-1,7.724750042E-1,-2.512125075E-1,1.155624612E0
2.921512995E0,-8.155124784E-1,7.863624692E-1,-2.490125000E-1,1.159928343E0
2.924008366E0,-8.112499714E-1,8.023124933E-1,-2.404875010E-1,1.166047208E0
2.926503826E0,-8.069875240E-1,8.193625212E-1,-2.341624945E-1,1.173633622E0
2.928999136E0,-7.984625101E-1,8.384749889E-1,-2.276999950E-1,1.180012701E0
2.931494519E0,-7.878749967E-1,8.512625098E-1,-2.224749923E-1,1.181054611E0
2.933989903E0,-7.750874758E-1,8.597875237E-1,-2.149125040E-1,1.177362546E0
2.936485312E0,-7.602375150E-1,8.640499711E-1,-2.085874975E-1,1.169637626E0
2.938980696E0,-7.431874871E-1,8.640499711E-1,-2.032250017E-1,1.157674563E0
2.941476158E0,-7.239375114E-1,8.640499711E-1,-2.011625022E-1,1.145047696E0
2.943971468E0,-7.037249804E-1,8.673499823E-1,-1.979999989E-1,1.134340707E0
2.946466850E0,-6.844750047E-1,8.736749887E-1,-1.979999989E-1,1.127394349E0
2.948962244E0,-6.664624810E-1,8.822000027E-1,-1.979999989E-1,1.123233316E0
2.951457629E0,-6.451500058E-1,8.992499709E-1,-1.989624947E-1,1.124479931E0
2.953953013E0,-6.249374747E-1,9.205625057E-1,-2.011625022E-1,1.130684981E0
2.956448398E0,-6.078875065E-1,9.461374879E-1,-1.989624947E-1,1.142054920E0
2.958943774E0,-5.928999782E-1,9.695125222E-1,-2.000624985E-1,1.153910706E0
2.961439159E0,-5.790125132E-1,9.950875044E-1,-1.958000064E-1,1.167815171E0
2.963934544E0,-5.652624965E-1,1.016399980E0,-1.937374920E-1,1.179035548E0
2.966429929E0,-5.535749793E-1,1.034549952E0,-1.872749925E-1,1.188196441E0
2.968925314E0,-5.471125245E-1,1.048437476E0,-1.841125041E-1,1.196850312E0
2.971420712E0,-5.385875106E-1,1.060124993E0,-1.787499934E-1,1.202452938E0
2.973916096E0,-5.322625041E-1,1.067549944E0,-1.713249981E-1,1.205121783E0
2.976411480E0,-5.300624967E-1,1.071812510E0,-1.681624949E-1,1.207487860E0
2.978906864E0,-5.257999897E-1,1.069749951E0,-1.616999954E-1,1.202903768E0
2.981402249E0,-5.257999897E-1,1.060124993E0,-1.553750038E-1,1.193512473E0
2.983897615E0,-5.246999860E-1,1.040874958E0,-1.500124931E-1,1.175259334E0
2.986393000E0,-5.257999897E-1,1.013237476E0,-1.435499936E-1,1.150531361E0
2.988888385E0,-5.322625041E-1,9.728124738E-1,-1.403875053E-1,1.117754953E0
2.991383770E0,-5.385875106E-1,9.205625057E-1,-1.361249983E-1,1.075193866E0
2.993879155E0,-5.502749681E-1,8.651499748E-1,-1.340624988E-1,1.034050179E0
2.996374525E0,-5.630624890E-1,8.065750003E-1,-1.318625063E-1,9.924667844E-1
2.998869909E0,-5.758500099E-1,7.490999699E-1,-1.297999918E-1,9.537305891E-1
3.001365293E0,-5.897374749E-1,6.872249842E-1,-1.307625026E-1,9.149684695E-1
3.003860677E0,-6.067875028E-1,6.286500096E-1,-1.361249983E-1,8.842634920E-1
3.006356061E0,-6.249374747E-1,5.689749718E-1,-1.350249946E-1,8.558686319E-1
3.008851446E0,-6.408874989E-1,5.126000047E-1,-1.392875016E-1,8.324040840E-1
3.011346831E0,-6.579374671E-1,4.560874999E-1,-1.425874978E-1,8.131597092E-1
3.013842216E0,-6.760874987E-1,3.986124992E-1,-1.468500048E-1,7.984680046E-1
3.016337601E0,-6.920375228E-1,3.420999944E-1,-1.531749964E-1,7.870266315E-1
3.018832986E0,-7.048249841E-1,2.909500003E-1,-1.596374959E-1,7.790470403E-1
3.021328382E0,-7.165125012E-1,2.408999950E-1,-1.627999991E-1,7.732572740E-1
3.023823767E0,-7.282000184E-1,1.929125041E-1,-1.691250056E-1,7.720710904E-1
3.026319151E0,-7.389249802E-1,1.428624988E-1,-1.776500046E-1,7.732912414E-1
3.028814535E0,-7.474499941E-1,9.501250088E-2,-1.830125004E-1,7.753724552E-1
3.031309919E0,-7.569375038E-1,4.496249929E-2,-1.894749999E-1,7.815860711E-1
3.033805307E0,-7.654625177E-1,-6.187499966E-3,-1.968999952E-1,7.904054398E-1
3.036300692E0,-7.708249688E-1,-5.623750016E-2,-2.043250054E-1,7.994263548E-1
3.038795847E0,-7.739874721E-1,-1.042250022E-1,-2.149125040E-1,8.100042237E-1
3.041291461E0,-7.761874795E-1,-1.500124931E-1,-2.256374955E-1,8.221210561E-1
3.043786848E0,-7.793499827E-1,-1.926375031E-1,-2.319625020E-1,8.356447843E-1
3.046281992E0,-7.782499790E-1,-2.331999987E-1,-2.415875047E-1,8.475964793E-1
3.048777606E0,-7.772874832E-1,-2.682625055E-1,-2.512125075E-1,8.597955148E-1
3.051272992E0,-7.750874758E-1,-3.045625091E-1,-2.608374953E-1,8.726712531E-1
3.053768377E0,-7.708249688E-1,-3.386625051E-1,-2.671625018E-1,8.833115120E-1
3.056263762E0,-7.654625177E-1,-3.683624864E-1,-2.736249864E-1,8.924653610E-1
3.058759146E0,-7.591375113E-1,-3.929750025E-1,-2.778874934E-1,8.988551455E-1
3.061254531E0,-7.506124973E-1,-4.131875038E-1,-2.821500003E-1,9.020818461E-1
3.063749685E0,-7.398874760E-1,-4.291374981E-1,-2.853125036E-1,9.016627386E-1
3.066245298E0,-7.250375152E-1,-4.430249929E-1,-2.864125073E-1,8.966508056E-1
3.068740685E0,-7.100499868E-1,-4.558124840E-1,-2.895750105E-1,8.920704519E-1
3.071236078E0,-6.920375228E-1,-4.675000012E-1,-2.916375101E-1,8.846042173E-1
3.073731463E0,-6.707249880E-1,-4.728625119E-1,-2.958999872E-1,8.723690544E-1
3.076226848E0,-6.494125128E-1,-4.802874923E-1,-2.969999909E-1,8.605937959E-1
3.078722232E0,-6.258999705E-1,-4.834499955E-1,-2.980999947E-1,8.451853513E-1
3.081217386E0,-6.003249884E-1,-4.823499918E-1,-2.949374914E-1,8.246452147E-1
3.083712999E0,-5.748875141E-1,-4.834499955E-1,-2.938374877E-1,8.065730105E-1
3.086208155E0,-5.471125245E-1,-4.834499955E-1,-2.895750105E-1,7.854359932E-1
3.088703769E0,-5.152124763E-1,-4.866124988E-1,-2.842124999E-1,7.635524636E-1
3.091199155E0,-4.831750095E-1,-4.899125099E-1,-2.799499929E-1,7.428622724E-1
3.093694555E0,-4.490749836E-1,-4.919750094E-1,-2.756874859E-1,7.209100781E-1
3.096189940E0,-4.160749912E-1,-4.951374829E-1,-2.745875120E-1,7.026221083E-1
3.098685093E0,-3.799124956E-1,-4.993999898E-1,-2.714250088E-1,6.836705271E-1
3.101180707E0,-3.447124958E-1,-5.036625266E-1,-2.693625093E-1,6.671272794E-1
3.103675877E0,-3.074499965E-1,-5.047624707E-1,-2.682625055E-1,6.490573350E-1
3.106171490E0,-2.690874934E-1,-5.058624744E-1,-2.671625018E-1,6.322030722E-1
3.108666646E0,-2.318249941E-1,-5.005000234E-1,-2.660624981E-1,6.123988522E-1
3.111162029E0,-1.977249980E-1,-4.899125099E-1,-2.617999911E-1,5.896173993E-1
3.113657644E0,-1.615625024E-1,-4.749250114E-1,-2.575374842E-1,5.638987182E-1
3.116152819E0,-1.274625063E-1,-4.578749835E-1,-2.512125075E-1,5.375908435E-1
3.118648201E0,-9.542500228E-2,-4.398624897E-1,-2.404875010E-1,5.103128247E-1
3.121143817E0,-6.242499873E-2,-4.163500071E-1,-2.330625057E-1,4.812092481E-1
3.123638973E0,-2.942499891E-2,-3.929750025E-1,-2.213750035E-1,4.519978709E-1
3.126134355E0,-1.649999991E-3,-3.683624864E-1,-2.096875012E-1,4.238661251E-1
3.128629726E0,2.488750033E-2,-3.427875042E-1,-1.968999952E-1,3.960962873E-1
3.131125110E0,5.046249926E-2,-3.194124997E-1,-1.852124929E-1,3.726586593E-1
3.133620495E0,7.287500054E-2,-3.003000021E-1,-1.755875051E-1,3.554178230E-1
3.136116110E0,9.624999762E-2,-2.799499929E-1,-1.648624986E-1,3.388446606E-1
3.138611266E0,1.175625026E-1,-2.619374990E-1,-1.542750001E-1,3.259339980E-1
3.141106649E0,1.325500011E-1,-2.448875010E-1,-1.446499974E-1,3.137881653E-1
3.143602034E0,1.463000029E-1,-2.331999987E-1,-1.350249946E-1,3.066230250E-1
3.146097418E0,1.581249982E-1,-2.246749997E-1,-1.297999918E-1,3.038591918E-1
3.148592803E0,1.633500010E-1,-2.213750035E-1,-1.244374961E-1,3.019516607E-1
3.151088187E0,1.633500010E-1,-2.256374955E-1,-1.179749966E-1,3.025121519E-1
3.153583567E0,1.601874977E-1,-2.320999950E-1,-1.116499975E-1,3.033086943E-1
3.156078952E0,1.516624987E-1,-2.426874936E-1,-1.105500013E-1,3.067898887E-1
3.158574337E0,1.368124932E-1,-2.608374953E-1,-1.084875017E-1,3.138843661E-1
3.161069722E0,1.197625026E-1,-2.810499966E-1,-1.073874980E-1,3.238274731E-1
3.163565107E0,9.955000132E-2,-3.023625016E-1,-1.062875018E-1,3.356044073E-1
3.166060497E0,7.397499681E-2,-3.247750103E-1,-1.073874980E-1,3.499759738E-1
3.168555882E0,4.619999975E-2,-3.470500112E-1,-1.095874980E-1,3.668617859E-1
3.171051266E0,1.856249943E-2,-3.694624901E-1,-1.116499975E-1,3.864101706E-1
3.173546650E0,-1.237499993E-2,-3.896749914E-1,-1.148125008E-1,4.064254542E-1
3.176042034E0,-4.331250116E-2,-4.120875001E-1,-1.179749966E-1,4.308249996E-1
3.178537418E0,-7.411249727E-2,-4.280374944E-1,-1.255374998E-1,4.521818470E-1
3.181032803E0,-1.050499976E-1,-4.419249892E-1,-1.287000030E-1,4.721195705E-1
3.183528188E0,-1.317249984E-1,-4.536125064E-1,-1.318625063E-1,4.904115636E-1
3.186023573E0,-1.604624987E-1,-4.643374979E-1,-1.340624988E-1,5.092448125E-1
3.188518958E0,-1.827374995E-1,-4.728625119E-1,-1.372250021E-1,5.251882044E-1
3.191014343E0,-2.008875012E-1,-4.823499918E-1,-1.414874941E-1,5.413280094E-1
3.193509728E0,-2.158749998E-1,-4.908750057E-1,-1.446499974E-1,5.554132772E-1
3.196005113E0,-2.286625057E-1,-4.993999898E-1,-1.468500048E-1,5.685523857E-1
3.198500497E0,-2.381500006E-1,-5.121874809E-1,-1.489125043E-1,5.841458485E-1
3.200995881E0,-2.435124964E-1,-5.218124986E-1,-1.511124969E-1,5.953331893E-1
3.203491250E0,-2.499749959E-1,-5.325375199E-1,-1.563374996E-1,6.087077480E-1
3.205986634E0,-2.531374991E-1,-5.399624705E-1,-1.596374959E-1,6.173509481E-1
3.208482019E0,-2.531374991E-1,-5.431249738E-1,-1.596374959E-1,6.201189085E-1
3.210977404E0,-2.531374991E-1,-5.420249701E-1,-1.616999954E-1,6.196906891E-1
3.213472789E0,-2.488749921E-1,-5.346000195E-1,-1.648624986E-1,6.123035080E-1
3.215968159E0,-2.414499968E-1,-5.229125023E-1,-1.670625061E-1,5.997044830E-1
3.218463544E0,-2.371875048E-1,-5.026999712E-1,-1.670625061E-1,5.804093852E-1
3.220958929E0,-2.296250015E-1,-4.780874848E-1,-1.648624986E-1,5.554051926E-1
3.223454313E0,-2.201374918E-1,-4.472874999E-1,-1.627999991E-1,5.244334682E-1
3.225949697E0,-2.094125003E-1,-4.100250006E-1,-1.563374996E-1,4.862257810E-1
3.228445071E0,-1.997874975E-1,-3.748250008E-1,-1.531749964E-1,4.515212120E-1
3.230940455E0,-1.870000064E-1,-3.386625051E-1,-1.478125006E-1,4.141374532E-1
3.233435840E0,-1.732500046E-1,-3.045625091E-1,-1.414874941E-1,3.778790773E-1
3.235931225E0,-1.572999954E-1,-2.671625018E-1,-1.340624988E-1,3.377748429E-1
3.238426605E0,-1.434125006E-1,-2.352624983E-1,-1.244374961E-1,3.023247903E-1
3.240921990E0,-1.274625063E-1,-2.096875012E-1,-1.148125008E-1,2.709196357E-1
3.243417375E0,-1.093124971E-1,-1.830125004E-1,-1.020250022E-1,2.363300624E-1
3.245912683E0,-9.226249903E-2,-1.574375033E-1,-9.143749624E-2,2.041072069E-1
3.248408066E0,-7.631249726E-2,-1.372250021E-1,-8.071249723E-2,1.765468936E-1
3.250903527E0,-5.926249921E-2,-1.181124970E-1,-7.328750193E-2,1.511081193E-1
3.253398837E0,-4.331250116E-2,-1.031249985E-1,-6.476250291E-2,1.292475139E-1
3.255894297E0,-2.942499891E-2,-9.033749998E-2,-5.417500064E-2,1.093692148E-1
3.258389606E0,-1.443750039E-2,-8.181250095E-2,-4.235000163E-2,9.324832099E-2
3.260885066E0,4.124999978E-4,-7.232499868E-2,-3.176249936E-2,7.899323994E-2
3.263380438E0,1.319999993E-2,-6.586249918E-2,-2.213750035E-2,7.072607523E-2
3.265875823E0,2.818750031E-2,-6.049999967E-2,-9.349999949E-3,6.739590220E-2
3.268371208E0,3.987500072E-2,-5.623750016E-2,1.237499993E-3,6.895073250E-2
3.270866515E0,5.046249926E-2,-4.991250113E-2,9.762499481E-3,7.164515334E-2
3.273361975E0,6.215000153E-2,-4.771250114E-2,1.828750037E-2,8.045830053E-2
3.275857304E0,7.067500055E-2,-4.248749837E-2,2.681249939E-2,8.671247513E-2
3.278352686E0,7.493750006E-2,-3.822499886E-2,3.327500075E-2,9.046549137E-2
3.280848148E0,8.030000329E-2,-3.396249935E-2,3.849999979E-2,9.530892862E-2
3.283343457E0,8.030000329E-2,-2.653750032E-2,4.069999978E-2,9.385531116E-2
3.285838917E0,7.823749632E-2,-1.801249944E-2,4.496249929E-2,9.201729353E-2
3.288334213E0,7.493750006E-2,-7.287499961E-3,4.812499881E-2,8.935743999E-2
3.290829595E0,6.971249729E-2,-9.624999948E-4,5.128749833E-2,8.655152321E-2
3.293324980E0,5.898749828E-2,6.599999964E-3,5.555000156E-2,8.129506521E-2
3.295820365E0,4.839999974E-2,1.608750038E-2,5.981250107E-2,7.860599804E-2
3.298315749E0,3.657500073E-2,2.144999988E-2,5.981250107E-2,7.331690431E-2
3.300811134E0,2.172499895E-2,2.571249940E-2,6.201250106E-2,7.055960950E-2
3.303306519E0,4.674999975E-3,3.217500076E-2,6.311249733E-2,7.099488445E-2
3.305801904E0,-1.443750039E-2,3.217500076E-2,6.517499685E-2,7.410433392E-2
3.308297365E0,-3.258749843E-2,3.313750029E-2,6.517499685E-2,8.004885504E-2
3.310792751E0,-5.279999971E-2,3.217500076E-2,6.091250107E-2,8.679518091E-2
3.313288116E0,-7.095000148E-2,3.313750029E-2,5.775000155E-2,9.729881456E-2
3.315783424E0,-9.432499856E-2,3.217500076E-2,5.664999783E-2,1.146370720E-1
3.318278806E0,-1.156374961E-1,2.887500077E-2,5.348749831E-2,1.306396136E-1
3.320774191E0,-1.359875053E-1,2.681249939E-2,4.922499880E-2,1.470870906E-1
3.323269556E0,-1.572999954E-1,2.144999988E-2,3.959999979E-2,1.636201425E-1
3.325764941E0,-1.784749925E-1,1.608750038E-2,3.327500075E-2,1.822617796E-1
3.328260326E0,-1.977249980E-1,1.402499992E-2,2.791249938E-2,2.001773790E-1
3.330755711E0,-2.136749923E-1,9.762499481E-3,1.938750036E-2,2.147747283E-1
3.333251096E0,-2.286625057E-1,3.299999982E-3,1.086249948E-2,2.289441535E-1
3.335746467E0,-2.435124964E-1,-9.624999948E-4,6.599999964E-3,2.436038224E-1
3.338241852E0,-2.520374954E-1,-5.224999972E-3,3.437499981E-3,2.521150850E-1
3.340737237E0,-2.585000098E-1,-9.487500414E-3,-1.924999990E-3,2.586812195E-1
3.343232621E0,-2.616625130E-1,-1.264999993E-2,-6.187499966E-3,2.620411769E-1
3.345728005E0,-2.637250125E-1,-1.264999993E-2,-1.471249945E-2,2.644378233E-1
3.348223389E0,-2.585000098E-1,-1.264999993E-2,-1.677500084E-2,2.593524209E-1
3.350718773E0,-2.499749959E-1,-1.264999993E-2,-2.007500082E-2,2.510986394E-1
3.353214158E0,-2.371875048E-1,-1.374999993E-2,-2.213750035E-2,2.386148441E-1
3.355709543E0,-2.222000062E-1,-1.264999993E-2,-2.529999986E-2,2.239932036E-1
3.358204928E0,-2.030874938E-1,-1.581249945E-2,-2.749999985E-2,2.055500310E-1
3.360700293E0,-1.849374920E-1,-1.691249944E-2,-2.529999986E-2,1.874246477E-1
3.363195678E0,-1.647250056E-1,-1.691249944E-2,-2.639999986E-2,1.676821997E-1
3.365691063E0,-1.423124969E-1,-1.374999993E-2,-2.529999986E-2,1.451964162E-1
3.368186448E0,-1.209999993E-1,-8.387500420E-3,-2.213750035E-2,1.232940344E-1
3.370681601E0,-9.968750179E-2,1.237499993E-3,-2.007500082E-2,1.016962884E-1
3.373177215E0,-7.947500050E-2,1.512499992E-2,-1.361249946E-2,8.203865838E-2
3.375672601E0,-6.036249921E-2,2.997500077E-2,-5.087499972E-3,6.758708928E-2
3.378167986E0,-4.221250117E-2,4.922499880E-2,3.437499981E-3,6.493698613E-2
3.380663371E0,-2.722499892E-2,6.943749636E-2,1.196249947E-2,7.553719522E-2
3.383158755E0,-1.443750039E-2,8.855000138E-2,1.938750036E-2,9.179008298E-2
3.385654145E0,-2.749999985E-3,1.077999994E-1,2.997500077E-2,1.119236483E-1
3.388149299E0,7.837500423E-3,1.300749928E-1,3.753750026E-2,1.356097124E-1
3.390644912E0,1.429999992E-2,1.504250020E-1,4.702499881E-2,1.582514510E-1
3.393140299E0,2.172499895E-2,1.715999991E-1,5.458749831E-2,1.813789685E-1
3.395635683E0,2.708750032E-2,1.876875013E-1,6.311249733E-2,1.998587455E-1
3.398131083E0,2.914999984E-2,2.025374919E-1,6.943749636E-2,2.160849926E-1
3.400626468E0,3.135000169E-2,2.132624984E-1,7.590000331E-2,2.285268613E-1
3.403121852E0,3.024999984E-2,2.206874937E-1,8.112499863E-2,2.370639107E-1
3.405617006E0,2.598750032E-2,2.281125039E-1,8.442500234E-2,2.446185717E-1
3.408112389E0,2.062499896E-2,2.345750034E-1,8.758749813E-2,2.512417016E-1
3.410607788E0,1.746249944E-2,2.398000062E-1,9.075000137E-2,2.569913317E-1
3.413103173E0,1.209999993E-2,2.419999987E-1,9.184999764E-2,2.591270565E-1
3.415598788E0,6.874999963E-3,2.440624982E-1,9.075000137E-2,2.604790422E-1
3.418093944E0,5.774999969E-3,2.419999987E-1,8.538749814E-2,2.566873094E-1
3.420589327E0,1.512499992E-3,2.431000024E-1,8.332499862E-2,2.569882375E-1
3.423084735E0,-6.874999963E-4,2.388374954E-1,8.016250283E-2,2.519322305E-1
3.425580120E0,4.124999978E-4,2.323749959E-1,7.369999588E-2,2.437826866E-1
3.428075505E0,-6.874999963E-4,2.249500006E-1,6.517499685E-2,2.342023818E-1
3.430571120E0,4.124999978E-4,2.175250053E-1,5.884999782E-2,2.253455576E-1
3.433066276E0,4.674999975E-3,2.079000026E-1,5.348749831E-2,2.147211661E-1
3.435561669E0,7.837500423E-3,1.962125003E-1,4.702499881E-2,2.019210792E-1
3.438057053E0,1.113750041E-2,1.812250018E-1,3.849999979E-2,1.856038663E-1
3.440552438E0,1.746249944E-2,1.652749926E-1,3.107500076E-2,1.690751837E-1
3.443047822E0,2.062499896E-2,1.450625062E-1,2.364999987E-2,1.484178014E-1
3.445543207E0,2.488750033E-2,1.258125007E-1,1.718750037E-2,1.293969983E-1
3.448038582E0,2.914999984E-2,1.024374962E-1,7.699999958E-3,1.067822697E-1
3.450533967E0,3.561250120E-2,7.576250285E-2,-1.924999990E-3,8.373716442E-2
3.453029352E0,3.767500073E-2,4.812499881E-2,-1.154999994E-2,6.219986888E-2
3.455524737E0,3.987500072E-2,1.718750037E-2,-2.529999986E-2,5.025451068E-2
3.458020127E0,3.767500073E-2,-1.581249945E-2,-3.492499888E-2,5.375124524E-2
3.460515512E0,3.657500073E-2,-4.881250113E-2,-4.564999789E-2,7.618604369E-2
3.463010896E0,3.135000169E-2,-8.291249722E-2,-5.939999968E-2,1.067036305E-1
3.465506280E0,2.708750032E-2,-1.106875017E-1,-6.792499870E-2,1.326622070E-1
3.468001664E0,1.856249943E-2,-1.372250021E-1,-7.975000143E-2,1.597977794E-1
3.470497048E0,7.837500423E-3,-1.596374959E-1,-8.717499673E-2,1.820577836E-1
3.472992433E0,-2.749999985E-3,-1.777874976E-1,-9.679999948E-2,2.024504797E-1
3.475487818E0,-1.869999990E-2,-1.926375031E-1,-1.031249985E-1,2.193026742E-1
3.477983203E0,-3.148749843E-2,-2.000624985E-1,-1.116499975E-1,2.312621625E-1
3.480478607E0,-4.537500069E-2,-2.054249942E-1,-1.179749966E-1,2.411978830E-1
3.482973992E0,-6.036249921E-2,-2.085874975E-1,-1.170125008E-1,2.466663754E-1
3.485469377E0,-7.521250099E-2,-2.096875012E-1,-1.190750003E-1,2.525957722E-1
3.487964762E0,-8.910000324E-2,-2.096875012E-1,-1.201749966E-1,2.575843329E-1
3.490460151E0,-1.028499976E-1,-2.085874975E-1,-1.201749966E-1,2.617802435E-1
3.492955535E0,-1.167374998E-1,-2.065249979E-1,-1.190750003E-1,2.654412823E-1
3.495450919E0,-1.317249984E-1,-1.968999952E-1,-1.159124970E-1,2.637362134E-1
3.497946303E0,-1.423124969E-1,-1.863124967E-1,-1.137124971E-1,2.605680816E-1
3.500441688E0,-1.530375034E-1,-1.735250056E-1,-1.116499975E-1,2.568990598E-1
3.502937001E0,-1.604624987E-1,-1.596374959E-1,-1.084875017E-1,2.510017562E-1
3.505432461E0,-1.678874940E-1,-1.446499974E-1,-1.062875018E-1,2.457780816E-1
3.507927848E0,-1.742125005E-1,-1.329624951E-1,-1.020250022E-1,2.417397805E-1
3.510423232E0,-1.764124930E-1,-1.201749966E-1,-9.886249900E-2,2.352385835E-1
3.512918617E0,-1.795749962E-1,-1.073874980E-1,-9.569999576E-2,2.300820358E-1
3.515413945E0,-1.795749962E-1,-9.679999948E-2,-9.459999949E-2,2.248701382E-1
3.517909327E0,-1.795749962E-1,-8.511249721E-2,-9.143749624E-2,2.187513021E-1
3.520404712E0,-1.764124930E-1,-7.548750192E-2,-9.033749998E-2,2.120862903E-1
3.522900173E0,-1.710499972E-1,-6.586249918E-2,-8.923749626E-2,2.038609847E-1
3.525395483E0,-1.636250019E-1,-5.417500064E-2,-8.717499673E-2,1.931516296E-1
3.527890880E0,-1.561999917E-1,-4.344999790E-2,-8.291249722E-2,1.821011310E-1
3.530386341E0,-1.423124969E-1,-3.712499887E-2,-7.864999771E-2,1.667840953E-1
3.532881728E0,-1.274625063E-1,-3.176249936E-2,-7.328750193E-2,1.504214241E-1
3.535377036E0,-1.124750003E-1,-2.969999984E-2,-6.902500242E-2,1.352670198E-1
3.537872418E0,-9.652499855E-2,-2.749999985E-2,-6.476250291E-2,1.194466706E-1
3.540367808E0,-7.631249726E-2,-2.969999984E-2,-6.049999967E-2,1.018132466E-1
3.542863192E0,-5.609999970E-2,-3.396249935E-2,-5.417500064E-2,8.506228319E-2
3.545358577E0,-3.684999794E-2,-4.138749838E-2,-5.087500066E-2,7.522707665E-2
3.547853962E0,-1.979999989E-2,-4.455000162E-2,-4.661250114E-2,6.744974354E-2
3.550349347E0,-3.849999979E-3,-4.675000161E-2,-4.455000162E-2,6.469225452E-2
3.552844737E0,1.113750041E-2,-4.881250113E-2,-3.602499887E-2,6.168066736E-2
3.555340122E0,2.488750033E-2,-4.771250114E-2,-3.066249937E-2,6.193592903E-2
3.557835507E0,3.561250120E-2,-4.564999789E-2,-2.749999985E-2,6.409697763E-2
3.560330892E0,4.619999975E-2,-4.028749838E-2,-2.213750035E-2,6.517354850E-2
3.562826276E0,5.472499877E-2,-3.492499888E-2,-1.677500084E-2,6.705208193E-2
3.565321650E0,6.118749827E-2,-2.859999985E-2,-1.361249946E-2,6.889971029E-2
3.567817034E0,6.751249731E-2,-2.117500082E-2,-1.044999994E-2,7.152286663E-2
3.570312418E0,7.177499682E-2,-1.154999994E-2,-8.387500420E-3,7.318061786E-2
3.572807803E0,7.397499681E-2,-5.224999972E-3,-7.287499961E-3,7.451649772E-2
3.575303188E0,7.823749632E-2,4.399999976E-3,-3.024999984E-3,7.841949027E-2
3.577798583E0,8.030000329E-2,1.086249948E-2,-8.249999955E-4,8.103557890E-2
3.580293968E0,8.346249908E-2,1.718750037E-2,1.374999993E-4,8.521395325E-2
3.582789353E0,8.772499859E-2,2.364999987E-2,3.437499981E-3,9.092202307E-2
3.585284738E0,9.102500230E-2,2.681249939E-2,3.437499981E-3,9.495408139E-2
3.587780127E0,9.102500230E-2,3.107500076E-2,2.337499987E-3,9.621159297E-2
3.590275511E0,9.308750182E-2,3.217500076E-2,4.399999976E-3,9.858941966E-2
3.592770895E0,9.308750182E-2,3.107500076E-2,1.237499993E-3,9.814514799E-2
3.595266279E0,9.735000134E-2,2.997500077E-2,-8.249999955E-4,1.018636542E-1
3.597761663E0,9.624999762E-2,2.791249938E-2,-1.924999990E-3,1.002341024E-1
3.600257038E0,9.624999762E-2,2.461249940E-2,-4.124999978E-3,9.943265456E-2
3.602752423E0,9.418749809E-2,1.402499992E-2,-8.387500420E-3,9.559464202E-2
3.605247578E0,9.418749809E-2,3.299999982E-3,-1.361249946E-2,9.522328989E-2
3.607742961E0,8.992499858E-2,-1.374999993E-2,-2.007500082E-2,9.315886177E-2
3.610238547E0,8.139999956E-2,-3.492499888E-2,-2.749999985E-2,9.274678144E-2
3.612733934E0,7.177499682E-2,-5.527500063E-2,-3.286249936E-2,9.636866569E-2
3.615229088E0,6.008749828E-2,-7.438749820E-2,-3.918749839E-2,1.033424761E-1
3.617724470E0,4.729999974E-2,-9.253749996E-2,-4.235000163E-2,1.122229990E-1
3.620219855E0,2.914999984E-2,-1.064250022E-1,-4.771250114E-2,1.202184942E-1
3.622715230E0,1.003750041E-2,-1.170125008E-1,-4.991250113E-2,1.276085206E-1
3.625210614E0,-1.127499994E-2,-1.277374923E-1,-5.087500066E-2,1.379574509E-1
3.627705999E0,-3.148749843E-2,-1.340624988E-1,-5.307500064E-2,1.475844566E-1
3.630201614E0,-5.389999971E-2,-1.362625062E-1,-4.881250113E-2,1.544517428E-1
3.632697001E0,-7.947500050E-2,-1.403875053E-1,-4.771250114E-2,1.682302295E-1
3.635192155E0,-1.018875018E-1,-1.394249946E-1,-4.138749838E-2,1.775762291E-1
3.637687768E0,-1.241625026E-1,-1.372250021E-1,-3.918749839E-2,1.891631261E-1
3.640182924E0,-1.434125006E-1,-1.329624951E-1,-2.859999985E-2,1.976464784E-1
3.642678537E0,-1.593624949E-1,-1.287000030E-1,-2.529999986E-2,2.063981239E-1
3.645173693E0,-1.732500046E-1,-1.170125008E-1,-1.787500083E-2,2.098261306E-1
3.647669076E0,-1.838375032E-1,-1.053249985E-1,-8.387500420E-3,2.120375746E-1
3.650164460E0,-1.934625059E-1,-9.033749998E-2,1.237499993E-3,2.135184688E-1
3.652659845E0,-1.955250055E-1,-7.232499868E-2,8.662499487E-3,2.086527548E-1
3.655155230E0,-1.955250055E-1,-5.733750015E-2,1.402499992E-2,2.042408316E-1
3.657650600E0,-1.891999990E-1,-4.138749838E-2,2.254999988E-2,1.949822226E-1
3.660145985E0,-1.784749925E-1,-2.859999985E-2,3.107500076E-2,1.834037585E-1
3.662641370E0,-1.582625061E-1,-1.691249944E-2,3.959999979E-2,1.640158939E-1
3.665136755E0,-1.348875016E-1,-1.044999994E-2,4.386249930E-2,1.422243278E-1
3.667632140E0,-1.113749966E-1,-5.224999972E-3,5.032499880E-2,1.223286393E-1
3.670127525E0,-8.483749628E-2,-4.124999978E-3,5.775000155E-2,1.027106571E-1
3.672622910E0,-5.279999971E-2,-4.124999978E-3,6.407500058E-2,8.312918437E-2
3.675118295E0,-1.979999989E-2,-5.224999972E-3,7.053750008E-2,7.344984369E-2
3.677613679E0,1.429999992E-2,-8.387500420E-3,7.259999961E-2,7.446878611E-2
3.680109058E0,4.509999976E-2,-1.471249945E-2,7.686249912E-2,9.032337122E-2
3.682604442E0,7.603749633E-2,-2.653750032E-2,7.906249911E-2,1.128575143E-1
3.685099826E0,1.069749966E-1,-4.564999789E-2,8.332499862E-2,1.430756010E-1
3.687595211E0,1.357125044E-1,-6.476250291E-2,8.648750186E-2,1.734709013E-1
3.690090591E0,1.581249982E-1,-8.937499672E-2,8.222500235E-2,1.993799291E-1
3.692585976E0,1.772374958E-1,-1.181124970E-1,7.796250284E-2,2.268079446E-1
3.695081361E0,1.942874938E-1,-1.479499936E-1,7.590000331E-2,2.557296255E-1
3.697576746E0,2.059749961E-1,-1.777874976E-1,6.943749636E-2,2.808124984E-1
3.700072131E0,2.113374919E-1,-2.107875049E-1,6.311249733E-2,3.050870286E-1
3.702567520E0,2.144999951E-1,-2.374625057E-1,5.348749831E-2,3.244373622E-1
3.705062828E0,2.102375031E-1,-2.608374953E-1,4.702499881E-2,3.383006905E-1
3.707558288E0,2.028124928E-1,-2.821500003E-1,4.276249930E-2,3.501002161E-1
3.710053674E0,1.889249980E-1,-3.023625016E-1,3.959999979E-2,3.587253786E-1
3.712549059E0,1.729750037E-1,-3.216125071E-1,3.327500075E-2,3.666908539E-1
3.715044357E0,1.495999992E-1,-3.386625051E-1,2.997500077E-2,3.714444142E-1
3.717539739E0,1.240250021E-1,-3.546124995E-1,2.571249940E-2,3.765545891E-1
3.720035124E0,9.198749810E-2,-3.651999831E-1,2.571249940E-2,3.774835892E-1
3.722530585E0,6.324999779E-2,-3.716624975E-1,2.571249940E-2,3.778818690E-1
3.725025895E0,3.024999984E-2,-3.759250045E-1,2.254999988E-2,3.778136763E-1
3.727521278E0,-4.949999973E-3,-3.759250045E-1,2.048750035E-2,3.765154036E-1
3.730016662E0,-4.111250117E-2,-3.705624938E-1,1.938750036E-2,3.733398917E-1
3.732512047E0,-7.631249726E-2,-3.620375097E-1,1.828750037E-2,3.704445820E-1
3.735007432E0,-1.113749966E-1,-3.503499925E-1,1.512499992E-2,3.679378653E-1
3.737502893E0,-1.423124969E-1,-3.407250047E-1,1.402499992E-2,3.695173558E-1
3.739998198E0,-1.721500009E-1,-3.279374838E-1,1.196249947E-2,3.705694503E-1
3.742493580E0,-1.988250017E-1,-3.130874932E-1,9.762499481E-3,3.710127573E-1
3.744988965E0,-2.211000025E-1,-2.960374951E-1,8.662499487E-3,3.695922734E-1
3.747484350E0,-2.392500043E-1,-2.821500003E-1,6.599999964E-3,3.699901988E-1
3.749979734E0,-2.551999986E-1,-2.682625055E-1,2.337499987E-3,3.702664920E-1
3.752475129E0,-2.670249939E-1,-2.543750107E-1,2.337499987E-3,3.688013793E-1
3.754970514E0,-2.754124999E-1,-2.437874973E-1,2.337499987E-3,3.678176897E-1
3.757465899E0,-2.776125073E-1,-2.320999950E-1,-1.924999990E-3,3.618602182E-1
3.759961284E0,-2.765125036E-1,-2.213750035E-1,-1.924999990E-3,3.542171120E-1
3.762456669E0,-2.722499967E-1,-2.096875012E-1,-4.124999978E-3,3.436654252E-1
3.764952039E0,-2.670249939E-1,-1.968999952E-1,-5.087499972E-3,3.318099428E-1
3.767447424E0,-2.585000098E-1,-1.841125041E-1,-6.187499966E-3,3.174239348E-1
3.769942808E0,-2.488749921E-1,-1.724250019E-1,-7.287499961E-3,3.028568154E-1
3.772438192E0,-2.360875010E-1,-1.596374959E-1,-9.349999949E-3,2.851470862E-1
3.774933576E0,-2.222000062E-1,-1.522125006E-1,-1.154999994E-2,2.695828084E-1
3.777428946E0,-2.094125003E-1,-1.436875015E-1,-1.471249945E-2,2.543936929E-1
3.779924102E0,-1.955250055E-1,-1.340624988E-1,-1.471249945E-2,2.375273437E-1
3.782419715E0,-1.860374957E-1,-1.277374923E-1,-1.581249945E-2,2.262230136E-1
3.784915102E0,-1.742125005E-1,-1.244374961E-1,-1.581249945E-2,2.146735216E-1
3.787410487E0,-1.647250056E-1,-1.266375035E-1,-1.471249945E-2,2.082974854E-1
3.789905871E0,-1.615625024E-1,-1.244374961E-1,-1.471249945E-2,2.044592630E-1
3.792401256E0,-1.572999954E-1,-1.255374998E-1,-1.154999994E-2,2.015846098E-1
3.794896640E0,-1.539999992E-1,-1.266375035E-1,-9.349999949E-3,1.996008004E-1
3.797391794E0,-1.539999992E-1,-1.297999918E-1,-9.349999949E-3,2.016220725E-1
3.799887177E0,-1.551000029E-1,-1.287000030E-1,-8.387500420E-3,2.017177529E-1
3.802382797E0,-1.572999954E-1,-1.308999956E-1,-8.387500420E-3,2.048132016E-1
3.804877953E0,-1.593624949E-1,-1.297999918E-1,-7.287499961E-3,2.056636826E-1
3.807373336E0,-1.625249982E-1,-1.308999956E-1,-7.287499961E-3,2.088116173E-1
3.809868951E0,-1.667875051E-1,-1.287000030E-1,-8.387500420E-3,2.108366970E-1
3.812364107E0,-1.689874977E-1,-1.255374998E-1,-1.044999994E-2,2.107739090E-1
3.814859509E0,-1.721500009E-1,-1.201749966E-1,-1.154999994E-2,2.102642507E-1
3.817354893E0,-1.721500009E-1,-1.138499975E-1,-1.251249947E-2,2.067704220E-1
3.819850278E0,-1.699499935E-1,-1.064250022E-1,-1.471249945E-2,2.010615304E-1
3.822345663E0,-1.658249944E-1,-9.996250272E-2,-1.787500083E-2,1.944477986E-1
3.824841047E0,-1.572999954E-1,-9.253749996E-2,-1.787500083E-2,1.833739161E-1
3.827336427E0,-1.454750001E-1,-8.181250095E-2,-1.581249945E-2,1.676493248E-1
3.829831812E0,-1.348875016E-1,-7.122500241E-2,-1.581249945E-2,1.533547332E-1
3.832327197E0,-1.199000031E-1,-5.843750015E-2,-1.787500083E-2,1.345751382E-1
3.834822582E0,-1.028499976E-1,-4.248749837E-2,-1.897500083E-2,1.128864924E-1
3.837317986E0,-8.483749628E-2,-2.543750033E-2,-1.897500083E-2,9.057879362E-2
3.839813371E0,-6.462500244E-2,-1.264999993E-2,-2.103750035E-2,6.913023839E-2
3.842308755E0,-4.427500069E-2,3.299999982E-3,-2.213750035E-2,4.961083156E-2
3.844804139E0,-2.296249941E-2,1.718750037E-2,-2.433750033E-2,3.761649200E-2
3.847299523E0,-2.749999985E-3,3.313750029E-2,-2.639999986E-2,4.245723045E-2
3.849794922E0,1.429999992E-2,4.922499880E-2,-2.749999985E-2,5.817078731E-2
3.852290307E0,3.231250122E-2,6.723749638E-2,-2.639999986E-2,7.913241211E-2
3.854785692E0,4.729999974E-2,8.222500235E-2,-3.066249937E-2,9.969167395E-2
3.857281077E0,5.692499876E-2,9.501250088E-2,-3.286249936E-2,1.155325697E-1
3.859776462E0,6.641250104E-2,1.055999994E-1,-3.492499888E-2,1.295443388E-1
3.862271827E0,7.067500055E-2,1.141249985E-1,-3.286249936E-2,1.382006326E-1
3.864767135E0,6.971249729E-2,1.194875017E-1,-3.176249936E-2,1.419364354E-1
3.867262595E0,6.641250104E-2,1.248499975E-1,-3.176249936E-2,1.449379127E-1
3.869757904E0,5.898749828E-2,1.248499975E-1,-3.066249937E-2,1.414469359E-1
3.872253287E0,4.839999974E-2,1.291124970E-1,-2.859999985E-2,1.408210099E-1
3.874748677E0,3.451250121E-2,1.322750002E-1,-2.859999985E-2,1.396629815E-1
3.877244061E0,1.746249944E-2,1.343374997E-1,-2.529999986E-2,1.378099877E-1
3.879739446E0,-6.874999963E-4,1.343374997E-1,-2.639999986E-2,1.369087159E-1
3.882234831E0,-2.089999989E-2,1.333750039E-1,-2.749999985E-2,1.377750038E-1
3.884730292E0,-4.111250117E-2,1.300749928E-1,-2.433750033E-2,1.385714813E-1
3.887225626E0,-6.352499872E-2,1.258125007E-1,-2.323750034E-2,1.428432435E-1
3.889721008E0,-8.579999954E-2,1.226499975E-1,-2.529999986E-2,1.518049795E-1
3.892216393E0,-1.071124971E-1,1.152250022E-1,-2.859999985E-2,1.598994939E-1
3.894711778E0,-1.263625026E-1,1.120624989E-1,-2.639999986E-2,1.709457391E-1
3.897207239E0,-1.445125043E-1,1.035374999E-1,-2.639999986E-2,1.797243383E-1
3.899702544E0,-1.615625024E-1,9.707500041E-2,-2.639999986E-2,1.903232983E-1
3.902197926E0,-1.742125005E-1,8.964999765E-2,-2.639999986E-2,1.976969332E-1
3.904693311E0,-1.860374957E-1,8.222500235E-2,-3.286249936E-2,2.060360277E-1
3.907188696E0,-1.945624948E-1,7.576250285E-2,-3.176249936E-2,2.111951173E-1
3.909684104E0,-2.008875012E-1,6.723749638E-2,-3.492499888E-2,2.147007793E-1
3.912179489E0,-2.040500045E-1,5.871250108E-2,-3.712499887E-2,2.155500583E-1
3.914674874E0,-2.040500045E-1,4.592499882E-2,-4.235000163E-2,2.133987640E-1
3.917170259E0,-2.019875050E-1,3.423750028E-2,-4.661250114E-2,2.101044594E-1
3.919665644E0,-1.988250017E-1,2.461249940E-2,-5.417500064E-2,2.075381582E-1
3.922161029E0,-1.934625059E-1,1.402499992E-2,-5.623750016E-2,2.019581597E-1
3.924656414E0,-1.891999990E-1,6.599999964E-3,-6.366249919E-2,1.997326048E-1
3.927151799E0,-1.827374995E-1,-1.924999990E-3,-7.012499869E-2,1.957401716E-1
3.929647183E0,-1.775124967E-1,-1.264999993E-2,-7.548750192E-2,1.933108169E-1
3.932142567E0,-1.753125042E-1,-2.433750033E-2,-8.071249723E-2,1.945283919E-1
3.934637966E0,-1.689874977E-1,-3.822499886E-2,-8.401250094E-2,1.925513574E-1
3.937133350E0,-1.667875051E-1,-4.771250114E-2,-9.033749998E-2,1.955899244E-1
3.939628506E0,-1.636250019E-1,-6.159999967E-2,-9.776250273E-2,2.003127758E-1
3.942124119E0,-1.658249944E-1,-7.232499868E-2,-1.010624990E-1,2.072256329E-1
3.944619265E0,-1.658249944E-1,-8.291249722E-2,-1.042250022E-1,2.126858295E-1
3.947114879E0,-1.689874977E-1,-9.143749624E-2,-1.062875018E-1,2.195782847E-1
3.949610035E0,-1.732500046E-1,-9.569999576E-2,-1.084875017E-1,2.257068704E-1
3.952105648E0,-1.784749925E-1,-9.569999576E-2,-1.095874980E-1,2.302633967E-1
3.954600804E0,-1.827374995E-1,-9.569999576E-2,-1.084875017E-1,2.330687043E-1
3.957096417E0,-1.891999990E-1,-9.363749623E-2,-1.073874980E-1,2.368474088E-1
3.959591804E0,-1.955250055E-1,-8.827500045E-2,-1.073874980E-1,2.399053526E-1
3.962086958E0,-1.997874975E-1,-8.291249722E-2,-1.073874980E-1,2.414986565E-1
3.964582340E0,-2.030874938E-1,-7.975000143E-2,-1.053249985E-1,2.422765943E-1
3.967077725E0,-2.062499970E-1,-7.438749820E-2,-1.020250022E-1,2.418298208E-1
3.969573123E0,-2.083124965E-1,-6.902500242E-2,-1.010624990E-1,2.416033441E-1
3.972068508E0,-2.094125003E-1,-6.379999965E-2,-9.679999948E-2,2.393622258E-1
3.974563893E0,-2.051499933E-1,-5.843750015E-2,-9.350000322E-2,2.329027947E-1
3.977059277E0,-2.019875050E-1,-5.527500063E-2,-8.827500045E-2,2.272592211E-1
3.979554662E0,-1.988250017E-1,-5.307500064E-2,-8.607500046E-2,2.230633155E-1
3.982050047E0,-1.934625059E-1,-5.623750016E-2,-8.291249722E-2,2.178643611E-1
3.984545432E0,-1.860374957E-1,-6.159999967E-2,-7.864999771E-2,2.111642297E-1
3.987040817E0,-1.838375032E-1,-7.232499868E-2,-7.548750192E-2,2.114840324E-1
3.989536202E0,-1.817750037E-1,-8.401250094E-2,-7.122500241E-2,2.125400039E-1
3.992031597E0,-1.795749962E-1,-9.253749996E-2,-6.696250290E-2,2.128246813E-1
3.994526982E0,-1.795749962E-1,-9.996250272E-2,-6.366249919E-2,2.151571403E-1
3.997022366E0,-1.806750000E-1,-1.042250022E-1,-6.159999967E-2,2.174876241E-1
3.999517750E0,-1.817750037E-1,-1.064250022E-1,-5.939999968E-2,2.188533596E-1
4.002013134E0,-1.860374957E-1,-1.095874980E-1,-5.513750017E-2,2.228441461E-1
4.004508513E0,-1.912624985E-1,-1.127500013E-1,-4.991250113E-2,2.275635381E-1
4.007003898E0,-1.997874975E-1,-1.223749965E-1,-4.564999789E-2,2.386935404E-1
4.009499283E0,-2.083124965E-1,-1.351625025E-1,-4.028749838E-2,2.515672491E-1
4.011994668E0,-2.201374918E-1,-1.489125043E-1,-3.712499887E-2,2.683537121E-1
4.014490053E0,-2.329249978E-1,-1.639000028E-1,-3.066249937E-2,2.864567234E-1
4.016985443E0,-2.457125038E-1,-1.766874939E-1,-2.749999985E-2,3.038903668E-1
4.019480751E0,-2.585000098E-1,-1.883749962E-1,-2.433750033E-2,3.207798438E-1
4.021976134E0,-2.701874971E-1,-1.968999952E-1,-2.213750035E-2,3.350536683E-1
4.024471595E0,-2.807750106E-1,-2.000624985E-1,-2.213750035E-2,3.454702285E-1
4.026966982E0,-2.892999947E-1,-2.022625059E-1,-1.897500083E-2,3.535034072E-1
4.029462265E0,-2.967250049E-1,-2.022625059E-1,-1.581249945E-2,3.594522012E-1
4.031957648E0,-3.020874858E-1,-1.991000026E-1,-1.581249945E-2,3.621431972E-1
4.034453033E0,-3.031874895E-1,-1.915374994E-1,-1.361249946E-2,3.588796005E-1
4.036948417E0,-3.031874895E-1,-1.852124929E-1,-9.349999949E-3,3.554064488E-1
4.039443802E0,-2.978250086E-1,-1.755875051E-1,-7.287499961E-3,3.458089290E-1
4.041939173E0,-2.881999910E-1,-1.670625061E-1,-8.249999955E-4,3.331212938E-1
4.044434634E0,-2.744500041E-1,-1.542750001E-1,-8.249999955E-4,3.148400563E-1
4.046930021E0,-2.551999986E-1,-1.425874978E-1,2.337499987E-3,2.923417482E-1
4.049425328E0,-2.360875010E-1,-1.362625062E-1,2.337499987E-3,2.725990511E-1
4.051920711E0,-2.125750035E-1,-1.308999956E-1,6.599999964E-3,2.497328592E-1
4.054416100E0,-1.880999953E-1,-1.277374923E-1,8.662499487E-3,2.275379398E-1
4.056911484E0,-1.593624949E-1,-1.244374961E-1,1.086249948E-2,2.024823180E-1
4.059406869E0,-1.284250021E-1,-1.234750003E-1,1.292499993E-2,1.786228218E-1
4.061902254E0,-9.858749807E-2,-1.192125008E-1,1.196249947E-2,1.551586817E-1
4.064397639E0,-6.875000149E-2,-1.149500012E-1,1.292499993E-2,1.345627033E-1
4.066893010E0,-3.795000166E-2,-1.084875017E-1,1.512499992E-2,1.159245715E-1
4.069388395E0,-5.912499968E-3,-9.679999948E-2,1.292499993E-2,9.783789234E-2
4.071883780E0,2.392499894E-2,-8.511249721E-2,1.196249947E-2,8.921683781E-2
4.074379165E0,5.156249925E-2,-6.902500242E-2,1.292499993E-2,8.712174190E-2
4.076874549E0,7.919999957E-2,-5.527500063E-2,1.196249947E-2,9.731940721E-2
4.079369895E0,1.069749966E-1,-3.822499886E-2,1.086249948E-2,1.141174585E-1
4.081865279E0,1.303499937E-1,-2.227500081E-2,1.086249948E-2,1.326849291E-1
4.084360434E0,1.527625024E-1,-5.224999972E-3,8.662499487E-3,1.530970988E-1
4.086856048E0,1.761374921E-1,1.402499992E-2,7.699999958E-3,1.768626776E-1
4.089351204E0,1.942874938E-1,3.107500076E-2,8.662499487E-3,1.969475179E-1
4.091846807E0,2.102375031E-1,4.592499882E-2,9.762499481E-3,2.154163866E-1
4.094341963E0,2.241249979E-1,6.091250107E-2,1.086249948E-2,2.325087984E-1
4.096837345E0,2.347124964E-1,7.369999588E-2,1.622499898E-2,2.465459307E-1
4.099332730E0,2.422749996E-1,8.538749814E-2,1.938750036E-2,2.576122580E-1
4.101828345E0,2.475000024E-1,9.171249717E-2,2.364999987E-2,2.650033128E-1
4.104323477E0,2.486000061E-1,9.707500041E-2,2.681249939E-2,2.682245866E-1
4.106818860E0,2.432374954E-1,9.597499669E-2,3.423750028E-2,2.637193311E-1
4.109314245E0,2.369125038E-1,9.391249716E-2,3.643750027E-2,2.574388918E-1
4.111809629E0,2.241249979E-1,8.964999765E-2,4.069999978E-2,2.447971134E-1
4.114305014E0,2.092749923E-1,8.222500235E-2,4.606249928E-2,2.295184683E-1
4.116800403E0,1.931875050E-1,7.259999961E-2,4.606249928E-2,2.114566761E-1
4.119295788E0,1.729750037E-1,6.201250106E-2,4.606249928E-2,1.894403759E-1
4.121791173E0,1.495999992E-1,4.702499881E-2,4.702499881E-2,1.637157927E-1
4.124286558E0,1.240250021E-1,3.313750029E-2,4.812499881E-2,1.370996374E-1
4.126781943E0,9.624999762E-2,1.828750037E-2,4.606249928E-2,1.082600968E-1
4.129277337E0,6.861250103E-2,4.399999976E-3,4.276249930E-2,8.096707135E-2
4.131772722E0,3.877500072E-2,-1.044999994E-2,4.069999978E-2,5.717685862E-2
4.134268107E0,1.003750041E-2,-2.969999984E-2,3.423750028E-2,4.642249272E-2
4.136763491E0,-1.663750038E-2,-5.101250112E-2,3.107500076E-2,6.200594618E-2
4.139258875E0,-4.647500068E-2,-7.328750193E-2,2.474999987E-2,9.024159862E-2
4.141754273E0,-7.095000148E-2,-9.253749996E-2,1.938750036E-2,1.182073043E-1
4.144249657E0,-9.652499855E-2,-1.138499975E-1,1.292499993E-2,1.498197347E-1
4.146745042E0,-1.178374961E-1,-1.362625062E-1,9.762499481E-3,1.804118968E-1
4.149240427E0,-1.369500011E-1,-1.564749926E-1,4.399999976E-3,2.079881875E-1
4.151735812E0,-1.539999992E-1,-1.735250056E-1,-8.249999955E-4,2.320077756E-1
4.154231212E0,-1.689874977E-1,-1.905750036E-1,-4.124999978E-3,2.547403031E-1
4.156726520E0,-1.838375032E-1,-1.991000026E-1,-4.124999978E-3,2.710240843E-1
4.159221980E0,-1.934625059E-1,-2.033624947E-1,-5.087499972E-3,2.807310601E-1
4.161717290E0,-1.997874975E-1,-2.033624947E-1,-6.187499966E-3,2.851484413E-1
4.164212672E0,-2.051499933E-1,-1.991000026E-1,-6.187499966E-3,2.859468761E-1
4.166708066E0,-2.051499933E-1,-1.915374994E-1,-4.124999978E-3,2.806958301E-1
4.169203527E0,-2.008875012E-1,-1.809500009E-1,-1.924999990E-3,2.703745487E-1
4.171698837E0,-1.966249943E-1,-1.713249981E-1,-5.087499972E-3,2.608438729E-1
4.174194220E0,-1.870000064E-1,-1.574375033E-1,-5.087499972E-3,2.445024591E-1
4.176689604E0,-1.764124930E-1,-1.457500011E-1,-3.024999984E-3,2.288527499E-1
4.179184989E0,-1.658249944E-1,-1.351625025E-1,-5.087499972E-3,2.139923212E-1
4.181680374E0,-1.519374996E-1,-1.234750003E-1,-4.124999978E-3,1.958266966E-1
4.184175758E0,-1.380500048E-1,-1.106875017E-1,-8.387500420E-3,1.771436621E-1
4.186671143E0,-1.220999956E-1,-9.679999948E-2,-6.187499966E-3,1.559388790E-1
4.189166514E0,-1.050499976E-1,-8.511249721E-2,-7.287499961E-3,1.353984742E-1
4.191661899E0,-9.006249905E-2,-7.548750192E-2,-8.387500420E-3,1.178132711E-1
4.194157284E0,-7.521250099E-2,-6.902500242E-2,-9.349999949E-3,1.025124079E-1
4.196652669E0,-5.926249921E-2,-6.476250291E-2,-1.044999994E-2,8.840490990E-2
4.199148054E0,-4.537500069E-2,-6.270000339E-2,-1.154999994E-2,7.825332971E-2
4.201643439E0,-3.575000167E-2,-6.270000339E-2,-1.044999994E-2,7.292842753E-2
4.204138823E0,-2.942499891E-2,-6.270000339E-2,-9.349999949E-3,6.988950912E-2
4.206633977E0,-2.516249940E-2,-6.159999967E-2,-7.287499961E-3,6.693891985E-2
4.209129591E0,-2.199999988E-2,-6.159999967E-2,-8.387500420E-3,6.594626689E-2
4.211624746E0,-2.089999989E-2,-6.049999967E-2,-9.349999949E-3,6.468757574E-2
4.214120360E0,-2.406249940E-2,-5.623750016E-2,-9.349999949E-3,6.187958307E-2
4.216615746E0,-2.832499892E-2,-5.417500064E-2,-8.387500420E-3,6.170564335E-2
4.219111131E0,-3.258749843E-2,-5.197500065E-2,-5.087499972E-3,6.155670883E-2
4.221606516E0,-3.795000166E-2,-4.991250113E-2,-5.087499972E-3,6.290741650E-2
4.224101929E0,-4.427500069E-2,-4.881250113E-2,-5.087499972E-3,6.609703934E-2
4.226597314E0,-5.073750019E-2,-4.881250113E-2,-4.124999978E-3,7.052637675E-2
4.229092698E0,-5.706249923E-2,-5.101250112E-2,-3.024999984E-3,7.659996549E-2
4.231587852E0,-6.242499873E-2,-5.417500064E-2,-3.024999984E-3,8.271010691E-2
4.234083235E0,-6.778749824E-2,-5.733750015E-2,-4.124999978E-3,8.888053480E-2
4.236578615E0,-7.521250099E-2,-6.159999967E-2,-6.187499966E-3,9.741542701E-2
4.239073999E0,-7.837499678E-2,-6.270000339E-2,-8.387500420E-3,1.007188200E-1
4.241569384E0,-8.263749629E-2,-6.476250291E-2,-1.251249947E-2,1.057341015E-1
4.244064768E0,-8.579999954E-2,-6.476250291E-2,-1.581249945E-2,1.086547599E-1
4.246560153E0,-8.689999580E-2,-6.806249917E-2,-2.103750035E-2,1.123685431E-1
4.249055538E0,-9.006249905E-2,-6.696250290E-2,-2.749999985E-2,1.155486067E-1
4.251550923E0,-9.006249905E-2,-6.379999965E-2,-2.956249937E-2,1.142612579E-1
4.254046308E0,-8.910000324E-2,-6.159999967E-2,-3.176249936E-2,1.128814728E-1
4.256541693E0,-8.689999580E-2,-6.159999967E-2,-3.602499887E-2,1.124454080E-1
4.259037078E0,-8.483749628E-2,-6.476250291E-2,-4.138749838E-2,1.144749212E-1
4.261532463E0,-8.483749628E-2,-6.902500242E-2,-4.564999789E-2,1.185148684E-1
4.264027847E0,-8.483749628E-2,-7.122500241E-2,-4.991250113E-2,1.214975700E-1
4.266523231E0,-8.373750001E-2,-7.658749819E-2,-5.197500065E-2,1.248159224E-1
4.269018540E0,-8.373750001E-2,-8.084999770E-2,-5.307500064E-2,1.279282874E-1
4.271514018E0,-8.373750001E-2,-8.937499672E-2,-5.513750017E-2,1.343130778E-1
4.274009405E0,-9.006249905E-2,-9.679999948E-2,-5.417500064E-2,1.428860536E-1
4.276504790E0,-9.652499855E-2,-1.021625027E-1,-5.307500064E-2,1.502371725E-1
4.279000174E0,-1.039500013E-1,-1.064250022E-1,-5.087500066E-2,1.572264277E-1
4.281495559E0,-1.104125008E-1,-1.084875017E-1,-4.771250114E-2,1.619782119E-1
4.283990952E0,-1.199000031E-1,-1.073874980E-1,-4.455000162E-2,1.670113413E-1
4.286486260E0,-1.306249946E-1,-1.031249985E-1,-4.028749838E-2,1.712329906E-1
4.288981643E0,-1.402499974E-1,-9.790000319E-2,-3.492499888E-2,1.745686912E-1
4.291477027E0,-1.465750039E-1,-9.143749624E-2,-2.859999985E-2,1.751085591E-1
4.293972412E0,-1.539999992E-1,-8.717499673E-2,-2.529999986E-2,1.787612089E-1
4.296467807E0,-1.551000029E-1,-8.084999770E-2,-2.103750035E-2,1.761684122E-1
4.298963191E0,-1.593624949E-1,-7.658749819E-2,-1.361249946E-2,1.773340064E-1
4.301458653E0,-1.625249982E-1,-7.122500241E-2,-7.287499961E-3,1.775964067E-1
4.303953962E0,-1.647250056E-1,-6.806249917E-2,-1.924999990E-3,1.782429154E-1
4.306449335E0,-1.636250019E-1,-6.379999965E-2,1.237499993E-3,1.756277672E-1
4.308944720E0,-1.625249982E-1,-5.733750015E-2,7.699999958E-3,1.725145036E-1
4.311440104E0,-1.582625061E-1,-5.197500065E-2,9.762499481E-3,1.668643998E-1
4.313935489E0,-1.539999992E-1,-4.344999790E-2,1.512499992E-2,1.607254419E-1
4.316430874E0,-1.445125043E-1,-3.602499887E-2,1.718750037E-2,1.499235626E-1
4.318926235E0,-1.359875053E-1,-2.543750033E-2,1.938750036E-2,1.396980429E-1
4.321421620E0,-1.241625026E-1,-1.264999993E-2,1.938750036E-2,1.263021168E-1
4.323917005E0,-1.135749966E-1,-3.024999984E-3,2.048750035E-2,1.154476858E-1
4.326412390E0,-1.018875018E-1,7.562499959E-3,2.048750035E-2,1.042016895E-1
4.328907775E0,-8.689999580E-2,1.608750038E-2,1.718750037E-2,9.003236700E-2
4.331403145E0,-6.984999776E-2,2.034999989E-2,1.086249948E-2,7.356044166E-2
4.333898529E0,-5.389999971E-2,2.364999987E-2,9.762499481E-3,5.966438518E-2
4.336393913E0,-4.111250117E-2,2.254999988E-2,7.699999958E-3,4.751873574E-2
4.338889068E0,-2.626249939E-2,2.254999988E-2,4.399999976E-3,3.489385861E-2
4.341384682E0,-1.127499994E-2,2.034999989E-2,1.237499993E-3,2.329762918E-2
4.343880073E0,4.124999978E-4,1.718750037E-2,-4.124999978E-3,1.768038320E-2
4.346375227E0,1.209999993E-2,1.402499992E-2,-7.287499961E-3,1.990523240E-2
4.348870610E0,1.966249943E-2,1.182499994E-2,-1.044999994E-2,2.521204089E-2
4.351365994E0,2.818750031E-2,9.762499481E-3,-1.251249947E-2,3.234817171E-2
4.353861379E0,3.657500073E-2,9.762499481E-3,-1.581249945E-2,4.102526311E-2
4.356356749E0,4.193750024E-2,8.662499487E-3,-1.897500083E-2,4.683848290E-2
4.358852133E0,4.729999974E-2,1.086249948E-2,-1.897500083E-2,5.210887187E-2
4.361347518E0,4.936249927E-2,1.182499994E-2,-1.897500083E-2,5.418982943E-2
4.363843133E0,5.692499876E-2,1.086249948E-2,-2.213750035E-2,6.203642720E-2
4.366338289E0,6.008749828E-2,1.292499993E-2,-2.433750033E-2,6.610504515E-2
4.368833688E0,6.435000151E-2,1.292499993E-2,-2.433750033E-2,7.000208740E-2
4.371329072E0,6.861250103E-2,1.608750038E-2,-2.007500082E-2,7.327679458E-2
4.373824457E0,7.287500054E-2,1.402499992E-2,-1.897500083E-2,7.659971921E-2
4.376319842E0,7.493750006E-2,1.086249948E-2,-1.581249945E-2,7.735410751E-2
4.378815226E0,8.030000329E-2,1.086249948E-2,-1.044999994E-2,8.170242911E-2
4.381310615E0,8.249999583E-2,1.292499993E-2,-4.124999978E-3,8.360813692E-2
4.383806000E0,8.676250279E-2,1.402499992E-2,-8.249999955E-4,8.789262277E-2
4.386301385E0,9.102500230E-2,1.608750038E-2,4.399999976E-3,9.254036261E-2
4.388796770E0,9.528750181E-2,2.144999988E-2,7.699999958E-3,9.797499934E-2
4.391292155E0,1.005124971E-1,2.681249939E-2,1.196249947E-2,1.047128149E-1
4.393787526E0,1.038125008E-1,3.217500076E-2,1.512499992E-2,1.097316346E-1
4.396282911E0,1.090374961E-1,3.643750027E-2,1.828750037E-2,1.164100497E-1
4.398778295E0,1.132999957E-1,4.386249930E-2,2.048750035E-2,1.232093565E-1
4.401273679E0,1.186624989E-1,5.238749832E-2,2.144999988E-2,1.314737279E-1
4.403768988E0,1.229249984E-1,5.981250107E-2,2.474999987E-2,1.389267901E-1
4.406264370E0,1.271875054E-1,6.613750011E-2,2.791249938E-2,1.460477253E-1
4.408759832E0,1.303499937E-1,7.686249912E-2,3.327500075E-2,1.549393117E-1
4.411255141E0,1.325500011E-1,8.428750187E-2,3.423750028E-2,1.607671988E-1
4.413750601E0,1.377750039E-1,9.281250089E-2,3.753750026E-2,1.703090601E-1
4.416245911E0,1.399749964E-1,1.024374962E-1,4.179999977E-2,1.784199547E-1
4.418741341E0,1.420374960E-1,1.120624989E-1,4.606249928E-2,1.866933522E-1
4.421236651E0,1.442375034E-1,1.172875017E-1,4.922499880E-2,1.923120276E-1
4.423732034E0,1.463000029E-1,1.248499975E-1,4.922499880E-2,1.985303836E-1
4.426227418E0,1.505624950E-1,1.280124933E-1,5.032499880E-2,2.039334912E-1
4.428722803E0,1.548250020E-1,1.300749928E-1,5.458749831E-2,2.094518559E-1
4.431218187E0,1.590874940E-1,1.300749928E-1,5.775000155E-2,2.134558436E-1
4.433713572E0,1.644500047E-1,1.291124970E-1,5.884999782E-2,2.172030459E-1
4.436208957E0,1.698125005E-1,1.258125007E-1,5.981250107E-2,2.196419949E-1
4.438704342E0,1.761374921E-1,1.215500012E-1,6.201250106E-2,2.228101640E-1
4.441199727E0,1.825999916E-1,1.152250022E-1,6.627500057E-2,2.258582160E-1
4.443695112E0,1.900250018E-1,1.067000031E-1,6.737499684E-2,2.281091453E-1
4.446190497E0,1.985500008E-1,9.281250089E-2,6.737499684E-2,2.292938144E-1
4.448685882E0,2.059749961E-1,7.466249913E-2,6.627500057E-2,2.288942190E-1
4.451181266E0,2.124374956E-1,5.348749831E-2,6.407500058E-2,2.282459369E-1
4.453676650E0,2.198625058E-1,2.887500077E-2,6.091250107E-2,2.299643884E-1
4.456172034E0,2.230249941E-1,4.399999976E-3,5.555000156E-2,2.298810794E-1
4.458667189E0,2.241249979E-1,-2.117500082E-2,5.348749831E-2,2.313899475E-1
4.461162572E0,2.220624983E-1,-3.918749839E-2,4.922499880E-2,2.308040591E-1
4.463657957E0,2.187625021E-1,-5.733750015E-2,4.276249930E-2,2.301591897E-1
4.466153341E0,2.124374956E-1,-7.122500241E-2,3.849999979E-2,2.273432218E-1
4.468648726E0,2.050125003E-1,-8.181250095E-2,3.533750027E-2,2.235445135E-1
4.471144341E0,1.964875013E-1,-9.143749624E-2,3.327500075E-2,2.192609850E-1
4.473639728E0,1.836999953E-1,-9.790000319E-2,3.107500076E-2,2.104655662E-1
4.476135113E0,1.709125042E-1,-9.886249900E-2,3.107500076E-2,1.998762954E-1
4.478630266E0,1.570249945E-1,-9.996250272E-2,3.217500076E-2,1.889036302E-1
4.481125649E0,1.399749964E-1,-1.031249985E-1,3.327500075E-2,1.770169219E-1
4.483621034E0,1.229249984E-1,-1.042250022E-1,3.533750027E-2,1.649913490E-1
4.486116418E0,1.047749966E-1,-1.042250022E-1,3.643750027E-2,1.522115056E-1
4.488611803E0,8.456250280E-2,-9.996250272E-2,4.386249930E-2,1.380841688E-1
4.491107178E0,6.641250104E-2,-9.569999576E-2,4.812499881E-2,1.260362051E-1
4.493602562E0,4.413750023E-2,-8.937499672E-2,5.128749833E-2,1.121000288E-1
4.496097947E0,2.392499894E-2,-8.401250094E-2,5.458749831E-2,1.030063147E-1
4.498593332E0,3.574999981E-3,-7.755000144E-2,5.884999782E-2,9.741717298E-2
4.501088717E0,-1.553750038E-2,-7.232499868E-2,6.201250106E-2,9.652911291E-2
4.503584102E0,-3.478749841E-2,-6.476250291E-2,6.311249733E-2,9.688931390E-2
4.506079410E0,-5.279999971E-2,-6.270000339E-2,6.311249733E-2,1.034520068E-1
4.508574793E0,-6.984999776E-2,-6.049999967E-2,5.981250107E-2,1.100763709E-1
4.511070178E0,-8.579999954E-2,-5.953750014E-2,5.775000155E-2,1.193374062E-1
4.513565577E0,-1.007874981E-1,-5.953750014E-2,5.555000156E-2,1.295709704E-1
4.516060962E0,-1.146750003E-1,-6.270000339E-2,5.348749831E-2,1.412181242E-1
4.518556423E0,-1.263625026E-1,-6.586249918E-2,5.032499880E-2,1.511223225E-1
4.521051733E0,-1.369500011E-1,-7.012499869E-2,4.496249929E-2,1.602948676E-1
4.523547193E0,-1.487749964E-1,-7.658749819E-2,3.959999979E-2,1.719529134E-1
4.526042511E0,-1.582625061E-1,-8.084999770E-2,3.643750027E-2,1.814150887E-1
4.528537971E0,-1.678874940E-1,-8.827500045E-2,2.997500077E-2,1.920343381E-1
4.531033281E0,-1.753125042E-1,-9.253749996E-2,2.474999987E-2,1.997754377E-1
4.533528663E0,-1.817750037E-1,-9.679999948E-2,1.828750037E-2,2.067530520E-1
4.536024048E0,-1.870000064E-1,-9.996250272E-2,1.512499992E-2,2.125800319E-1
4.538519418E0,-1.891999990E-1,-1.010624990E-1,1.086249948E-2,2.147749106E-1
4.541014803E0,-1.912624985E-1,-1.010624990E-1,6.599999964E-3,2.164221154E-1
4.543510188E0,-1.912624985E-1,-9.886249900E-2,3.437499981E-3,2.153298712E-1
4.546005573E0,-1.860374957E-1,-9.253749996E-2,2.337499987E-3,2.077946164E-1
4.548500958E0,-1.806750000E-1,-8.607500046E-2,2.337499987E-3,2.001445108E-1
4.550996348E0,-1.732500046E-1,-7.438749820E-2,4.399999976E-3,1.885959278E-1
4.553491733E0,-1.625249982E-1,-6.806249917E-2,4.399999976E-3,1.762561739E-1
4.555987118E0,-1.465750039E-1,-5.843750015E-2,4.399999976E-3,1.578560521E-1
4.558482502E0,-1.306249946E-1,-4.675000161E-2,6.599999964E-3,1.388956870E-1
4.560977881E0,-1.093124971E-1,-3.602499887E-2,8.662499487E-3,1.154212349E-1
4.563473265E0,-8.910000324E-2,-2.227500081E-2,1.196249947E-2,9.261796604E-2
4.565968421E0,-6.984999776E-2,-1.154999994E-2,1.512499992E-2,7.239606556E-2
4.568463803E0,-4.963750020E-2,-1.924999990E-3,1.622499898E-2,5.225741711E-2
4.570959188E0,-3.052499890E-2,4.399999976E-3,1.718750037E-2,3.530645447E-2
4.573454798E0,-1.237499993E-2,1.182499994E-2,1.938750036E-2,2.586206521E-2
4.575949954E0,3.574999981E-3,1.938750036E-2,2.254999988E-2,2.995260071E-2
4.578445337E0,1.966249943E-2,2.254999988E-2,2.144999988E-2,3.681329751E-2
4.580940952E0,3.135000169E-2,2.791249938E-2,1.938750036E-2,4.623640771E-2
4.583436108E0,3.987500072E-2,3.423750028E-2,1.938750036E-2,5.601872256E-2
4.585931490E0,4.619999975E-2,3.849999979E-2,2.048750035E-2,6.353288622E-2
4.588426875E0,4.729999974E-2,4.386249930E-2,1.828750037E-2,6.704954504E-2
4.590922260E0,4.839999974E-2,4.922499880E-2,1.718750037E-2,7.114120220E-2
4.593417644E0,4.509999976E-2,5.664999783E-2,1.828750037E-2,7.468376599E-2
4.595913024E0,3.657500073E-2,6.297499686E-2,2.048750035E-2,7.565261780E-2
4.598408409E0,3.231250122E-2,7.150000334E-2,2.254999988E-2,8.163853690E-2
4.600903794E0,2.392499894E-2,7.369999588E-2,2.474999987E-2,8.134283902E-2
4.603399179E0,1.113750041E-2,7.466249913E-2,2.364999987E-2,7.910660646E-2
4.605894564E0,1.512499992E-3,7.576250285E-2,2.474999987E-2,7.971704327E-2
4.608389963E0,-1.237499993E-2,7.576250285E-2,2.571249940E-2,8.095819962E-2
4.610885271E0,-2.406249940E-2,7.466249913E-2,2.791249938E-2,8.326223799E-2
4.613380653E0,-3.478749841E-2,7.466249913E-2,2.474999987E-2,8.600710038E-2
4.615876115E0,-4.111250117E-2,7.259999961E-2,2.254999988E-2,8.642627025E-2
4.618371502E0,-4.647500068E-2,6.833750010E-2,2.474999987E-2,8.626993741E-2
4.620866809E0,-5.183750018E-2,6.613750011E-2,2.364999987E-2,8.729615020E-2
4.623362192E0,-5.073750019E-2,6.517499685E-2,2.144999988E-2,8.533567036E-2
4.625857653E0,-5.073750019E-2,6.517499685E-2,2.048750035E-2,8.509883555E-2
4.628352963E0,-4.647500068E-2,6.723749638E-2,1.718750037E-2,8.352374977E-2
4.630848433E0,-4.001250118E-2,7.039999962E-2,1.402499992E-2,8.218187647E-2
4.633343742E0,-3.258749843E-2,7.369999588E-2,9.762499481E-3,8.117229110E-2
4.635839125E0,-2.199999988E-2,7.686249912E-2,7.699999958E-3,8.031895022E-2
4.638334510E0,-9.212499484E-3,8.112499863E-2,2.337499987E-3,8.167985955E-2
4.640829894E0,5.774999969E-3,8.538749814E-2,1.237499993E-3,8.559151167E-2
4.643325289E0,2.062499896E-2,9.075000137E-2,1.237499993E-3,9.307247035E-2
4.645820673E0,3.767500073E-2,9.501250088E-2,-3.024999984E-3,1.022542499E-1
4.648316058E0,5.362499878E-2,1.002374962E-1,-4.124999978E-3,1.137550516E-1
4.650811443E0,7.287500054E-2,1.024374962E-1,-8.387500420E-3,1.259942717E-1
4.653306828E0,8.992499858E-2,1.044999957E-1,-6.187499966E-3,1.380037667E-1
4.655802213E0,1.058750004E-1,1.044999957E-1,-7.287499961E-3,1.489391569E-1
4.658297598E0,1.229249984E-1,1.044999957E-1,-1.044999994E-2,1.616787148E-1
4.660792983E0,1.377750039E-1,1.055999994E-1,-1.251249947E-2,1.740398639E-1
4.663288368E0,1.538625062E-1,1.013374999E-1,-1.471249945E-2,1.848226645E-1
4.665783507E0,1.655499935E-1,9.171249717E-2,-1.361249946E-2,1.897453099E-1
4.668278889E0,1.751749963E-1,8.002500236E-2,-1.361249946E-2,1.930688490E-1
4.670774505E0,1.836999953E-1,6.407500058E-2,-1.677500084E-2,1.952759448E-1
4.673269661E0,1.868624985E-1,4.812499881E-2,-1.787500083E-2,1.937862857E-1
4.675765043E0,1.900250018E-1,3.313750029E-2,-2.213750035E-2,1.941588632E-1
4.678260428E0,1.868624985E-1,2.034999989E-2,-2.529999986E-2,1.896623469E-1
4.680755812E0,1.836999953E-1,1.086249948E-2,-2.956249937E-2,1.863803196E-1
4.683251197E0,1.772374958E-1,3.299999982E-3,-3.382499889E-2,1.804664802E-1
4.685746582E0,1.676124930E-1,-4.124999978E-3,-3.602499887E-2,1.714898364E-1
4.688241966E0,1.548250020E-1,-7.287499961E-3,-3.808749840E-2,1.596074761E-1
4.690737351E0,1.399749964E-1,-8.387500420E-3,-3.808749840E-2,1.453065977E-1
4.693232736E0,1.229249984E-1,-7.287499961E-3,-3.492499888E-2,1.279977282E-1
4.695728121E0,1.058750004E-1,-7.287499961E-3,-3.382499889E-2,1.113856091E-1
4.698223506E0,8.772499859E-2,-4.124999978E-3,-3.176249936E-2,9.338922512E-2
4.700718882E0,6.641250104E-2,1.237499993E-3,-2.639999986E-2,7.147805043E-2
4.703214267E0,4.509999976E-2,4.399999976E-3,-2.213750035E-2,5.043251827E-2
4.705709652E0,2.488750033E-2,9.762499481E-3,-2.007500082E-2,3.343201649E-2
4.708205036E0,4.674999975E-3,1.402499992E-2,-1.471249945E-2,2.085698655E-2
4.710700410E0,-1.347499993E-2,2.034999989E-2,-1.361249946E-2,2.794634610E-2
4.713195794E0,-2.942499891E-2,2.461249940E-2,-9.349999949E-3,3.948453098E-2
4.715691178E0,-4.427500069E-2,2.997500077E-2,-6.187499966E-3,5.382435799E-2
4.718186488E0,-5.926249921E-2,3.533750027E-2,-3.024999984E-3,6.906470418E-2
4.720681865E0,-6.984999776E-2,3.849999979E-2,-8.249999955E-4,7.976185050E-2
4.723177250E0,-7.947500050E-2,4.069999978E-2,1.374999993E-4,8.929045074E-2
4.725672635E0,-8.689999580E-2,4.386249930E-2,2.337499987E-3,9.737038575E-2
4.728168019E0,-9.006249905E-2,4.386249930E-2,3.437499981E-3,1.002346696E-1
4.730663404E0,-9.116250277E-2,4.386249930E-2,5.499999970E-3,1.013152050E-1
4.733158851E0,-9.116250277E-2,4.276249930E-2,5.499999970E-3,1.008438558E-1
4.735654161E0,-8.910000324E-2,3.849999979E-2,7.699999958E-3,9.736709178E-2
4.738149544E0,-8.483749628E-2,3.643750027E-2,7.699999958E-3,9.265194116E-2
4.740644928E0,-7.837499678E-2,3.313750029E-2,6.599999964E-3,8.534807581E-2
4.743140313E0,-7.204999775E-2,2.997500077E-2,6.599999964E-3,7.831515081E-2
4.745635702E0,-6.242499873E-2,2.791249938E-2,6.599999964E-3,6.869896715E-2
4.748131086E0,-5.389999971E-2,2.571249940E-2,4.399999976E-3,5.988073641E-2
4.750626471E0,-4.221250117E-2,2.144999988E-2,4.399999976E-3,4.755373539E-2
4.753121856E0,-3.368749842E-2,1.402499992E-2,3.437499981E-3,3.665193827E-2
4.755617241E0,-1.979999989E-2,5.499999970E-3,1.237499993E-3,2.058692307E-2
4.758112641E0,-9.212499484E-3,-4.124999978E-3,-1.924999990E-3,1.027576744E-2
4.760608026E0,1.512499992E-3,-1.471249945E-2,-8.249999955E-4,1.481303215E-2
4.763103411E0,1.113750041E-2,-2.543750033E-2,-3.024999984E-3,2.793315169E-2
4.765598565E0,1.966249943E-2,-3.492499888E-2,-7.287499961E-3,4.073667986E-2
4.768093947E0,2.488750033E-2,-4.881250113E-2,-8.387500420E-3,5.542921705E-2
4.770589351E0,2.914999984E-2,-5.843750015E-2,-1.044999994E-2,6.613521311E-2
4.773084966E0,3.135000169E-2,-6.476250291E-2,-8.387500420E-3,7.243862611E-2
4.775580122E0,3.135000169E-2,-7.012499869E-2,-9.349999949E-3,7.738062126E-2
4.778075736E0,2.914999984E-2,-7.328750193E-2,-8.387500420E-3,7.931664764E-2
4.780571122E0,2.708750032E-2,-7.658749819E-2,-8.387500420E-3,8.166840096E-2
4.783066521E0,2.172499895E-2,-7.658749819E-2,-8.387500420E-3,8.004980088E-2
4.785561675E0,1.319999993E-2,-7.864999771E-2,-3.024999984E-3,7.980734780E-2
4.788057057E0,4.674999975E-3,-7.328750193E-2,1.374999993E-4,7.343658809E-2
4.790552442E0,-4.949999973E-3,-7.122500241E-2,3.437499981E-3,7.147950667E-2
4.793047827E0,-1.347499993E-2,-6.696250290E-2,6.599999964E-3,6.862297295E-2
4.795543197E0,-2.296249941E-2,-6.806249917E-2,1.196249947E-2,7.282088688E-2
4.798038582E0,-3.575000167E-2,-6.379999965E-2,1.622499898E-2,7.491163573E-2
4.800533967E0,-4.427500069E-2,-5.843750015E-2,2.144999988E-2,7.638926368E-2
4.803029352E0,-5.609999970E-2,-5.197500065E-2,2.474999987E-2,8.038142293E-2
4.805524737E0,-6.352499872E-2,-4.564999789E-2,2.681249939E-2,8.269375970E-2
4.808020127E0,-7.411249727E-2,-3.822499886E-2,3.423750028E-2,9.014443530E-2
4.810515512E0,-8.263749629E-2,-2.969999984E-2,3.849999979E-2,9.588167587E-2
4.813010897E0,-8.799999952E-2,-2.007500082E-2,4.179999977E-2,9.946982233E-2
4.815506204E0,-9.226249903E-2,-1.374999993E-2,4.496249929E-2,1.035521973E-1
4.818001587E0,-9.006249905E-2,-5.224999972E-3,4.702499881E-2,1.017344822E-1
4.820496977E0,-8.910000324E-2,2.337499987E-3,5.128749833E-2,1.028332727E-1
4.822992361E0,-8.483749628E-2,1.086249948E-2,5.348749831E-2,1.008776841E-1
4.825487746E0,-7.727500051E-2,1.828750037E-2,5.458749831E-2,9.636209496E-2
4.827983130E0,-6.875000149E-2,2.254999988E-2,5.458749831E-2,9.063586581E-2
4.830478515E0,-5.926249921E-2,2.887500077E-2,5.458749831E-2,8.558974503E-2
4.832973890E0,-4.757500067E-2,3.643750027E-2,5.555000156E-2,8.171214590E-2
4.835469275E0,-3.258749843E-2,4.276249930E-2,5.884999782E-2,7.971134576E-2
4.837964660E0,-1.663750038E-2,4.922499880E-2,5.775000155E-2,7.768506681E-2
4.840460045E0,-6.874999963E-4,5.348749831E-2,5.555000156E-2,7.711801220E-2
4.842955430E0,1.746249944E-2,5.775000155E-2,5.458749831E-2,8.136213208E-2
4.845450824E0,3.341250122E-2,5.981250107E-2,5.555000156E-2,8.820279585E-2
4.847946208E0,5.266249925E-2,6.201250106E-2,5.238749832E-2,9.676434826E-2
4.850441592E0,6.641250104E-2,6.091250107E-2,5.238749832E-2,1.042372441E-1
4.852936976E0,8.139999956E-2,5.871250108E-2,4.812499881E-2,1.113064833E-1
4.855432360E0,9.308750182E-2,5.664999783E-2,4.496249929E-2,1.178818544E-1
4.857927750E0,1.047749966E-1,5.238749832E-2,4.386249930E-2,1.250846463E-1
4.860422906E0,1.155000031E-1,5.128749833E-2,4.496249929E-2,1.341353218E-1
4.862918519E0,1.251250058E-1,4.592499882E-2,3.849999979E-2,1.387358014E-1
4.865413906E0,1.293874979E-1,4.069999978E-2,3.327500075E-2,1.396597303E-1
4.867909060E0,1.314499974E-1,3.533750027E-2,2.901249938E-2,1.391745877E-1
4.870404457E0,1.357125044E-1,2.997500077E-2,2.997500077E-2,1.421790603E-1
4.872899842E0,1.335124969E-1,2.461249940E-2,2.474999987E-2,1.379997263E-1
4.875395226E0,1.314499974E-1,1.828750037E-2,1.828750037E-2,1.339700234E-1
4.877890611E0,1.260875016E-1,1.402499992E-2,1.512499992E-2,1.277635485E-1
4.880386227E0,1.175625026E-1,1.182499994E-2,1.196249947E-2,1.187597324E-1
4.882881377E0,1.090374961E-1,1.086249948E-2,9.762499481E-3,1.100112533E-1
4.885376760E0,9.955000132E-2,1.086249948E-2,4.399999976E-3,1.002375013E-1
4.887872145E0,8.676250279E-2,7.562499959E-3,1.374999993E-4,8.709157366E-2
4.890367529E0,7.493750006E-2,9.762499481E-3,-1.924999990E-3,7.559524414E-2
4.892862914E0,6.215000153E-2,1.086249948E-2,-5.087499972E-3,6.329691336E-2
4.895358298E0,4.936249927E-2,1.402499992E-2,-7.287499961E-3,5.183111626E-2
4.897853683E0,3.657500073E-2,1.182499994E-2,-1.251249947E-2,4.042429894E-2
4.900349068E0,2.488750033E-2,1.292499993E-2,-1.251249947E-2,3.070840176E-2
4.902844453E0,1.319999993E-2,8.662499487E-3,-1.471249945E-2,2.158092991E-2
4.905339838E0,4.674999975E-3,6.599999964E-3,-1.897500083E-2,2.062683400E-2
4.907835223E0,-4.949999973E-3,4.399999976E-3,-2.213750035E-2,2.310695612E-2
4.910330608E0,-1.347499993E-2,2.337499987E-3,-2.323750034E-2,2.696332604E-2
4.912825993E0,-1.979999989E-2,-4.124999978E-3,-2.529999986E-2,3.239051734E-2
4.915321301E0,-2.516249940E-2,-1.044999994E-2,-2.639999986E-2,3.793829025E-2
4.917816683E0,-2.942499891E-2,-1.581249945E-2,-2.639999986E-2,4.257729080E-2
4.920312068E0,-3.575000167E-2,-2.227500081E-2,-2.749999985E-2,5.030395881E-2
4.922807452E0,-4.111250117E-2,-2.653750032E-2,-3.066249937E-2,5.774656305E-2
4.925302837E0,-4.647500068E-2,-3.079999983E-2,-3.286249936E-2,6.471869546E-2
4.927798222E0,-5.073750019E-2,-3.286249936E-2,-3.176249936E-2,6.828685199E-2
4.930293607E0,-5.499999970E-2,-3.492499888E-2,-3.066249937E-2,7.200655791E-2
4.932788987E0,-5.706249923E-2,-3.079999983E-2,-2.956249937E-2,7.126506982E-2
4.935284372E0,-5.816249922E-2,-2.653750032E-2,-2.639999986E-2,6.916700970E-2
4.937779757E0,-5.816249922E-2,-2.227500081E-2,-2.749999985E-2,6.808305199E-2
4.940275142E0,-5.706249923E-2,-1.801249944E-2,-2.639999986E-2,6.540289708E-2
4.942770526E0,-5.926249921E-2,-1.264999993E-2,-2.433750033E-2,6.530222227E-2
4.945265910E0,-5.706249923E-2,-5.224999972E-3,-2.323750034E-2,6.183373565E-2
4.947761294E0,-5.389999971E-2,2.337499987E-3,-2.433750033E-2,5.918604394E-2
4.950256678E0,-5.183750018E-2,7.562499959E-3,-2.323750034E-2,5.730880607E-2
4.952752063E0,-4.647500068E-2,1.402499992E-2,-2.007500082E-2,5.253219935E-2
4.955247219E0,-4.427500069E-2,1.938750036E-2,-2.103750035E-2,5.271363465E-2
4.957742832E0,-3.795000166E-2,2.461249940E-2,-2.213750035E-2,5.035917666E-2
4.960237988E0,-3.368749842E-2,2.997500077E-2,-2.007500082E-2,4.935943556E-2
4.962733601E0,-2.832499892E-2,3.739999980E-2,-2.103750035E-2,5.141635897E-2
4.965228757E0,-2.199999988E-2,4.069999978E-2,-1.897500083E-2,5.000540604E-2
4.967724140E0,-1.553750038E-2,4.592499882E-2,-2.007500082E-2,5.247404208E-2
4.970219514E0,-7.012499962E-3,4.496249929E-2,-2.213750035E-2,5.060504342E-2
4.972714899E0,4.124999978E-4,4.166249931E-2,-2.103750035E-2,4.667451581E-2
4.975210284E0,5.774999969E-3,3.959999979E-2,-2.433750033E-2,4.683828061E-2
4.977705668E0,1.209999993E-2,3.533750027E-2,-2.639999986E-2,4.573957713E-2
4.980201053E0,1.856249943E-2,3.423750028E-2,-2.859999985E-2,4.831907286E-2
4.982696428E0,2.172499895E-2,3.107500076E-2,-3.286249936E-2,5.017544335E-2
4.985191813E0,2.598750032E-2,3.217500076E-2,-3.176249936E-2,5.214822348E-2
4.987687198E0,3.135000169E-2,3.313750029E-2,-3.286249936E-2,5.622152964E-2
4.990182583E0,3.024999984E-2,3.643750027E-2,-3.492499888E-2,5.884309189E-2
4.992677891E0,3.231250122E-2,4.276249930E-2,-3.382499889E-2,6.337870014E-2
4.995173361E0,3.231250122E-2,4.702499881E-2,-3.492499888E-2,6.689696402E-2
4.997668670E0,3.135000169E-2,4.812499881E-2,-3.492499888E-2,6.722048544E-2
5.000164053E0,3.135000169E-2,5.128749833E-2,-3.382499889E-2,6.897362279E-2
5.002659438E0,3.024999984E-2,5.128749833E-2,-3.066249937E-2,6.697506134E-2
5.005154822E0,2.914999984E-2,5.238749832E-2,-3.066249937E-2,6.733766657E-2
5.007650207E0,2.818750031E-2,5.018749833E-2,-2.749999985E-2,6.379318266E-2
5.010145591E0,2.392499894E-2,4.812499881E-2,-2.433750033E-2,5.899775425E-2
5.012640976E0,2.172499895E-2,4.702499881E-2,-1.787500083E-2,5.479819110E-2
5.015136361E0,1.746249944E-2,4.592499882E-2,-1.251249947E-2,5.070115429E-2
5.017631746E0,1.429999992E-2,4.702499881E-2,-7.287499961E-3,4.968851142E-2
5.020127121E0,1.319999993E-2,4.922499880E-2,-1.924999990E-3,5.100045225E-2
5.022622506E0,8.937500417E-3,4.812499881E-2,2.337499987E-3,4.900365629E-2
5.025117891E0,6.874999963E-3,4.922499880E-2,6.599999964E-3,5.013906791E-2
5.027613276E0,4.674999975E-3,5.128749833E-2,1.086249948E-2,5.263323099E-2
5.030108660E0,3.574999981E-3,5.128749833E-2,1.292499993E-2,5.301173203E-2
5.032604044E0,2.612499986E-3,5.128749833E-2,1.718750037E-2,5.415388084E-2
5.035099199E0,2.612499986E-3,5.444999784E-2,2.144999988E-2,5.858096889E-2
5.037594581E0,-1.649999991E-3,5.348749831E-2,2.474999987E-2,5.895928654E-2
5.040090197E0,-3.849999979E-3,5.348749831E-2,2.571249940E-2,5.947156968E-2
5.042585343E0,-2.749999985E-3,5.444999784E-2,2.681249939E-2,6.075586300E-2
5.045080725E0,-3.849999979E-3,5.555000156E-2,2.901249938E-2,6.278813816E-2
5.047576110E0,-5.912499968E-3,5.555000156E-2,2.901249938E-2,6.294827598E-2
5.050071725E0,-7.012499962E-3,5.444999784E-2,2.901249938E-2,6.209430361E-2
5.052566881E0,-5.912499968E-3,5.238749832E-2,2.681249939E-2,5.914657860E-2
5.055062264E0,-4.949999973E-3,5.128749833E-2,2.791249938E-2,5.860049152E-2
5.057557648E0,-2.749999985E-3,5.018749833E-2,2.901249938E-2,5.803509808E-2
5.060053033E0,-1.649999991E-3,5.018749833E-2,2.681249939E-2,5.692466611E-2
5.062548418E0,-1.649999991E-3,4.592499882E-2,2.681249939E-2,5.320468156E-2
5.065043788E0,2.612499986E-3,4.496249929E-2,2.791249938E-2,5.298640505E-2
5.067539173E0,8.937500417E-3,4.386249930E-2,2.474999987E-2,5.115036903E-2
5.070034558E0,1.429999992E-2,4.166249931E-2,2.571249940E-2,5.100378880E-2
5.072529943E0,1.966249943E-2,4.069999978E-2,2.791249938E-2,5.312449047E-2
5.075025328E0,2.708750032E-2,3.959999979E-2,2.791249938E-2,5.550675885E-2
5.077520732E0,3.451250121E-2,3.739999980E-2,2.791249938E-2,5.804291814E-2
5.080016117E0,4.303750023E-2,3.533750027E-2,3.107500076E-2,6.377006370E-2
5.082511502E0,5.266249925E-2,3.217500076E-2,3.423750028E-2,7.057461248E-2
5.085006809E0,6.008749828E-2,2.997500077E-2,3.423750028E-2,7.537383197E-2
5.087502187E0,6.861250103E-2,2.364999987E-2,3.533750027E-2,8.072011346E-2
5.089997572E0,7.603749633E-2,2.034999989E-2,3.643750027E-2,8.673819671E-2
5.092492956E0,8.249999583E-2,1.718750037E-2,3.643750027E-2,9.181149659E-2
5.094988341E0,8.992499858E-2,1.402499992E-2,4.069999978E-2,9.969802393E-2
5.097483740E0,9.735000134E-2,1.182499994E-2,4.069999978E-2,1.061760018E-1
5.099979125E0,1.038125008E-1,1.086249948E-2,4.276249930E-2,1.127992047E-1
5.102474510E0,1.080750003E-1,1.086249948E-2,4.069999978E-2,1.159943515E-1
5.104969895E0,1.143999994E-1,1.182499994E-2,4.069999978E-2,1.219986904E-1
5.107465280E0,1.186624989E-1,1.512499992E-2,4.179999977E-2,1.267154065E-1
5.109960440E0,1.208624989E-1,1.938750036E-2,4.179999977E-2,1.293478210E-1
5.112456053E0,1.208624989E-1,2.254999988E-2,4.069999978E-2,1.295095985E-1
5.114951209E0,1.229249984E-1,2.887500077E-2,4.069999978E-2,1.326680477E-1
5.117446822E0,1.240250021E-1,3.643750027E-2,4.276249930E-2,1.361562482E-1
5.119942209E0,1.218250021E-1,4.386249930E-2,4.276249930E-2,1.363593830E-1
5.122437613E0,1.197625026E-1,4.922499880E-2,4.179999977E-2,1.360639464E-1
5.124932767E0,1.175625026E-1,5.444999784E-2,4.386249930E-2,1.367832707E-1
5.127428380E0,1.155000031E-1,5.555000156E-2,4.276249930E-2,1.351098987E-1
5.129923536E0,1.101374999E-1,5.664999783E-2,4.276249930E-2,1.310271822E-1
5.132418918E0,1.058750004E-1,5.664999783E-2,4.386249930E-2,1.278384011E-1
5.134914303E0,1.005124971E-1,5.238749832E-2,4.276249930E-2,1.211438955E-1
5.137409688E0,9.308750182E-2,4.702499881E-2,3.959999979E-2,1.115562347E-1
5.139905072E0,8.566249907E-2,4.069999978E-2,3.959999979E-2,1.027750637E-1
5.142400457E0,7.713750005E-2,2.997500077E-2,3.959999979E-2,9.174341703E-2
5.144895842E0,6.544999778E-2,1.828750037E-2,3.533750027E-2,7.659552079E-2
5.147391227E0,5.266249925E-2,9.762499481E-3,3.217500076E-2,6.248100429E-2
5.149886612E0,3.767500073E-2,-4.124999978E-3,3.217500076E-2,4.971571158E-2
5.152381997E0,2.282499894E-2,-1.471249945E-2,2.997500077E-2,4.044674138E-2
5.154877305E0,8.937500417E-3,-2.227500081E-2,2.681249939E-2,3.598561794E-2
5.157372760E0,-4.949999973E-3,-2.969999984E-2,2.474999987E-2,3.897633877E-2
5.159868069E0,-2.199999988E-2,-3.602499887E-2,2.048750035E-2,4.692055210E-2
5.162363529E0,-3.478749841E-2,-3.822499886E-2,1.718750037E-2,5.446770376E-2
5.164858915E0,-4.853750020E-2,-4.248749837E-2,1.512499992E-2,6.625588326E-2
5.167354300E0,-5.706249923E-2,-4.344999790E-2,1.402499992E-2,7.308031033E-2
5.169849685E0,-6.462500244E-2,-4.564999789E-2,1.196249947E-2,8.002133867E-2
5.172344992E0,-6.984999776E-2,-4.675000161E-2,1.196249947E-2,8.489809321E-2
5.174840375E0,-7.631249726E-2,-4.564999789E-2,1.196249947E-2,8.972525251E-2
5.177335760E0,-7.837499678E-2,-4.675000161E-2,1.292499993E-2,9.216972602E-2
5.179831149E0,-7.727500051E-2,-4.675000161E-2,1.086249948E-2,9.096692943E-2
5.182326534E0,-7.521250099E-2,-4.675000161E-2,1.196249947E-2,8.936209683E-2
5.184821919E0,-7.301250100E-2,-4.771250114E-2,9.762499481E-3,8.776453990E-2
5.187317304E0,-6.558749825E-2,-4.564999789E-2,1.196249947E-2,8.080064126E-2
5.189812689E0,-5.926249921E-2,-4.344999790E-2,1.086249948E-2,7.428283803E-2
5.192308088E0,-4.853750020E-2,-4.138749838E-2,1.086249948E-2,6.470554723E-2
5.194803242E0,-4.001250118E-2,-4.248749837E-2,7.699999958E-3,5.886830869E-2
5.197298625E0,-3.052499890E-2,-3.918749839E-2,5.499999970E-3,4.997685052E-2
5.199794009E0,-1.979999989E-2,-3.822499886E-2,3.437499981E-3,4.318572611E-2
5.202289394E0,-1.127499994E-2,-3.602499887E-2,4.399999976E-3,3.800376517E-2
5.204784774E0,-2.749999985E-3,-3.492499888E-2,1.237499993E-3,3.505494905E-2
5.207280158E0,5.774999969E-3,-3.602499887E-2,-1.924999990E-3,3.653569205E-2
5.209775543E0,1.319999993E-2,-3.286249936E-2,-3.024999984E-3,3.554341693E-2
5.212270928E0,1.856249943E-2,-3.079999983E-2,-5.087499972E-3,3.631926529E-2
5.214766313E0,2.172499895E-2,-2.323750034E-2,-8.387500420E-3,3.289843712E-2
5.217261722E0,2.598750032E-2,-2.227500081E-2,-1.044999994E-2,3.578726496E-2
5.219757107E0,3.135000169E-2,-1.897500083E-2,-1.044999994E-2,3.810611186E-2
5.222252492E0,3.341250122E-2,-1.471249945E-2,-1.361249946E-2,3.896348315E-2
5.224747877E0,3.451250121E-2,-1.374999993E-2,-1.471249945E-2,3.995788881E-2
5.227243261E0,3.561250120E-2,-1.691249944E-2,-1.787500083E-2,4.328739463E-2
5.229738645E0,3.657500073E-2,-1.897500083E-2,-1.787500083E-2,4.491432945E-2
5.232234029E0,3.561250120E-2,-2.227500081E-2,-1.897500083E-2,4.609204443E-2
5.234729413E0,3.657500073E-2,-2.749999985E-2,-1.897500083E-2,4.953818050E-2
5.237224798E0,3.231250122E-2,-3.396249935E-2,-2.007500082E-2,5.099563467E-2
5.239720118E0,2.914999984E-2,-4.028749838E-2,-2.529999986E-2,5.579332406E-2
5.242215577E0,2.282499894E-2,-4.881250113E-2,-2.639999986E-2,6.000500676E-2
5.244710887E0,1.856249943E-2,-6.049999967E-2,-2.529999986E-2,6.815354971E-2
5.247206269E0,1.209999993E-2,-7.122500241E-2,-2.956249937E-2,7.805992785E-2
5.249701654E0,3.574999981E-3,-7.548750192E-2,-3.176249936E-2,8.197560574E-2
5.252197049E0,-5.912499968E-3,-8.607500046E-2,-3.602499887E-2,9.349686575E-2
5.254692433E0,-1.443750039E-2,-9.363749623E-2,-4.235000163E-2,1.037783444E-1
5.257187818E0,-2.406249940E-2,-9.569999576E-2,-4.235000163E-2,1.073825670E-1
5.259683203E0,-3.478749841E-2,-9.459999949E-2,-4.455000162E-2,1.101999664E-1
5.262178588E0,-4.427500069E-2,-9.459999949E-2,-4.455000162E-2,1.135523590E-1
5.264673973E0,-5.183750018E-2,-9.253749996E-2,-4.881250113E-2,1.167603340E-1
5.267169128E0,-5.926249921E-2,-8.717499673E-2,-4.881250113E-2,1.161644702E-1
5.269664510E0,-6.352499872E-2,-7.864999771E-2,-4.771250114E-2,1.117932483E-1
5.272160126E0,-6.984999776E-2,-7.012499869E-2,-4.344999790E-2,1.080945880E-1
5.274655281E0,-6.875000149E-2,-6.270000339E-2,-4.235000163E-2,1.022319704E-1
5.277150899E0,-6.668750197E-2,-5.307500064E-2,-4.138749838E-2,9.474757851E-2
5.279646055E0,-6.242499873E-2,-4.138749838E-2,-3.712499887E-2,8.359468302E-2
5.282141437E0,-5.609999970E-2,-3.079999983E-2,-3.066249937E-2,7.096505353E-2
5.284636822E0,-4.647500068E-2,-1.897500083E-2,-2.213750035E-2,5.486387943E-2
5.287132207E0,-3.368749842E-2,-4.124999978E-3,-1.361249946E-2,3.656724376E-2
5.289627587E0,-2.199999988E-2,6.599999964E-3,-1.044999994E-2,2.523415331E-2
5.292122972E0,-5.912499968E-3,1.608750038E-2,-3.024999984E-3,1.740448072E-2
5.294618356E0,7.837500423E-3,2.887500077E-2,5.499999970E-3,3.042107957E-2
5.297113741E0,2.488750033E-2,4.386249930E-2,5.499999970E-3,5.073023277E-2
5.299609126E0,4.413750023E-2,5.444999784E-2,9.762499481E-3,7.076883203E-2
5.302104506E0,6.215000153E-2,6.613750011E-2,1.292499993E-2,9.167249987E-2
5.304599891E0,8.249999583E-2,7.686249912E-2,1.512499992E-2,1.137666854E-1
5.307095276E0,1.016125008E-1,8.428750187E-2,1.718750037E-2,1.331348695E-1
5.309590584E0,1.197625026E-1,9.075000137E-2,1.938750036E-2,1.515074089E-1
5.312085952E0,1.377750039E-1,9.707500041E-2,2.364999987E-2,1.701905694E-1
5.314581336E0,1.570249945E-1,1.013374999E-1,2.364999987E-2,1.883758484E-1
5.317076798E0,1.740749925E-1,1.055999994E-1,2.791249938E-2,2.055056460E-1
5.319572108E0,1.879625022E-1,1.098624989E-1,3.327500075E-2,2.202428128E-1
5.322067567E0,2.050125003E-1,1.152250022E-1,3.533750027E-2,2.378143505E-1
5.324562872E0,2.198625058E-1,1.215500012E-1,3.849999979E-2,2.541577743E-1
5.327058255E0,2.326499969E-1,1.248499975E-1,4.179999977E-2,2.673214973E-1
5.329553639E0,2.454375029E-1,1.343374997E-1,4.496249929E-2,2.833862346E-1
5.332049024E0,2.593249977E-1,1.385999918E-1,5.032499880E-2,2.983152990E-1
5.334544408E0,2.741749883E-1,1.428624988E-1,5.238749832E-2,3.135698769E-1
5.337039793E0,2.891624868E-1,1.439625025E-1,5.664999783E-2,3.279472033E-1
5.339535178E0,3.051125109E-1,1.471250057E-1,6.311249733E-2,3.445614589E-1
5.342030563E0,3.221625090E-1,1.546874940E-1,7.369999588E-2,3.648953170E-1
5.344525948E0,3.381125033E-1,1.578499973E-1,8.332499862E-2,3.823345942E-1
5.347021333E0,3.594250083E-1,1.546874940E-1,9.391249716E-2,4.024103807E-1
5.349516718E0,3.818374872E-1,1.493249983E-1,1.055999994E-1,4.233782961E-1
5.352011872E0,4.083749950E-1,1.376374960E-1,1.152250022E-1,4.460840929E-1
5.354507255E0,4.361499846E-1,1.248499975E-1,1.291124970E-1,4.716824862E-1
5.357002870E0,4.659875035E-1,1.130250022E-1,1.376374960E-1,4.988617893E-1
5.359498026E0,4.978874922E-1,1.035374999E-1,1.450625062E-1,5.288242614E-1
5.361993418E0,5.351499915E-1,9.597499669E-2,1.524875015E-1,5.646672928E-1
5.364488803E0,5.746124983E-1,9.171249717E-2,1.589500010E-1,6.032046155E-1
5.366984188E0,6.172375083E-1,9.075000137E-2,1.643124968E-1,6.451482783E-1
5.369479572E0,6.619250178E-1,9.707500041E-2,1.695374995E-1,6.901530618E-1
5.371974947E0,7.088124752E-1,1.077999994E-1,1.748999953E-1,7.379877867E-1
5.374470332E0,7.610625029E-1,1.205874979E-1,1.813624948E-1,7.916121730E-1
5.376965717E0,8.174374700E-1,1.376374960E-1,1.887875050E-1,8.501698769E-1
5.379461102E0,8.782125115E-1,1.567499936E-1,1.940124929E-1,9.129450275E-1
5.381956487E0,9.473749995E-1,1.758625060E-1,1.993750036E-1,9.839702245E-1
5.384451867E0,1.022037506E0,1.962125003E-1,2.025374919E-1,1.060227072E0
5.386947175E0,1.103024960E0,2.121624947E-1,2.058375031E-1,1.141948363E0
5.389442634E0,1.187175035E0,2.281125039E-1,2.089999914E-1,1.226825528E0
5.391937944E0,1.277649999E0,2.431000024E-1,2.110625058E-1,1.317586624E0
5.394433404E0,1.371425033E0,2.601499856E-1,2.132624984E-1,1.412078443E0
5.396928713E0,1.467262506E0,2.792625129E-1,2.186249942E-1,1.509517705E0
5.399424096E0,1.568462491E0,2.983750105E-1,2.228875011E-1,1.612073531E0
5.401919481E0,1.672824979E0,3.196874857E-1,2.292124927E-1,1.718453335E0
5.404414865E0,1.780487537E0,3.443000019E-1,2.377374917E-1,1.828988102E0
5.406910250E0,1.889112473E0,3.665750027E-1,2.473624945E-1,1.940183334E0
5.409405606E0,2.002000093E0,3.867875040E-1,2.590500116E-1,2.055411359E0
5.411900991E0,2.115987539E0,4.038375020E-1,2.729375064E-1,2.171401132E0
5.414396376E0,2.232174873E0,4.166249931E-1,2.877874970E-1,2.288886780E0
5.416891761E0,2.346162558E0,4.273499846E-1,3.005749881E-1,2.403633100E0
5.419387146E0,2.460150003E0,4.379374981E-1,3.155624866E-1,2.518671669E0
5.421882301E0,2.571937561E0,4.497624934E-1,3.315125108E-1,2.631928886E0
5.424377914E0,2.682762384E0,4.614500105E-1,3.463625014E-1,2.744105885E0
5.426873070E0,2.790287495E0,4.720374942E-1,3.634124994E-1,2.853172330E0
5.429368683E0,2.894787550E0,4.805625081E-1,3.795000017E-1,2.958843614E0
5.431863839E0,2.999150038E0,4.837250113E-1,3.954499960E-1,3.063539054E0
5.434359222E0,3.100349903E0,4.816625118E-1,4.167625010E-1,3.165100201E0
5.436854606E0,3.198387384E0,4.785000086E-1,4.338124990E-1,3.262949188E0
5.439349991E0,3.293124914E0,4.699749947E-1,4.497624934E-1,3.356759523E0
5.441845376E0,3.383737564E0,4.582875073E-1,4.679124951E-1,3.446541664E0
5.444340750E0,3.469949961E0,4.422000051E-1,4.838624895E-1,3.531319369E0
5.446836135E0,3.548875093E0,4.262500107E-1,5.061374903E-1,3.610038595E0
5.449331520E0,3.622299910E0,4.123624861E-1,5.317124724E-1,3.684266224E0
5.451826905E0,3.686237574E0,4.006749988E-1,5.572875142E-1,3.749594282E0
5.454322290E0,3.745912552E0,3.964124918E-1,5.924875140E-1,3.813141115E0
5.456817675E0,3.799124956E0,4.028750062E-1,6.351125240E-1,3.872857681E0
5.459312983E0,3.847112417E0,4.166249931E-1,6.840624809E-1,3.929604537E0
5.461808443E0,3.891799927E0,4.401375055E-1,7.405750155E-1,3.986010417E0
5.464303829E0,3.939787388E0,4.785000086E-1,7.928249836E-1,4.047154355E0
5.466799142E0,3.987637520E0,5.296499729E-1,8.438374996E-1,4.110212137E0
5.469294525E0,4.036725044E0,5.860249996E-1,8.844000101E-1,4.173815732E0
5.471789909E0,4.083612442E0,6.456999779E-1,9.194625020E-1,4.235354806E0
5.474285294E0,4.130499840E0,7.117000222E-1,9.503999949E-1,4.297767560E0
5.476780678E0,4.173124790E0,7.778375149E-1,9.770749807E-1,4.355993254E0
5.479276048E0,4.211349964E0,8.384749889E-1,9.994875193E-1,4.408796222E0
5.481771433E0,4.241187572E0,8.981499672E-1,1.021762490E0,4.454025592E0
5.484266818E0,4.266762257E0,9.429749846E-1,1.053799987E0,4.494992368E0
5.486762203E0,4.283812523E0,9.854624867E-1,1.088862538E0,4.528554700E0
5.489257588E0,4.289175034E0,1.028087497E0,1.125162482E0,4.551920142E0
5.491752987E0,4.284912586E0,1.068650007E0,1.159262538E0,4.565783431E0
5.494248141E0,4.262499809E0,1.107975006E0,1.194324970E0,4.563214368E0
5.496743754E0,4.219874859E0,1.146337509E0,1.233787537E0,4.543530037E0
5.499238910E0,4.162399769E0,1.178375006E0,1.275312543E0,4.510051172E0
5.501734524E0,4.085674763E0,1.195425034E0,1.311475039E0,4.454407486E0
5.504229676E0,3.978149891E0,1.201750040E0,1.341312528E0,4.366806500E0
5.506725289E0,3.826900005E0,1.203950047E0,1.362625003E0,4.236909990E0
5.509220676E0,3.668087482E0,1.195425034E0,1.376512527E0,4.096180358E0
5.511715829E0,3.504050016E0,1.179474950E0,1.382974982E0,3.947422890E0
5.514211212E0,3.334650040E0,1.159124970E0,1.381875038E0,3.791179263E0
5.516706586E0,3.155762434E0,1.143175006E0,1.372249961E0,3.626121287E0
5.519201970E0,2.962987423E0,1.134649992E0,1.355200052E0,3.450114818E0
5.521697355E0,2.754124880E0,1.135749936E0,1.329625010E0,3.262366386E0
5.524192739E0,2.527250051E0,1.140012503E0,1.290300012E0,3.058021493E0
5.526688124E0,2.283324957E0,1.149637461E0,1.240112543E0,2.841323331E0
5.529183495E0,2.038300037E0,1.167649984E0,1.181537509E0,2.629468466E0
5.531678880E0,1.790112495E0,1.183599949E0,1.115537524E0,2.418643329E0
5.534174265E0,1.543987513E0,1.194324970E0,1.038812518E0,2.211208046E0
5.536669650E0,1.300062537E0,1.188962460E0,9.535624981E-1,2.003266275E0
5.539164958E0,1.056137443E0,1.157062531E0,8.651499748E-1,1.789610146E0
5.541660336E0,8.185374737E-1,1.085700035E0,7.789375186E-1,1.567000900E0
5.544155721E0,5.959249735E-1,9.620875120E-1,7.000125051E-1,1.330697735E0
5.546651105E0,3.849999905E-1,7.767375112E-1,6.308500171E-1,1.072155725E0
5.549146490E0,1.889249980E-1,5.413374901E-1,5.700749755E-1,8.085322571E-1
5.551641859E0,7.837500423E-3,2.675749958E-1,5.274500251E-1,5.914907723E-1
5.554137244E0,-1.604624987E-1,-2.433750033E-2,4.955500066E-1,5.214502243E-1
5.556632629E0,-3.159750104E-1,-3.268375099E-1,4.774000049E-1,6.592220640E-1
5.559128014E0,-4.587000012E-1,-6.230124831E-1,4.679124951E-1,9.041528346E-1
5.561623169E0,-5.886374712E-1,-9.084625244E-1,4.614500105E-1,1.176747357E0
5.564118783E0,-7.079874873E-1,-1.174800038E0,4.582875073E-1,1.446177324E0
5.566613938E0,-8.134499788E-1,-1.413499951E0,4.540250003E-1,1.692873794E0
5.569109552E0,-9.039250016E-1,-1.619062543E0,4.486624897E-1,1.907810776E0
5.571604708E0,-9.796875119E-1,-1.794787526E0,4.358749986E-1,2.090702489E0
5.574100321E0,-1.040325046E0,-1.935449958E0,4.188250005E-1,2.236885585E0
5.576595713E0,-1.090374947E0,-2.047237396E0,3.986124992E-1,2.353505982E0
5.579090866E0,-1.124475002E0,-2.129324913E0,3.687750101E-1,2.436075455E0
5.581586249E0,-1.145787477E0,-2.182537556E0,3.346749842E-1,2.487630694E0
5.584081634E0,-1.151149988E0,-2.204950094E0,2.952125072E-1,2.504815689E0
5.586577018E0,-1.144687533E0,-2.207012415E0,2.516250014E-1,2.498905458E0
5.589072398E0,-1.125574946E0,-2.192162514E0,2.058375031E-1,2.472825211E0
5.591567783E0,-1.092574954E0,-2.164387465E0,1.632124931E-1,2.430006470E0
5.594063167E0,-1.045687437E0,-2.128225088E0,1.216875017E-1,2.374365618E0
5.596558552E0,-9.838125110E-1,-2.083537579E0,7.479999959E-2,2.305343996E0
5.599053937E0,-9.114875197E-1,-2.037750006E0,3.423750028E-2,2.232578507E0
5.601549213E0,-8.240374923E-1,-1.988662481E0,-6.187499966E-3,2.152638971E0
5.604044673E0,-7.261375189E-1,-1.937512517E0,-4.028749838E-2,2.069505625E0
5.606539982E0,-6.164125204E-1,-1.878937483E0,-6.792499870E-2,1.978631918E0
5.609035442E0,-4.939000010E-1,-1.811837435E0,-9.253749996E-2,1.880227457E0
5.611530752E0,-3.660250008E-1,-1.740474939E0,-1.105500013E-1,1.781978849E0
5.614026221E0,-2.264624983E-1,-1.660587549E0,-1.212750003E-1,1.680340411E0
5.616521608E0,-7.947500050E-2,-1.569012523E0,-1.244374961E-1,1.575944562E0
5.619016915E0,7.067500055E-2,-1.470975041E0,-1.201749966E-1,1.477567108E0
5.621512298E0,2.283875048E-1,-1.360149980E0,-1.148125008E-1,1.383961968E0
5.624007668E0,3.796375096E-1,-1.234475017E0,-1.053249985E-1,1.295818876E0
5.626503052E0,5.234624743E-1,-1.090649962E0,-8.827500045E-2,1.212980947E0
5.628998437E0,6.598625183E-1,-9.351375103E-1,-6.902500242E-2,1.146588486E0
5.631493822E0,7.812749743E-1,-7.721999884E-1,-5.307500064E-2,1.099772869E0
5.633989207E0,8.920999765E-1,-6.048625112E-1,-2.956249937E-2,1.078227697E0
5.636484587E0,9.922000170E-1,-4.398624897E-1,-7.287499961E-3,1.085353855E0
5.638979972E0,1.075250030E0,-2.864125073E-1,2.048750035E-2,1.112930585E0
5.641475126E0,1.142349958E0,-1.489125043E-1,5.238749832E-2,1.153205451E0
5.643970509E0,1.197762489E0,-2.433750033E-2,8.332499862E-2,1.200903972E0
5.646465909E0,1.240387440E0,7.796250284E-2,1.163249984E-1,1.248267062E0
5.648961293E0,1.269124985E0,1.610125005E-1,1.515250057E-1,1.288240304E0
5.651456678E0,1.289337516E0,2.260500044E-1,1.897500008E-1,1.322684731E0
5.653952062E0,1.300062537E0,2.718375027E-1,2.292124927E-1,1.347811780E0
5.656447447E0,1.298962474E0,3.026374876E-1,2.664749920E-1,1.360110980E0
5.658942827E0,1.290437460E0,3.133625090E-1,3.037374914E-1,1.362233961E0
5.661438212E0,1.272287488E0,3.102000058E-1,3.389374912E-1,1.352707699E0
5.663933597E0,1.248912454E0,2.931500077E-1,3.709749877E-1,1.335418169E0
5.666428982E0,1.219074965E0,2.675749958E-1,3.954499960E-1,1.309244380E0
5.668924290E0,1.183874965E0,2.345750034E-1,4.156624973E-1,1.276464130E0
5.671419750E0,1.142349958E0,2.004749924E-1,4.305124879E-1,1.237131623E0
5.673915059E0,1.099725008E0,1.652749926E-1,4.401375055E-1,1.196006664E0
5.676410442E0,1.051874995E0,1.333750039E-1,4.444000125E-1,1.149661371E0
5.678905904E0,1.000725031E0,1.024374962E-1,4.444000125E-1,1.099743333E0
5.681401213E0,9.473749995E-1,6.943749636E-2,4.390375018E-1,1.046467813E0
5.683896596E0,8.941624761E-1,3.423750028E-2,4.295499921E-1,9.925784280E-1
5.686391981E0,8.387500048E-1,-6.187499966E-3,4.188250005E-1,9.375255926E-1
5.688887365E0,7.844374776E-1,-4.564999789E-2,4.039750099E-1,8.835280908E-1
5.691382750E0,7.301250100E-1,-8.827500045E-2,3.869250119E-1,8.310150244E-1
5.693878134E0,6.778749824E-1,-1.308999956E-1,3.645125031E-1,7.807167639E-1
5.696373519E0,6.268625259E-1,-1.744875014E-1,3.443000019E-1,7.361691421E-1
5.698868904E0,5.809375048E-1,-2.150499970E-1,3.218874931E-1,6.981020297E-1
5.701364060E0,5.362499952E-1,-2.565749884E-1,2.994749844E-1,6.656425830E-1
5.703859673E0,4.958249927E-1,-3.012624979E-1,2.740375102E-1,6.416370259E-1
5.706355070E0,4.584249854E-1,-3.460874856E-1,2.505249977E-1,6.266520481E-1
5.708850223E0,4.254249930E-1,-3.887124956E-1,2.206874937E-1,6.170792484E-1
5.711345606E0,3.935250044E-1,-4.302375019E-1,1.951124966E-1,6.148456094E-1
5.713840991E0,3.647874892E-1,-4.695625007E-1,1.685750037E-1,6.180423822E-1
5.716336606E0,3.381125033E-1,-5.047624707E-1,1.407999992E-1,6.236424108E-1
5.718831776E0,3.114374876E-1,-5.335000157E-1,1.152250022E-1,6.284046281E-1
5.721327159E0,2.869625092E-1,-5.570124984E-1,9.184999764E-2,6.332825807E-1
5.723822543E0,2.602874935E-1,-5.698000193E-1,7.163749635E-2,6.305184946E-1
5.726317928E0,2.380124927E-1,-5.729625225E-1,4.606249928E-2,6.221396569E-1
5.728813312E0,2.155999988E-1,-5.676000118E-1,2.364999987E-2,6.076285505E-1
5.731308716E0,1.964875013E-1,-5.527499914E-1,3.437499981E-3,5.866444473E-1
5.733804101E0,1.783374995E-1,-5.303375125E-1,-1.471249945E-2,5.597129608E-1
5.736299486E0,1.633500010E-1,-4.984374940E-1,-2.956249937E-2,5.253542611E-1
5.738794871E0,1.581249982E-1,-4.610374868E-1,-4.455000162E-2,4.894321015E-1
5.741290180E0,1.538625062E-1,-4.228124917E-1,-5.513750017E-2,4.533036706E-1
5.743785639E0,1.527625024E-1,-3.854124844E-1,-6.159999967E-2,4.191344954E-1
5.746280949E0,1.581249982E-1,-3.503499925E-1,-6.696250290E-2,3.901699746E-1
5.748776331E0,1.666499972E-1,-3.194124997E-1,-6.696250290E-2,3.664430970E-1
5.751271716E0,1.803999990E-1,-2.895750105E-1,-6.366249919E-2,3.470601680E-1
5.753767101E0,1.974499971E-1,-2.639999986E-1,-5.733750015E-2,3.346193203E-1
5.756262505E0,2.155999988E-1,-2.426874936E-1,-4.771250114E-2,3.281113558E-1
5.758757890E0,2.380124927E-1,-2.246749997E-1,-3.492499888E-2,3.291634210E-1
5.761253275E0,2.593249977E-1,-2.065249979E-1,-2.007500082E-2,3.321220180E-1
5.763748660E0,2.815999985E-1,-1.852124929E-1,-5.087499972E-3,3.370876879E-1
5.766243815E0,3.019500077E-1,-1.649999917E-1,1.292499993E-2,3.443339368E-1
5.768739413E0,3.190000057E-1,-1.414874941E-1,3.327500075E-2,3.505523361E-1
5.771234569E0,3.327499926E-1,-1.192125008E-1,5.348749831E-2,3.574843918E-1
5.773730183E0,3.434749842E-1,-9.679999948E-2,7.479999959E-2,3.646098526E-1
5.776225338E0,3.519999981E-1,-7.438749820E-2,9.611249715E-2,3.723910722E-1
5.778720952E0,3.540624976E-1,-4.564999789E-2,1.152250022E-1,3.751279457E-1
5.781216108E0,3.529624939E-1,-1.581249945E-2,1.322750002E-1,3.772654674E-1
5.783711490E0,3.486999869E-1,1.292499993E-2,1.482249945E-1,3.791165857E-1
5.786206875E0,3.392125070E-1,3.643750027E-2,1.600500047E-1,3.768405768E-1
5.788702260E0,3.264249861E-1,5.981250107E-2,1.685750037E-1,3.722208199E-1
5.791197644E0,3.093749881E-1,8.112499863E-2,1.771000028E-1,3.655934349E-1
5.793693077E0,2.891624868E-1,9.597499669E-2,1.813624948E-1,3.545680446E-1
5.796188461E0,2.678500116E-1,1.098624989E-1,1.845249981E-1,3.433116256E-1
5.798683846E0,2.432374954E-1,1.215500012E-1,1.834249943E-1,3.279994063E-1
5.801179231E0,2.144999951E-1,1.300749928E-1,1.813624948E-1,3.095514597E-1
5.803674616E0,1.836999953E-1,1.407999992E-1,1.791625023E-1,2.926935774E-1
5.806169930E0,1.527625024E-1,1.513874978E-1,1.771000028E-1,2.786018083E-1
5.808665313E0,1.218250021E-1,1.621125042E-1,1.728374958E-1,2.664481096E-1
5.811160697E0,8.992499858E-2,1.684374958E-1,1.643124968E-1,2.519053234E-1
5.813656159E0,6.118749827E-2,1.727000028E-1,1.557874978E-1,2.404972876E-1
5.816151469E0,3.341250122E-2,1.737999916E-1,1.493249983E-1,2.315616277E-1
5.818646856E0,1.003750041E-2,1.673374921E-1,1.396999955E-1,2.182170397E-1
5.821142241E0,-1.127499994E-2,1.546874940E-1,1.269125044E-1,2.004049157E-1
5.823637625E0,-3.368749842E-2,1.396999955E-1,1.152250022E-1,1.841948355E-1
5.826133010E0,-5.073750019E-2,1.194875017E-1,1.077999994E-1,1.687376569E-1
5.828628166E0,-6.668750197E-2,9.817499667E-2,9.501250088E-2,1.520293663E-1
5.831123779E0,-8.263749629E-2,7.686249912E-2,8.442500234E-2,1.409410536E-1
5.833618935E0,-9.432499856E-2,6.407500058E-2,7.053750008E-2,1.340833695E-1
5.836114548E0,-1.039500013E-1,5.238749832E-2,5.981250107E-2,1.308724113E-1
5.838609935E0,-1.113749966E-1,4.069999978E-2,5.128749833E-2,1.291947651E-1
5.841105089E0,-1.156374961E-1,3.217500076E-2,4.386249930E-2,1.277935054E-1
5.843600457E0,-1.167374998E-1,2.461249940E-2,3.753750026E-2,1.250699121E-1
5.846095841E0,-1.146750003E-1,1.938750036E-2,3.107500076E-2,1.203822518E-1
5.848591226E0,-1.093124971E-1,1.182499994E-2,2.474999987E-2,1.127014425E-1
5.851086610E0,-1.007874981E-1,1.374999993E-4,1.828750037E-2,1.024332531E-1
5.853581995E0,-8.910000324E-2,-1.471249945E-2,1.402499992E-2,9.138910680E-2
5.856077390E0,-7.521250099E-2,-2.543750033E-2,8.662499487E-3,7.986880258E-2
5.858572775E0,-5.926249921E-2,-3.822499886E-2,6.599999964E-3,7.082905019E-2
5.861068160E0,-4.111250117E-2,-4.564999789E-2,3.437499981E-3,6.153028902E-2
5.863563545E0,-2.296249941E-2,-5.197500065E-2,5.499999970E-3,5.708701316E-2
5.866058853E0,-4.949999973E-3,-5.733750015E-2,5.499999970E-3,5.781298663E-2
5.868554313E0,1.636249945E-2,-5.953750014E-2,5.499999970E-3,6.198947742E-2
5.871049622E0,3.231250122E-2,-6.159999967E-2,6.599999964E-3,6.987286808E-2
5.873545005E0,4.509999976E-2,-5.953750014E-2,1.196249947E-2,7.564274780E-2
5.876040390E0,6.215000153E-2,-5.417500064E-2,1.622499898E-2,8.402859023E-2
5.878535774E0,7.603749633E-2,-4.771250114E-2,2.048750035E-2,9.207562806E-2
5.881031236E0,8.992499858E-2,-3.712499887E-2,2.254999988E-2,9.986627762E-2
5.883526546E0,1.016125008E-1,-2.653750032E-2,2.474999987E-2,1.078976448E-1
5.886021928E0,1.123374999E-1,-1.154999994E-2,2.791249938E-2,1.163280877E-1
5.888517084E0,1.229249984E-1,5.499999970E-3,2.681249939E-2,1.259353618E-1
5.891012697E0,1.303499937E-1,2.887500077E-2,2.791249938E-2,1.363964595E-1
5.893508098E0,1.368124932E-1,5.238749832E-2,2.571249940E-2,1.487388345E-1
5.896003483E0,1.420374960E-1,7.796250284E-2,2.571249940E-2,1.640546700E-1
5.898498867E0,1.442375034E-1,1.055999994E-1,2.681249939E-2,1.807615208E-1
5.900994021E0,1.442375034E-1,1.291124970E-1,2.997500077E-2,1.958902625E-1
5.903489635E0,1.453374922E-1,1.513874978E-1,2.901249938E-2,2.118558148E-1
5.905985026E0,1.453374922E-1,1.737999916E-1,2.791249938E-2,2.282729317E-1
5.908480180E0,1.442375034E-1,1.940124929E-1,3.217500076E-2,2.438863167E-1
5.910975563E0,1.420374960E-1,2.132624984E-1,3.753750026E-2,2.589683521E-1
5.913470947E0,1.377750039E-1,2.270125002E-1,4.179999977E-2,2.688193946E-1
5.915966322E0,1.357125044E-1,2.388374954E-1,4.702499881E-2,2.786980150E-1
5.918461707E0,1.346125007E-1,2.408999950E-1,5.238749832E-2,2.808874915E-1
5.920957091E0,1.346125007E-1,2.398000062E-1,5.981250107E-2,2.814286829E-1
5.923452476E0,1.368124932E-1,2.312749922E-1,7.163749635E-2,2.780965861E-1
5.925947785E0,1.388749927E-1,2.184875011E-1,8.112499863E-2,2.713011558E-1
5.928443149E0,1.431374997E-1,2.014375031E-1,9.075000137E-2,2.632507820E-1
5.930938534E0,1.484999955E-1,1.769624949E-1,1.003749967E-1,2.518791639E-1
5.933433918E0,1.559250057E-1,1.513874978E-1,1.120624989E-1,2.445174545E-1
5.935929303E0,1.633500010E-1,1.215500012E-1,1.259499937E-1,2.394180998E-1
5.938424688E0,1.740749925E-1,9.171249717E-2,1.376374960E-1,2.401194817E-1
5.940920078E0,1.857624948E-1,5.775000155E-2,1.482249945E-1,2.445678151E-1
5.943415463E0,2.007499933E-1,1.938750036E-2,1.600500047E-1,2.574731811E-1
5.945910848E0,2.113374919E-1,-2.543750033E-2,1.695374995E-1,2.721278480E-1
5.948406233E0,2.241249979E-1,-6.902500242E-2,1.771000028E-1,2.938722113E-1
5.950901618E0,2.347124964E-1,-1.138499975E-1,1.813624948E-1,3.177170635E-1
5.953396978E0,2.432374954E-1,-1.542750001E-1,1.823250055E-1,3.408924500E-1
5.955892362E0,2.539624870E-1,-1.883749962E-1,1.823250055E-1,3.649993036E-1
5.958387746E0,2.602874935E-1,-2.107875049E-1,1.780624986E-1,3.793246695E-1
5.960883130E0,2.656500041E-1,-2.299000025E-1,1.717374921E-1,3.910469307E-1
5.963378515E0,2.667500079E-1,-2.426874936E-1,1.632124931E-1,3.958422718E-1
5.965873909E0,2.678500116E-1,-2.480500042E-1,1.524875015E-1,3.956322427E-1
5.968369064E0,2.688125074E-1,-2.512125075E-1,1.387374997E-1,3.932123877E-1
5.970864447E0,2.667500079E-1,-2.501125038E-1,1.269125044E-1,3.870640968E-1
5.973359831E0,2.635875046E-1,-2.480500042E-1,1.152250022E-1,3.798473092E-1
5.975855216E0,2.613874972E-1,-2.437874973E-1,1.013374999E-1,3.715172357E-1
5.978350606E0,2.550624907E-1,-2.374625057E-1,8.758749813E-2,3.593283813E-1
5.980845990E0,2.508000135E-1,-2.289374918E-1,7.479999959E-2,3.477183657E-1
5.983341375E0,2.432374954E-1,-2.182125002E-1,6.517499685E-2,3.332100758E-1
5.985836685E0,2.389750034E-1,-2.076250017E-1,5.555000156E-2,3.214078347E-1
5.988332144E0,2.337500006E-1,-1.968999952E-1,4.702499881E-2,3.092248719E-1
5.990827440E0,2.315499932E-1,-1.841125041E-1,4.069999978E-2,2.986122963E-1
5.993322899E0,2.294874936E-1,-1.713249981E-1,3.753750026E-2,2.888352967E-1
5.995818209E0,2.315499932E-1,-1.607374996E-1,3.533750027E-2,2.840786547E-1
5.998313592E0,2.337500006E-1,-1.522125006E-1,3.643750027E-2,2.813101483E-1
6.000808976E0,2.389750034E-1,-1.457500011E-1,3.753750026E-2,2.824202170E-1
6.003304342E0,2.454375029E-1,-1.425874978E-1,4.276249930E-2,2.870529458E-1
6.005799727E0,2.517625093E-1,-1.446499974E-1,4.922499880E-2,2.945014149E-1
6.008295111E0,2.613874972E-1,-1.479499936E-1,5.775000155E-2,3.058556636E-1
6.010790496E0,2.699125111E-1,-1.531749964E-1,6.517499685E-2,3.171168923E-1
6.013285652E0,2.784374952E-1,-1.616999954E-1,7.163749635E-2,3.298579363E-1
6.015781260E0,2.858625054E-1,-1.735250056E-1,7.906249911E-2,3.436265099E-1
6.018276647E0,2.965874970E-1,-1.809500009E-1,8.442500234E-2,3.575396862E-1
6.020772031E0,3.071750104E-1,-1.915374994E-1,8.855000138E-2,3.726717101E-1
6.023267185E0,3.156999946E-1,-1.979999989E-1,9.501250088E-2,3.845749101E-1
6.025762799E0,3.253250122E-1,-2.033624947E-1,9.817499667E-2,3.960189362E-1
6.028257963E0,3.359124959E-1,-2.054249942E-1,9.817499667E-2,4.058016302E-1
6.030753346E0,3.477374911E-1,-2.054249942E-1,9.817499667E-2,4.156430211E-1
6.033248731E0,3.572250009E-1,-2.000624985E-1,9.611249715E-2,4.205619058E-1
6.035744115E0,3.668499887E-1,-1.915374994E-1,9.184999764E-2,4.239126678E-1
6.038239500E0,3.796375096E-1,-1.863124967E-1,8.758749813E-2,4.318663623E-1
6.040734866E0,3.870624900E-1,-1.777874976E-1,8.222500235E-2,4.338049291E-1
6.043230250E0,3.988874853E-1,-1.681624949E-1,7.796250284E-2,4.398499772E-1
6.045725635E0,4.063124955E-1,-1.553750038E-1,7.053750008E-2,4.406889773E-1
6.048221020E0,4.137375057E-1,-1.383250058E-1,6.311249733E-2,4.407898798E-1
6.050716405E0,4.190999866E-1,-1.170125008E-1,5.128749833E-2,4.381405386E-1
6.053211776E0,4.265249968E-1,-9.459999949E-2,4.606249928E-2,4.393113777E-1
6.055707161E0,4.307875037E-1,-6.696250290E-2,3.959999979E-2,4.377556512E-1
6.058202469E0,4.361499846E-1,-3.602499887E-2,2.997500077E-2,4.386605866E-1
6.060697852E0,4.424749911E-1,-4.124999978E-3,2.144999988E-2,4.430138100E-1
6.063193236E0,4.489375055E-1,2.791249938E-2,1.512499992E-2,4.500586152E-1
6.065688635E0,4.521000087E-1,6.407500058E-2,7.699999958E-3,4.566829465E-1
6.068184019E0,4.563624859E-1,9.597499669E-2,7.699999958E-3,4.664088427E-1
6.070679404E0,4.626874924E-1,1.269125044E-1,2.337499987E-3,4.797832461E-1
6.073174789E0,4.659875035E-1,1.513874978E-1,-8.249999955E-4,4.899624563E-1
6.075670174E0,4.669499993E-1,1.715999991E-1,1.374999993E-4,4.974825429E-1
6.078165545E0,4.669499993E-1,1.865874976E-1,1.237499993E-3,5.028506016E-1
6.080660700E0,4.637874961E-1,1.982749999E-1,1.237499993E-3,5.043940409E-1
6.083156082E0,4.595249891E-1,2.099625021E-1,-8.249999955E-4,5.052208909E-1
6.085651698E0,4.510000050E-1,2.195875049E-1,1.237499993E-3,5.016185884E-1
6.088146839E0,4.413749874E-1,2.334749997E-1,4.399999976E-3,4.993413812E-1
6.090642452E0,4.318875074E-1,2.419999987E-1,8.662499487E-3,4.951422597E-1
6.093137608E0,4.233624935E-1,2.505249977E-1,1.292499993E-2,4.921032727E-1
6.095632991E0,4.137375057E-1,2.536875010E-1,1.718750037E-2,4.856248366E-1
6.098128375E0,4.031499922E-1,2.451625019E-1,2.144999988E-2,4.723289861E-1
6.100623740E0,3.924250007E-1,2.334749997E-1,2.681249939E-2,4.574132341E-1
6.103119124E0,3.827999830E-1,2.089999914E-1,3.327500075E-2,4.374060460E-1
6.105614509E0,3.733125031E-1,1.801249981E-1,4.069999978E-2,4.164897717E-1
6.108109819E0,3.657499850E-1,1.461624950E-1,4.496249929E-2,3.964317757E-1
6.110605211E0,3.562625051E-1,1.067000031E-1,5.348749831E-2,3.757243347E-1
6.113100673E0,3.455374837E-1,6.407500058E-2,5.775000155E-2,3.561415744E-1
6.115595983E0,3.359124959E-1,2.144999988E-2,6.311249733E-2,3.424623989E-1
6.118091442E0,3.275249898E-1,-2.227500081E-2,6.737499684E-2,3.351241335E-1
6.120586752E0,3.179000020E-1,-6.476250291E-2,6.833750010E-2,3.315488003E-1
6.123082148E0,3.114374876E-1,-1.073874980E-1,7.163749635E-2,3.371310047E-1
6.125577533E0,3.008500040E-1,-1.479499936E-1,7.053750008E-2,3.426010280E-1
6.128072918E0,2.901250124E-1,-1.894749999E-1,7.163749635E-2,3.538435096E-1
6.130568302E0,2.815999985E-1,-2.213750035E-1,6.943749636E-2,3.648657523E-1
6.133063687E0,2.710124850E-1,-2.501125038E-1,6.627500057E-2,3.746950857E-1
6.135559072E0,2.613874972E-1,-2.736249864E-1,6.407500058E-2,3.837963817E-1
6.138054457E0,2.517625093E-1,-2.906749845E-1,6.091250107E-2,3.893412905E-1
6.140549612E0,2.411749959E-1,-3.003000021E-1,5.555000156E-2,3.891417127E-1
6.143045225E0,2.305874974E-1,-3.055250049E-1,4.812499881E-2,3.857876852E-1
6.145540395E0,2.220624983E-1,-3.066250086E-1,4.386249930E-2,3.811227727E-1
6.148035778E0,2.135374993E-1,-3.034625053E-1,3.753750026E-2,3.729568604E-1
6.150531163E0,2.070749998E-1,-2.949374914E-1,3.217500076E-2,3.618057629E-1
6.153026778E0,1.974499971E-1,-2.917749882E-1,2.474999987E-2,3.531737640E-1
6.155521905E0,1.889249980E-1,-2.895750105E-1,1.292499993E-2,3.459962388E-1
6.158017287E0,1.783374995E-1,-2.821500003E-1,3.437499981E-3,3.338033895E-1
6.160512672E0,1.687124968E-1,-2.682625055E-1,-5.087499972E-3,3.169456753E-1
6.163008057E0,1.570249945E-1,-2.543750107E-1,-1.251249947E-2,2.991990268E-1
6.165503441E0,1.463000029E-1,-2.352624983E-1,-2.323750034E-2,2.780145956E-1
6.167998821E0,1.368124932E-1,-2.096875012E-1,-3.602499887E-2,2.529511949E-1
6.170494131E0,1.282874942E-1,-1.735250056E-1,-4.138749838E-2,2.197305936E-1
6.172989590E0,1.218250021E-1,-1.383250058E-1,-4.564999789E-2,1.898922344E-1
6.175484977E0,1.165999994E-1,-9.790000319E-2,-4.881250113E-2,1.598831784E-1
6.177980284E0,1.143999994E-1,-5.953750014E-2,-4.881250113E-2,1.378939232E-1
6.180475667E0,1.165999994E-1,-2.653750032E-2,-4.771250114E-2,1.287489089E-1
6.182971052E0,1.186624989E-1,-9.624999948E-4,-4.564999789E-2,1.271441597E-1
6.185466436E0,1.251250058E-1,2.364999987E-2,-4.138749838E-2,1.338974033E-1
6.187961821E0,1.325500011E-1,4.069999978E-2,-3.382499889E-2,1.427239410E-1
6.190457206E0,1.420374960E-1,5.444999784E-2,-2.749999985E-2,1.545823487E-1
6.192952591E0,1.495999992E-1,6.517499685E-2,-2.007500082E-2,1.644109048E-1
6.195447976E0,1.570249945E-1,7.259999961E-2,-9.349999949E-3,1.732484671E-1
6.197943361E0,1.623875052E-1,7.892499864E-2,1.237499993E-3,1.805557771E-1
6.200438515E0,1.698125005E-1,8.222500235E-2,1.086249948E-2,1.889847354E-1
6.202933898E0,1.740749925E-1,8.112499863E-2,1.718750037E-2,1.928179935E-1
6.205429298E0,1.772374958E-1,7.796250284E-2,2.571249940E-2,1.953264303E-1
6.207924682E0,1.803999990E-1,7.259999961E-2,3.327500075E-2,1.972869617E-1
6.210420067E0,1.803999990E-1,6.297499686E-2,3.959999979E-2,1.951362854E-1
6.212915451E0,1.803999990E-1,5.238749832E-2,4.276249930E-2,1.926583530E-1
6.215410836E0,1.783374995E-1,3.849999979E-2,4.606249928E-2,1.881708467E-1
6.217906216E0,1.761374921E-1,2.364999987E-2,4.812499881E-2,1.841188587E-1
6.220401601E0,1.740749925E-1,1.086249948E-2,5.032499880E-2,1.815287923E-1
6.222896986E0,1.687124968E-1,-1.924999990E-3,5.032499880E-2,1.760687868E-1
6.225392371E0,1.590874940E-1,-1.801249944E-2,4.606249928E-2,1.665984235E-1
6.227887679E0,1.484999955E-1,-3.176249936E-2,4.276249930E-2,1.577648135E-1
6.230383144E0,1.388749927E-1,-4.455000162E-2,4.179999977E-2,1.517175212E-1
6.232878453E0,1.271875054E-1,-5.417500064E-2,3.753750026E-2,1.432503268E-1
6.235373913E0,1.132999957E-1,-5.733750015E-2,3.107500076E-2,1.307292378E-1
6.237869223E0,9.844999760E-2,-5.843750015E-2,2.571249940E-2,1.173391498E-1
6.240364605E0,8.566249907E-2,-5.417500064E-2,2.048750035E-2,1.034056677E-1
6.242860009E0,7.177499682E-2,-4.771250114E-2,1.622499898E-2,8.770053321E-2
6.245355394E0,5.898749828E-2,-4.248749837E-2,1.196249947E-2,7.367369860E-2
6.247850778E0,4.729999974E-2,-3.396249935E-2,6.599999964E-3,5.860291236E-2
6.250346163E0,3.657500073E-2,-2.969999984E-2,3.437499981E-3,4.724020613E-2
6.252841319E0,2.488750033E-2,-2.433750033E-2,1.374999993E-4,3.480977595E-2
6.255336706E0,1.636249945E-2,-2.007500082E-2,-1.924999990E-3,2.597003410E-2
6.257832322E0,8.937500417E-3,-1.581249945E-2,-1.924999990E-3,1.826525876E-2
6.260327708E0,1.512499992E-3,-1.154999994E-2,-3.024999984E-3,1.203498150E-2
6.262822862E0,-7.012499962E-3,-7.287499961E-3,-6.187499966E-3,1.185613627E-2
6.265318475E0,-1.127499994E-2,2.337499987E-3,-7.287499961E-3,1.362707546E-2
6.267813636E0,-1.773750037E-2,1.292499993E-2,-5.087499972E-3,2.252903013E-2
6.270309019E0,-2.296249941E-2,2.681249939E-2,-6.187499966E-3,3.583952648E-2
6.272804404E0,-2.942499891E-2,4.166249931E-2,-5.087499972E-3,5.125892181E-2
6.275299788E0,-3.052499890E-2,5.128749833E-2,-5.087499972E-3,5.990046493E-2
6.277795098E0,-3.258749843E-2,5.775000155E-2,1.374999993E-4,6.631007947E-2
6.280290495E0,-3.575000167E-2,6.297499686E-2,3.437499981E-3,7.249640857E-2
6.282785956E0,-3.684999794E-2,6.297499686E-2,4.399999976E-3,7.309673439E-2
6.285281343E0,-4.001250118E-2,6.297499686E-2,6.599999964E-3,7.490267339E-2
6.287776727E0,-4.221250117E-2,6.201250106E-2,9.762499481E-3,7.564887269E-2
6.290272112E0,-4.221250117E-2,5.775000155E-2,1.196249947E-2,7.252626647E-2
6.292767435E0,-4.537500069E-2,5.664999783E-2,1.938750036E-2,7.512648076E-2
6.295262817E0,-4.757500067E-2,5.444999784E-2,2.254999988E-2,7.574091001E-2
6.297758202E0,-5.073750019E-2,5.348749831E-2,2.144999988E-2,7.678091492E-2
6.300253587E0,-5.499999970E-2,5.775000155E-2,2.364999987E-2,8.318284162E-2
6.302748971E0,-5.816249922E-2,6.201250106E-2,2.791249938E-2,8.948482679E-2
6.305244356E0,-6.036249921E-2,6.517499685E-2,2.997500077E-2,9.375453160E-2
6.307739740E0,-6.132499874E-2,6.723749638E-2,2.901249938E-2,9.551628923E-2
6.310235125E0,-6.242499873E-2,7.039999962E-2,3.107500076E-2,9.908933386E-2
6.312730510E0,-6.462500244E-2,7.369999588E-2,3.327500075E-2,1.035147623E-1
6.315225665E0,-6.462500244E-2,7.686249912E-2,3.423750028E-2,1.060963766E-1
6.317721039E0,-6.462500244E-2,7.466249913E-2,3.753750026E-2,1.056406344E-1
6.320216424E0,-6.668750197E-2,7.466249913E-2,3.753750026E-2,1.069148054E-1
6.322711808E0,-6.668750197E-2,7.466249913E-2,3.849999979E-2,1.072565228E-1
6.325207193E0,-6.778749824E-2,7.369999588E-2,3.753750026E-2,1.069387593E-1
6.327702578E0,-6.668750197E-2,7.466249913E-2,3.753750026E-2,1.069148054E-1
6.330197962E0,-6.668750197E-2,7.576250285E-2,3.753750026E-2,1.076858565E-1
6.332693347E0,-6.875000149E-2,7.369999588E-2,3.753750026E-2,1.075514576E-1
6.335188657E0,-6.778749824E-2,6.943749636E-2,3.753750026E-2,1.040469834E-1
6.337684116E0,-6.668750197E-2,6.201250106E-2,3.753750026E-2,9.849790420E-2
6.340179426E0,-6.778749824E-2,5.348749831E-2,3.849999979E-2,9.454262201E-2
6.342674875E0,-6.875000149E-2,4.166249931E-2,4.276249930E-2,9.105469730E-2
6.345170262E0,-6.668750197E-2,2.887500077E-2,4.276249930E-2,8.431856222E-2
6.347665570E0,-6.558749825E-2,1.828750037E-2,4.276249930E-2,8.040388015E-2
6.350160952E0,-6.668750197E-2,9.762499481E-3,4.386249930E-2,8.041422859E-2
6.352656337E0,-6.984999776E-2,1.237499993E-3,4.812499881E-2,8.483259458E-2
6.355151755E0,-6.984999776E-2,-7.287499961E-3,4.812499881E-2,8.513604027E-2
6.357647140E0,-7.301250100E-2,-1.471249945E-2,4.702499881E-2,8.808310540E-2
6.360142525E0,-7.411249727E-2,-1.897500083E-2,4.702499881E-2,8.980013041E-2
6.362637910E0,-7.631249726E-2,-2.117500082E-2,4.702499881E-2,9.210498581E-2
6.365133295E0,-7.631249726E-2,-2.117500082E-2,4.812499881E-2,9.267142714E-2
6.367628680E0,-7.837499678E-2,-1.897500083E-2,4.702499881E-2,9.334902940E-2
6.370123834E0,-7.947500050E-2,-1.471249945E-2,4.812499881E-2,9.406778862E-2
6.372619217E0,-7.947500050E-2,-5.224999972E-3,5.032499880E-2,9.421349072E-2
6.375114602E0,-8.153750002E-2,1.237499993E-3,5.458749831E-2,9.813098536E-2
6.377609986E0,-7.837499678E-2,6.599999964E-3,5.458749831E-2,9.573920352E-2
6.380105371E0,-7.631249726E-2,1.402499992E-2,5.348749831E-2,9.424017369E-2
6.382600756E0,-7.204999775E-2,2.144999988E-2,5.555000156E-2,9.347249512E-2
6.385096065E0,-6.875000149E-2,2.791249938E-2,5.884999782E-2,9.470476530E-2
6.387591525E0,-6.558749825E-2,3.107500076E-2,5.664999783E-2,9.206844113E-2
6.390086911E0,-6.132499874E-2,3.739999980E-2,5.555000156E-2,9.080373411E-2
6.392582310E0,-5.816249922E-2,4.386249930E-2,5.555000156E-2,9.161112287E-2
6.395077695E0,-5.499999970E-2,5.018749833E-2,5.238749832E-2,9.103974372E-2
6.397573079E0,-5.389999971E-2,5.444999784E-2,4.922499880E-2,9.106652920E-2
6.400068464E0,-4.963750020E-2,5.871250108E-2,4.922499880E-2,9.129150955E-2
6.402563772E0,-4.757500067E-2,6.201250106E-2,4.702499881E-2,9.121557702E-2
6.405059125E0,-4.757500067E-2,6.613750011E-2,4.276249930E-2,9.201185226E-2
6.407554510E0,-4.757500067E-2,7.039999962E-2,4.179999977E-2,9.469308642E-2
6.410049894E0,-4.647500068E-2,7.039999962E-2,3.959999979E-2,9.318929991E-2
6.412545279E0,-4.757500067E-2,7.150000334E-2,3.849999979E-2,9.411631713E-2
6.415040664E0,-4.853750020E-2,7.150000334E-2,3.423750028E-2,9.295346055E-2
6.417536049E0,-5.073750019E-2,7.150000334E-2,3.217500076E-2,9.339044425E-2
6.420031434E0,-5.279999971E-2,7.259999961E-2,3.217500076E-2,9.536157815E-2
6.422526819E0,-5.609999970E-2,7.150000334E-2,3.217500076E-2,9.640897840E-2
6.425021973E0,-5.926249921E-2,7.150000334E-2,3.327500075E-2,9.864846661E-2
6.427517371E0,-6.462500244E-2,6.943749636E-2,3.217500076E-2,1.001658001E-1
6.430012756E0,-6.875000149E-2,6.833750010E-2,3.217500076E-2,1.021362193E-1
6.432508140E0,-7.095000148E-2,6.833750010E-2,3.327500075E-2,1.039766431E-1
6.435003525E0,-7.204999775E-2,6.297499686E-2,3.423750028E-2,1.016329613E-1
6.437498910E0,-7.301250100E-2,5.775000155E-2,3.533750027E-2,9.957221955E-2
6.439994279E0,-7.411249727E-2,5.018749833E-2,3.423750028E-2,9.583138142E-2
6.442489664E0,-7.411249727E-2,3.849999979E-2,3.533750027E-2,9.068434904E-2
6.444985049E0,-7.204999775E-2,2.681249939E-2,4.069999978E-2,8.698621891E-2
6.447480358E0,-6.875000149E-2,1.086249948E-2,4.276249930E-2,8.168958285E-2
6.449975818E0,-6.558749825E-2,-5.224999972E-3,4.496249929E-2,7.969094612E-2
6.452471122E0,-6.352499872E-2,-2.323750034E-2,4.386249930E-2,8.061839573E-2
6.454966582E0,-6.132499874E-2,-4.028749838E-2,4.496249929E-2,8.605500763E-2
6.457461892E0,-5.706249923E-2,-5.307500064E-2,4.496249929E-2,8.997061106E-2
6.459957274E0,-5.183750018E-2,-6.476250291E-2,4.179999977E-2,9.288997895E-2
6.462452659E0,-4.853750020E-2,-7.232499868E-2,3.849999979E-2,9.523153020E-2
6.464948058E0,-4.221250117E-2,-7.755000144E-2,3.423750028E-2,9.470007605E-2
6.467443443E0,-4.001250118E-2,-7.864999771E-2,2.901249938E-2,9.288997530E-2
6.469938828E0,-3.478749841E-2,-7.658749819E-2,2.254999988E-2,8.708798665E-2
6.472433984E0,-3.258749843E-2,-7.328750193E-2,1.828750037E-2,8.226442526E-2
6.474929356E0,-2.832499892E-2,-6.806249917E-2,9.762499481E-3,7.436474805E-2
6.477424741E0,-2.626249939E-2,-6.270000339E-2,4.399999976E-3,6.812025616E-2
6.479920125E0,-2.406249940E-2,-5.733750015E-2,-8.249999955E-4,6.218740569E-2
6.482415510E0,-2.199999988E-2,-4.881250113E-2,-8.387500420E-3,5.419419180E-2
6.484910895E0,-2.296249941E-2,-3.822499886E-2,-1.251249947E-2,4.631403200E-2
6.487406279E0,-2.516249940E-2,-2.749999985E-2,-1.787500083E-2,4.133904961E-2
6.489901664E0,-2.722499892E-2,-1.154999994E-2,-2.007500082E-2,3.574365290E-2
6.492397049E0,-2.942499891E-2,6.599999964E-3,-1.787500083E-2,3.505575866E-2
6.494892358E0,-2.942499891E-2,2.364999987E-2,-1.581249945E-2,4.092906295E-2
6.497387818E0,-3.052499890E-2,3.739999980E-2,-1.251249947E-2,4.987081497E-2
6.499883194E0,-3.258749843E-2,4.922499880E-2,-1.044999994E-2,5.995204800E-2
6.502378579E0,-3.575000167E-2,5.555000156E-2,-8.387500420E-3,6.658990506E-2
6.504873887E0,-3.904999793E-2,5.981250107E-2,-1.924999990E-3,7.145728268E-2
6.507369346E0,-4.221250117E-2,5.981250107E-2,2.337499987E-3,7.324543976E-2
6.509864656E0,-4.427500069E-2,6.201250106E-2,7.699999958E-3,7.658404516E-2
6.512360049E0,-4.757500067E-2,6.517499685E-2,1.292499993E-2,8.172035565E-2
6.514855433E0,-4.853750020E-2,6.517499685E-2,1.828750037E-2,8.329526884E-2
6.517350818E0,-4.853750020E-2,6.613750011E-2,2.474999987E-2,8.568909114E-2
6.519846202E0,-4.647500068E-2,6.517499685E-2,2.997500077E-2,8.547635096E-2
6.522341587E0,-4.537500069E-2,6.201250106E-2,3.423750028E-2,8.412281142E-2
6.524836981E0,-4.427500069E-2,5.664999783E-2,3.753750026E-2,8.110833414E-2
6.527332366E0,-4.221250117E-2,5.018749833E-2,4.069999978E-2,7.718270678E-2
6.529827521E0,-3.904999793E-2,4.166249931E-2,4.496249929E-2,7.267938173E-2
6.532322904E0,-3.368749842E-2,3.313750029E-2,4.606249928E-2,6.599011529E-2
6.534818288E0,-2.832499892E-2,2.681249939E-2,4.702499881E-2,6.109473136E-2
6.537313673E0,-2.199999988E-2,1.938750036E-2,5.032499880E-2,5.824500553E-2
6.539809058E0,-1.663750038E-2,1.086249948E-2,5.128749833E-2,5.500188904E-2
6.542304442E0,-1.237499993E-2,4.399999976E-3,4.922499880E-2,5.094704241E-2
6.544799827E0,-4.949999973E-3,-1.924999990E-3,4.496249929E-2,4.527509765E-2
6.547295137E0,-6.874999963E-4,-7.287499961E-3,3.849999979E-2,3.918967078E-2
6.549790577E0,1.512499992E-3,-1.044999994E-2,3.643750027E-2,3.793654677E-2
6.552285964E0,3.574999981E-3,-1.374999993E-2,2.997500077E-2,3.317143039E-2
6.554781271E0,4.674999975E-3,-1.471249945E-2,2.474999987E-2,2.916977474E-2
6.557276731E0,6.874999963E-3,-1.581249945E-2,1.622499898E-2,2.367596577E-2
6.559772133E0,7.837500423E-3,-1.581249945E-2,7.699999958E-3,1.925490979E-2
6.562267517E0,6.874999963E-3,-1.154999994E-2,4.399999976E-3,1.414312988E-2
6.564762825E0,4.674999975E-3,-9.487500414E-3,-1.924999990E-3,1.075053086E-2
6.567258208E0,3.574999981E-3,-8.387500420E-3,-9.349999949E-3,1.305960517E-2
6.569753592E0,4.124999978E-4,-5.224999972E-3,-1.251249947E-2,1.356589193E-2
6.572248981E0,-1.649999991E-3,-5.224999972E-3,-1.581249945E-2,1.673494139E-2
6.574744365E0,-7.012499962E-3,-6.187499966E-3,-1.581249945E-2,1.837104925E-2
6.577239750E0,-1.237499993E-2,-8.387500420E-3,-1.677500084E-2,2.246978949E-2
6.579734906E0,-1.773750037E-2,-9.487500414E-3,-1.677500084E-2,2.619221710E-2
6.582230288E0,-2.626249939E-2,-1.154999994E-2,-1.677500084E-2,3.323435009E-2
6.584725673E0,-3.258749843E-2,-1.154999994E-2,-1.787500083E-2,3.892124365E-2
6.587221058E0,-4.331250116E-2,-1.471249945E-2,-1.361249946E-2,4.772557531E-2
6.589716442E0,-5.279999971E-2,-1.471249945E-2,-9.349999949E-3,5.560323830E-2
6.592211827E0,-6.132499874E-2,-1.044999994E-2,-6.187499966E-3,6.251594296E-2
6.594707212E0,-6.984999776E-2,-7.287499961E-3,-1.924999990E-3,7.025550133E-2
6.597202631E0,-7.727500051E-2,-1.924999990E-3,3.437499981E-3,7.737536905E-2
6.599697940E0,-8.373750001E-2,4.399999976E-3,1.086249948E-2,8.455366818E-2
6.602193323E0,-8.689999580E-2,7.562499959E-3,1.512499992E-2,8.853003049E-2
6.604688784E0,-8.579999954E-2,8.662499487E-3,2.048750035E-2,8.863642868E-2
6.607184094E0,-8.483749628E-2,9.762499481E-3,2.791249938E-2,8.984327906E-2
6.609679548E0,-8.263749629E-2,6.599999964E-3,3.533750027E-2,9.011800441E-2
6.612174858E0,-7.837499678E-2,5.499999970E-3,4.276249930E-2,8.945122395E-2
6.614670318E0,-7.204999775E-2,1.237499993E-3,4.702499881E-2,8.604698772E-2
6.617165627E0,-6.778749824E-2,1.237499993E-3,4.812499881E-2,8.314259939E-2
6.619661010E0,-6.036249921E-2,-9.624999948E-4,5.032499880E-2,7.859493127E-2
6.622156399E0,-5.183750018E-2,-9.624999948E-4,5.238749832E-2,7.370551412E-2
6.624651784E0,-4.427500069E-2,-9.624999948E-4,5.348749831E-2,6.944144705E-2
6.627147169E0,-3.684999794E-2,3.299999982E-3,5.238749832E-2,6.413472014E-2
6.629642553E0,-2.942499891E-2,5.499999970E-3,5.128749833E-2,5.938424071E-2
6.632137938E0,-2.406249940E-2,1.086249948E-2,5.128749833E-2,5.768366543E-2
6.634633323E0,-1.773750037E-2,1.608750038E-2,4.922499880E-2,5.474054343E-2
6.637128478E0,-1.553750038E-2,2.254999988E-2,4.922499880E-2,5.632953861E-2
6.639623861E0,-1.347499993E-2,2.887500077E-2,4.702499881E-2,5.680397703E-2
6.642119246E0,-1.127499994E-2,3.107500076E-2,4.276249930E-2,5.405009383E-2
6.644614630E0,-1.347499993E-2,3.423750028E-2,4.496249929E-2,5.809826496E-2
6.647110015E0,-1.663750038E-2,3.739999980E-2,4.386249930E-2,5.999571025E-2
6.649605400E0,-2.199999988E-2,4.069999978E-2,4.179999977E-2,6.235166363E-2
6.652100784E0,-2.832499892E-2,4.276249930E-2,3.753750026E-2,6.356100091E-2
6.654596094E0,-3.575000167E-2,4.812499881E-2,3.643750027E-2,7.015532450E-2
6.657091548E0,-4.427500069E-2,5.018749833E-2,3.423750028E-2,7.517491005E-2
6.659586935E0,-5.073750019E-2,5.238749832E-2,3.533750027E-2,8.104000760E-2
6.662082243E0,-5.926249921E-2,5.238749832E-2,3.643750027E-2,8.708722765E-2
6.664577625E0,-6.668750197E-2,5.128749833E-2,3.327500075E-2,9.047019442E-2
6.667073010E0,-7.411249727E-2,5.018749833E-2,3.107500076E-2,9.474757471E-2
6.669568395E0,-7.947500050E-2,4.702499881E-2,2.997500077E-2,9.708824280E-2
6.672063779E0,-8.483749628E-2,4.386249930E-2,2.901249938E-2,9.981505267E-2
6.674559164E0,-8.799999952E-2,3.423750028E-2,2.791249938E-2,9.846478540E-2
6.677054548E0,-8.799999952E-2,2.364999987E-2,2.901249938E-2,9.562974187E-2
6.679549704E0,-8.483749628E-2,1.292499993E-2,2.791249938E-2,9.024169779E-2
6.682045312E0,-8.153750002E-2,-9.624999948E-4,2.901249938E-2,8.655065243E-2
6.684540468E0,-7.631249726E-2,-1.471249945E-2,2.901249938E-2,8.295649461E-2
6.687036081E0,-7.204999775E-2,-3.079999983E-2,2.901249938E-2,8.355577350E-2
6.689531237E0,-6.875000149E-2,-4.675000161E-2,2.791249938E-2,8.769967490E-2
6.692026619E0,-6.132499874E-2,-5.623750016E-2,3.107500076E-2,8.882042314E-2
6.694522004E0,-5.706249923E-2,-6.476250291E-2,2.571249940E-2,9.006355104E-2
6.697017389E0,-5.279999971E-2,-7.012499869E-2,2.364999987E-2,9.091027392E-2
6.699512773E0,-4.647500068E-2,-7.328750193E-2,2.144999988E-2,8.939287512E-2
6.702008158E0,-4.331250116E-2,-7.328750193E-2,1.828750037E-2,8.707159908E-2
6.704503543E0,-4.111250117E-2,-7.122500241E-2,1.512499992E-2,8.361820581E-2
6.706998843E0,-3.684999794E-2,-6.476250291E-2,9.762499481E-3,7.514925500E-2
6.709494226E0,-3.478749841E-2,-6.049999967E-2,2.337499987E-3,6.982752976E-2
6.711989687E0,-3.368749842E-2,-5.197500065E-2,-1.924999990E-3,6.196736131E-2
6.714484997E0,-3.478749841E-2,-4.455000162E-2,-6.187499966E-3,5.686086392E-2
6.716980457E0,-3.575000167E-2,-3.602499887E-2,-8.387500420E-3,5.144135813E-2
6.719475834E0,-3.795000166E-2,-2.653750032E-2,-1.251249947E-2,4.796878352E-2
6.721971142E0,-4.001250118E-2,-1.897500083E-2,-1.581249945E-2,4.702218674E-2
6.724466525E0,-4.647500068E-2,-9.487500414E-3,-1.897500083E-2,5.108805153E-2
6.726961909E0,-5.183750018E-2,-1.924999990E-3,-2.323750034E-2,5.684024518E-2
6.729457294E0,-6.036249921E-2,5.499999970E-3,-2.433750033E-2,6.531611771E-2
6.731952673E0,-6.668750197E-2,1.182499994E-2,-2.433750033E-2,7.196782242E-2
6.734448058E0,-7.301250100E-2,1.718750037E-2,-2.749999985E-2,7.989045915E-2
6.736943443E0,-8.153750002E-2,2.034999989E-2,-2.956249937E-2,8.908663073E-2
6.739438828E0,-8.910000324E-2,2.144999988E-2,-3.066249937E-2,9.663902907E-2
6.741933983E0,-9.762500226E-2,2.144999988E-2,-3.066249937E-2,1.045510996E-1
6.744429380E0,-1.050499976E-1,2.144999988E-2,-3.176249936E-2,1.118233466E-1
6.746924764E0,-1.113749966E-1,2.144999988E-2,-3.286249936E-2,1.180865624E-1
6.749420149E0,-1.167374998E-1,2.034999989E-2,-3.492499888E-2,1.235375324E-1
6.751915534E0,-1.220999956E-1,1.718750037E-2,-3.382499889E-2,1.278591008E-1
6.754410918E0,-1.284250021E-1,1.718750037E-2,-3.602499887E-2,1.344849132E-1
6.756906289E0,-1.306249946E-1,1.608750038E-2,-3.808749840E-2,1.370122419E-1
6.759401674E0,-1.348875016E-1,1.608750038E-2,-4.028749838E-2,1.416916662E-1
6.761896983E0,-1.369500011E-1,1.402499992E-2,-4.235000163E-2,1.440330728E-1
6.764392443E0,-1.402499974E-1,1.608750038E-2,-4.455000162E-2,1.480323346E-1
6.766887752E0,-1.423124969E-1,1.828750037E-2,-4.771250114E-2,1.512076791E-1
6.769383135E0,-1.445125043E-1,2.034999989E-2,-5.087500066E-2,1.545517780E-1
6.771878520E0,-1.497374922E-1,2.364999987E-2,-5.513750017E-2,1.613095874E-1
6.774373904E0,-1.551000029E-1,3.107500076E-2,-5.733750015E-2,1.682535453E-1
6.776869289E0,-1.647250056E-1,3.217500076E-2,-5.843750015E-2,1.777202847E-1
6.779364679E0,-1.784749925E-1,3.959999979E-2,-5.733750015E-2,1.915961165E-1
6.781860064E0,-1.934625059E-1,4.812499881E-2,-5.513750017E-2,2.068426954E-1
6.784355449E0,-2.116124928E-1,5.871250108E-2,-5.513750017E-2,2.264225007E-1
6.786850834E0,-2.329249978E-1,7.576250285E-2,-5.733750015E-2,2.515583439E-1
6.789345973E0,-2.574000061E-1,9.281250089E-2,-5.843750015E-2,2.797925390E-1
6.791841587E0,-2.818749845E-1,1.141249985E-1,-5.939999968E-2,3.098489666E-1
6.794336743E0,-3.095124960E-1,1.322750002E-1,-5.939999968E-2,3.417938279E-1
6.796832125E0,-3.393499851E-1,1.524875015E-1,-6.159999967E-2,3.771013265E-1
6.799327510E0,-3.713875115E-1,1.758625060E-1,-6.159999967E-2,4.155127732E-1
6.801822894E0,-4.043875039E-1,1.993750036E-1,-6.270000339E-2,4.552042791E-1
6.804318279E0,-4.384875000E-1,2.217874974E-1,-6.476250291E-2,4.956361200E-1
6.806813664E0,-4.768500030E-1,2.451625019E-1,-6.902500242E-2,5.406061678E-1
6.809309048E0,-5.183749795E-1,2.633124888E-1,-7.328750193E-2,5.860180407E-1
6.811804433E0,-5.598999858E-1,2.803624868E-1,-7.975000143E-2,6.312298954E-1
6.814299729E0,-6.036249995E-1,2.963125110E-1,-8.827500045E-2,6.782010911E-1
6.816795111E0,-6.494125128E-1,3.144625127E-1,-9.996250272E-2,7.284337895E-1
6.819290496E0,-7.026249766E-1,3.335750103E-1,-1.148125008E-1,7.862162906E-1
6.821785880E0,-7.569375038E-1,3.548874855E-1,-1.329624951E-1,8.465096202E-1
6.824281265E0,-8.177124858E-1,3.825249970E-1,-1.520749927E-1,9.154812320E-1
6.826776645E0,-8.805499673E-1,4.156624973E-1,-1.744875014E-1,9.892367991E-1
6.829272030E0,-9.476500154E-1,4.529249966E-1,-2.000624985E-1,1.069208402E0
6.831767185E0,-1.020112514E0,4.987125099E-1,-2.256374955E-1,1.157694255E0
6.834262799E0,-1.093537450E0,5.530250072E-1,-2.523125112E-1,1.251128457E0
6.836758185E0,-1.167099953E0,6.115999818E-1,-2.767874897E-1,1.346398214E0
6.839253560E0,-1.238462448E0,6.744375229E-1,-3.001624942E-1,1.441788032E0
6.841748944E0,-1.304462552E0,7.372750044E-1,-3.225750029E-1,1.532726856E0
6.844244098E0,-1.368399978E0,7.906249762E-1,-3.416875005E-1,1.616897245E0
6.846739481E0,-1.424912453E0,8.353124857E-1,-3.587374985E-1,1.690211537E0
6.849234866E0,-1.469599962E0,8.683124781E-1,-3.737249970E-1,1.747386901E0
6.851730241E0,-1.507962465E0,8.927875161E-1,-3.876124918E-1,1.794787951E0
6.854225626E0,-1.536700010E0,9.151999950E-1,-4.003999829E-1,1.832855177E0
6.856721010E0,-1.553750038E0,9.268875122E-1,-4.046624899E-1,1.853917844E0
6.859216395E0,-1.563374996E0,9.279875159E-1,-4.013625085E-1,1.861825468E0
6.861711714E0,-1.565575004E0,9.077749848E-1,-3.971000016E-1,1.852773307E0
6.864207096E0,-1.558012486E0,8.736749887E-1,-3.876124918E-1,1.827827764E0
6.866702481E0,-1.543162465E0,8.267874718E-1,-3.757874966E-1,1.790570903E0
6.869197866E0,-1.526112437E0,7.682124972E-1,-3.544749916E-1,1.744941871E0
6.871693250E0,-1.504799962E0,7.011125088E-1,-3.331624866E-1,1.693215556E0
6.874188640E0,-1.480324984E0,6.308500171E-1,-3.097875118E-1,1.638689142E0
6.876684024E0,-1.454749942E0,5.561875105E-1,-2.842124999E-1,1.583167295E0
6.879179409E0,-1.428074956E0,4.785000086E-1,-2.597374916E-1,1.528340244E0
6.881674565E0,-1.397137523E0,4.017750025E-1,-2.373249978E-1,1.473003586E0
6.884170178E0,-1.368399978E0,3.304125071E-1,-2.182125002E-1,1.424537686E0
6.886665565E0,-1.337599993E0,2.707374990E-1,-2.000624985E-1,1.379310530E0
6.889160950E0,-1.306662440E0,2.153249979E-1,-1.841125041E-1,1.337022439E0
6.891656334E0,-1.273662448E0,1.684374958E-1,-1.691250056E-1,1.295835826E0
6.894151488E0,-1.238462448E0,1.269125044E-1,-1.553750038E-1,1.254606477E0
6.896646880E0,-1.201200008E0,8.855000138E-2,-1.468500048E-1,1.213378542E0
6.899142264E0,-1.163937449E0,4.922499880E-2,-1.392875016E-1,1.173275115E0
6.901637649E0,-1.124475002E0,7.562499959E-3,-1.392875016E-1,1.133094096E0
6.904133033E0,-1.080887437E0,-3.712499887E-2,-1.414874941E-1,1.090740403E0
6.906628418E0,-1.031800032E0,-8.084999770E-2,-1.446499974E-1,1.045022320E0
6.909123799E0,-9.806500077E-1,-1.308999956E-1,-1.520749927E-1,1.000967557E0
6.911619108E0,-9.231749773E-1,-1.883749962E-1,-1.606000066E-1,9.557873927E-1
6.914114568E0,-8.614374995E-1,-2.437874973E-1,-1.724250019E-1,9.117221565E-1
6.916609878E0,-8.006625175E-1,-2.927374840E-1,-1.819124967E-1,8.716925249E-1
6.919105260E0,-7.398874760E-1,-3.364624977E-1,-1.915374994E-1,8.350611374E-1
6.921600649E0,-6.760874987E-1,-3.694624901E-1,-2.032250017E-1,7.968043918E-1
6.924096034E0,-6.142125130E-1,-3.993000090E-1,-2.107875049E-1,7.623180967E-1
6.926591418E0,-5.502749681E-1,-4.280374944E-1,-2.191749960E-1,7.307915682E-1
6.929086803E0,-4.896374941E-1,-4.525125027E-1,-2.276999950E-1,7.045280182E-1
6.931582193E0,-4.310624897E-1,-4.780874848E-1,-2.330625057E-1,6.846171520E-1
6.934077578E0,-3.745499849E-1,-5.016000271E-1,-2.373249978E-1,6.694874405E-1
6.936572733E0,-3.191374838E-1,-5.249750018E-1,-2.426874936E-1,6.605639300E-1
6.939068115E0,-2.648249865E-1,-5.451874733E-1,-2.501125038E-1,6.556812633E-1
6.941563500E0,-2.125750035E-1,-5.633375049E-1,-2.523125112E-1,6.528390918E-1
6.944058900E0,-1.647250056E-1,-5.750250220E-1,-2.575374842E-1,6.512400934E-1
6.946554284E0,-1.199000031E-1,-5.911124945E-1,-2.586374879E-1,6.562646890E-1
6.949049669E0,-7.411249727E-2,-6.059625149E-1,-2.617999911E-1,6.642457881E-1
6.951545054E0,-3.052499890E-2,-6.241124868E-1,-2.651000023E-1,6.787681364E-1
6.954040448E0,8.937500417E-3,-6.432250142E-1,-2.628999949E-1,6.949350366E-1
6.956535833E0,4.729999974E-2,-6.656374931E-1,-2.597374916E-1,7.160824860E-1
6.959031218E0,8.249999583E-2,-6.880499721E-1,-2.617999911E-1,7.407821871E-1
6.961526603E0,1.143999994E-1,-7.093625069E-1,-2.575374842E-1,7.632876796E-1
6.964021988E0,1.442375034E-1,-7.273749709E-1,-2.532750070E-1,7.835987716E-1
6.966517290E0,1.729750037E-1,-7.455250025E-1,-2.480500042E-1,8.045226447E-1
6.969012673E0,1.964875013E-1,-7.572125196E-1,-2.415875047E-1,8.187445637E-1
6.971508058E0,2.167000026E-1,-7.636749744E-1,-2.352624983E-1,8.279533808E-1
6.974003442E0,2.369125038E-1,-7.679374814E-1,-2.267374992E-1,8.350241933E-1
6.976498827E0,2.571249902E-1,-7.688999772E-1,-2.171124965E-1,8.393201247E-1
6.978994212E0,2.752749920E-1,-7.699999809E-1,-2.043250054E-1,8.428671305E-1
6.981489597E0,2.912249863E-1,-7.710999846E-1,-1.947000027E-1,8.469446676E-1
6.983984752E0,3.114374876E-1,-7.742624879E-1,-1.883749962E-1,8.555471045E-1
6.986480365E0,3.295874894E-1,-7.764624953E-1,-1.819124967E-1,8.629102365E-1
6.988975521E0,3.508999944E-1,-7.816874981E-1,-1.733874977E-1,8.742021363E-1
6.991470904E0,3.711124957E-1,-7.849875093E-1,-1.670625061E-1,8.842170294E-1
6.993966519E0,3.924250007E-1,-7.892500162E-1,-1.616999954E-1,8.961360710E-1
6.996461906E0,4.148375094E-1,-7.924125195E-1,-1.585374922E-1,9.083732144E-1
6.998957060E0,4.350500107E-1,-7.955750227E-1,-1.520749927E-1,9.194209764E-1
7.001452442E0,4.521000087E-1,-7.987374663E-1,-1.500124931E-1,9.299890892E-1
7.003947822E0,4.691500068E-1,-8.009374738E-1,-1.468500048E-1,9.397699131E-1
7.006443207E0,4.862000048E-1,-7.998374701E-1,-1.403875053E-1,9.464877574E-1
7.008938591E0,4.978874922E-1,-7.955750227E-1,-1.361249983E-1,9.483467650E-1
7.011433976E0,5.064125061E-1,-7.827875018E-1,-1.307625026E-1,9.414397120E-1
7.013929286E0,5.138375163E-1,-7.636749744E-1,-1.222374961E-1,9.285313485E-1
7.016424673E0,5.138375163E-1,-7.401624918E-1,-1.159124970E-1,9.084631057E-1
7.018920058E0,5.138375163E-1,-7.145875096E-1,-1.116499975E-1,8.872034851E-1
7.021415442E0,5.117750168E-1,-6.858500242E-1,-1.073874980E-1,8.624592734E-1
7.023910827E0,5.086125135E-1,-6.517499685E-1,-9.776250273E-2,8.324795597E-1
7.026406221E0,5.000874996E-1,-6.133875251E-1,-9.143749624E-2,7.966759560E-1
7.028901606E0,4.958249927E-1,-5.718625188E-1,-8.181250095E-2,7.612899901E-1
7.031396991E0,4.882625043E-1,-5.271750093E-1,-7.328750193E-2,7.222775239E-1
7.033892376E0,4.797374904E-1,-4.780874848E-1,-6.049999967E-2,6.799823180E-1
7.036387761E0,4.702500105E-1,-4.280374944E-1,-4.344999790E-2,6.373688660E-1
7.038882911E0,4.626874924E-1,-3.854124844E-1,-2.433750033E-2,6.026730562E-1
7.041378294E0,4.541625082E-1,-3.481499851E-1,-1.924999990E-3,5.722549271E-1
7.043873678E0,4.499000013E-1,-3.205125034E-1,1.938750036E-2,5.527333454E-1
7.046369063E0,4.467374980E-1,-3.023625016E-1,4.702499881E-2,5.414876038E-1
7.048864447E0,4.489375055E-1,-2.927374840E-1,7.369999588E-2,5.409915043E-1
7.051359822E0,4.510000050E-1,-2.960374951E-1,1.013374999E-1,5.489157421E-1
7.053855207E0,4.563624859E-1,-3.140499890E-1,1.248499975E-1,5.678746657E-1
7.056350592E0,4.617249966E-1,-3.427875042E-1,1.482249945E-1,5.938551124E-1
7.058845977E0,4.669499993E-1,-3.822500110E-1,1.728374958E-1,6.277182272E-1
7.061341362E0,4.723125100E-1,-4.291374981E-1,1.962125003E-1,6.676357126E-1
7.063836659E0,4.787749946E-1,-4.771249890E-1,2.153249979E-1,7.093931247E-1
7.066332119E0,4.839999974E-1,-5.303375125E-1,2.303124964E-1,7.540276657E-1
7.068827428E0,4.893625081E-1,-5.857499838E-1,2.419999987E-1,8.007138735E-1
7.071322811E0,4.925250113E-1,-6.432250142E-1,2.494249940E-1,8.476627474E-1
7.073818196E0,4.989874959E-1,-7.039999962E-1,2.527250051E-1,8.991520694E-1
7.076313595E0,5.010499954E-1,-7.646374702E-1,2.516250014E-1,9.481754585E-1
7.078808980E0,5.010499954E-1,-8.233500123E-1,2.441999912E-1,9.942786211E-1
7.081304365E0,5.021499991E-1,-8.819249868E-1,2.345750034E-1,1.041619766E0
7.083799750E0,5.021499991E-1,-9.362375140E-1,2.186249942E-1,1.084662248E0
7.086294905E0,4.967874885E-1,-9.851874709E-1,2.015749961E-1,1.121616976E0
7.088790273E0,4.925250113E-1,-1.030012488E0,1.813624948E-1,1.156027235E0
7.091285657E0,4.873000085E-1,-1.069337487E0,1.600500047E-1,1.185984808E0
7.093781042E0,4.819374979E-1,-1.099174976E0,1.387374997E-1,1.208179405E0
7.096276427E0,4.712125063E-1,-1.122687459E0,1.163249984E-1,1.223110732E0
7.098771811E0,4.637874961E-1,-1.134374976E0,9.611249715E-2,1.229285581E0
7.101267201E0,4.552625120E-1,-1.137537479E0,7.590000331E-2,1.227605915E0
7.103762585E0,4.467374980E-1,-1.130112529E0,5.775000155E-2,1.216578720E0
7.106257970E0,4.393124878E-1,-1.117324948E0,3.959999979E-2,1.201240468E0
7.108753355E0,4.350500107E-1,-1.094912529E0,2.474999987E-2,1.178437321E0
7.111248740E0,4.307875037E-1,-1.065075040E0,7.699999958E-3,1.148922105E0
7.113744059E0,4.307875037E-1,-1.030012488E0,-7.287499961E-3,1.116493039E0
7.116239442E0,4.287250042E-1,-9.831249714E-1,-2.007500082E-2,1.072726826E0
7.118734826E0,4.318875074E-1,-9.277125001E-1,-2.639999986E-2,1.023657297E0
7.121230211E0,4.350500107E-1,-8.691374660E-1,-3.492499888E-2,9.725678393E-1
7.123725595E0,4.413749874E-1,-8.072624803E-1,-3.808749840E-2,9.208339965E-1
7.126220975E0,4.499000013E-1,-7.486875057E-1,-3.918749839E-2,8.743446989E-1
7.128716360E0,4.606249928E-1,-6.965749860E-1,-3.712499887E-2,8.359248535E-1
7.131211745E0,4.754749835E-1,-6.485875249E-1,-3.382499889E-2,8.049138885E-1
7.133707130E0,4.882625043E-1,-6.048625112E-1,-2.859999985E-2,7.778668848E-1
7.136202515E0,5.032500029E-1,-5.676000118E-1,-2.323750034E-2,7.589270849E-1
7.138697669E0,5.191999674E-1,-5.335000157E-1,-1.897500083E-2,7.446817599E-1
7.141193052E0,5.351499915E-1,-4.993999898E-1,-1.471249945E-2,7.321217938E-1
7.143688437E0,5.468375087E-1,-4.675000012E-1,-9.349999949E-3,7.194963061E-1
7.146183821E0,5.575624704E-1,-4.345000088E-1,-6.187499966E-3,7.068977658E-1
7.148679206E0,5.660874844E-1,-3.993000090E-1,-1.924999990E-3,6.927476039E-1
7.151174576E0,5.724124908E-1,-3.673999906E-1,-3.024999984E-3,6.801823016E-1
7.153669960E0,5.757125020E-1,-3.364624977E-1,-1.924999990E-3,6.668250167E-1
7.156165270E0,5.777750015E-1,-3.055250049E-1,-3.024999984E-3,6.535890388E-1
7.158660652E0,5.777750015E-1,-2.714250088E-1,-6.187499966E-3,6.383837192E-1
7.161156037E0,5.777750015E-1,-2.406249940E-1,-9.349999949E-3,6.259486901E-1
7.163651490E0,5.735124946E-1,-2.096875012E-1,-1.581249945E-2,6.108481519E-1
7.166146876E0,5.692499876E-1,-1.735250056E-1,-1.897500083E-2,5.954129043E-1
7.168642184E0,5.607249737E-1,-1.394249946E-1,-2.323750034E-2,5.782662074E-1
7.171137567E0,5.501375198E-1,-1.021625027E-1,-2.749999985E-2,5.602184553E-1
7.173632960E0,5.425750017E-1,-6.270000339E-2,-3.382499889E-2,5.472321751E-1
7.176128345E0,5.341874957E-1,-2.227500081E-2,-3.918749839E-2,5.360859225E-1
7.178623729E0,5.245624781E-1,1.718750037E-2,-4.344999790E-2,5.266394458E-1
7.181119114E0,5.171374679E-1,5.664999783E-2,-4.771250114E-2,5.224144578E-1
7.183614499E0,5.106750131E-1,9.597499669E-2,-5.513750017E-2,5.225325950E-1
7.186109899E0,5.086125135E-1,1.365374923E-1,-6.159999967E-2,5.302110294E-1
7.188605054E0,5.053125024E-1,1.791625023E-1,-6.792499870E-2,5.404199596E-1
7.191100437E0,5.043500066E-1,2.238499969E-1,-7.438749820E-2,5.567865391E-1
7.193595821E0,5.064125061E-1,2.653749883E-1,-8.181250095E-2,5.775558813E-1
7.196091206E0,5.128750205E-1,3.048374951E-1,-8.923749626E-2,6.032661235E-1
7.198586596E0,5.171374679E-1,3.452624977E-1,-9.776250273E-2,6.294401162E-1
7.201081980E0,5.223624706E-1,3.867875040E-1,-1.010624990E-1,6.577847312E-1
7.203577290E0,5.299249887E-1,4.273499846E-1,-1.053249985E-1,6.888699866E-1
7.206072673E0,5.383124948E-1,4.646124840E-1,-1.105500013E-1,7.196293526E-1
7.208568057E0,5.447750092E-1,4.987125099E-1,-1.127500013E-1,7.471322111E-1
7.211063451E0,5.511000156E-1,5.317124724E-1,-1.137124971E-1,7.741833843E-1
7.213558835E0,5.564625263E-1,5.647125244E-1,-1.137124971E-1,8.009252839E-1
7.216054297E0,5.607249737E-1,5.891875029E-1,-1.105500013E-1,8.208384204E-1
7.218549607E0,5.638874769E-1,6.126999855E-1,-1.084875017E-1,8.397260844E-1
7.221044989E0,5.638874769E-1,6.329125166E-1,-1.073874980E-1,8.544468474E-1
7.223540136E0,5.618249774E-1,6.456999779E-1,-1.042250022E-1,8.622288662E-1
7.226035750E0,5.575624704E-1,6.553249955E-1,-9.996250272E-2,8.662097091E-1
7.228530905E0,5.533000231E-1,6.573874950E-1,-9.679999948E-2,8.646788271E-1
7.231026519E0,5.479375124E-1,6.573874950E-1,-9.033749998E-2,8.605548792E-1
7.233521675E0,5.373499990E-1,6.499624848E-1,-9.033749998E-2,8.481492304E-1
7.236017292E0,5.245624781E-1,6.414374709E-1,-8.497499675E-2,8.329637282E-1
7.238512448E0,5.117750168E-1,6.360750198E-1,-7.755000144E-2,8.200726196E-1
7.241007831E0,4.947249889E-1,6.297500134E-1,-7.438749820E-2,8.042831553E-1
7.243503215E0,4.797374904E-1,6.223250031E-1,-7.438749820E-2,7.892844666E-1
7.245998600E0,4.617249966E-1,6.137999892E-1,-6.792499870E-2,7.710734107E-1
7.248493984E0,4.404124916E-1,6.052749753E-1,-6.270000339E-2,7.511672576E-1
7.250989369E0,4.222624898E-1,5.956500173E-1,-5.417500064E-2,7.321471738E-1
7.253484754E0,4.031499922E-1,5.860249996E-1,-4.564999789E-2,7.127686432E-1
7.255980139E0,3.807374835E-1,5.796999931E-1,-3.712499887E-2,6.945440079E-1
7.258475448E0,3.614875078E-1,5.732374787E-1,-2.859999985E-2,6.783011023E-1
7.260970831E0,3.401750028E-1,5.689749718E-1,-1.787500083E-2,6.631523706E-1
7.263466215E0,3.190000057E-1,5.689749718E-1,-9.349999949E-3,6.523656526E-1
7.265961600E0,3.008500040E-1,5.743374825E-1,1.374999993E-4,6.483627746E-1
7.268456984E0,2.838000059E-1,5.817624927E-1,5.499999970E-3,6.473177668E-1
7.270952369E0,2.645500004E-1,5.913875103E-1,1.512499992E-2,6.480390850E-1
7.273447740E0,2.486000061E-1,6.084374785E-1,2.474999987E-2,6.577314732E-1
7.275943125E0,2.358125001E-1,6.254875064E-1,3.423750028E-2,6.693387500E-1
7.278438510E0,2.252250016E-1,6.445999742E-1,4.386249930E-2,6.842217088E-1
7.280933895E0,2.187625021E-1,6.595875025E-1,5.555000156E-2,6.971359325E-1
7.283429049E0,2.167000026E-1,6.755374670E-1,6.517499685E-2,7.124307269E-1
7.285924451E0,2.102375031E-1,6.851624846E-1,7.906249911E-2,7.210397470E-1
7.288419836E0,2.113374919E-1,6.936874986E-1,8.855000138E-2,7.305525196E-1
7.290915220E0,2.113374919E-1,6.957499981E-1,9.927500039E-2,7.338849508E-1
7.293410605E0,2.113374919E-1,6.957499981E-1,1.077999994E-1,7.350866855E-1
7.295905989E0,2.113374919E-1,6.957499981E-1,1.163249984E-1,7.363851578E-1
7.298401374E0,2.113374919E-1,6.903874874E-1,1.280124933E-1,7.332704935E-1
7.300896759E0,2.081750035E-1,6.840624809E-1,1.322750002E-1,7.271691589E-1
7.303392144E0,2.050125003E-1,6.755374670E-1,1.365374923E-1,7.190434489E-1
7.305887453E0,1.974499971E-1,6.670125127E-1,1.407999992E-1,7.097301129E-1
7.308382836E0,1.889249980E-1,6.616500020E-1,1.450625062E-1,7.032186792E-1
7.310878220E0,1.794375032E-1,6.542249918E-1,1.472624987E-1,6.941861429E-1
7.313373605E0,1.666499972E-1,6.531249881E-1,1.472624987E-1,6.899497918E-1
7.315868990E0,1.548250020E-1,6.531249881E-1,1.461624950E-1,6.869545154E-1
7.318364374E0,1.420374960E-1,6.542249918E-1,1.419000030E-1,6.843395363E-1
7.320859516E0,1.314499974E-1,6.531249881E-1,1.376374960E-1,6.802906968E-1
7.323355129E0,1.155000031E-1,6.499624848E-1,1.354375035E-1,6.738952439E-1
7.325850285E0,1.027124971E-1,6.436374784E-1,1.291124970E-1,6.644464595E-1
7.328345668E0,8.992499858E-2,6.360750198E-1,1.216875017E-1,6.538239704E-1
7.330841052E0,7.823749632E-2,6.286500096E-1,1.174250022E-1,6.442907508E-1
7.333336672E0,6.861250103E-2,6.243875027E-1,1.163249984E-1,6.388262158E-1
7.335831828E0,5.788749829E-2,6.232874990E-1,1.098624989E-1,6.355375972E-1
7.338327210E0,5.156249925E-2,6.243875027E-1,1.055999994E-1,6.353501434E-1
7.340822595E0,4.619999975E-2,6.308500171E-1,1.024374962E-1,6.407804809E-1
7.343317985E0,4.193750024E-2,6.414374709E-1,1.013374999E-1,6.507457813E-1
7.345813369E0,3.987500072E-2,6.564249992E-1,1.003749967E-1,6.652510318E-1
7.348308754E0,3.877500072E-2,6.776000261E-1,9.611249715E-2,6.854800567E-1
7.350804138E0,3.877500072E-2,7.000125051E-1,9.817499667E-2,7.079260822E-1
7.353299523E0,4.303750023E-2,7.235249877E-1,9.817499667E-2,7.314225620E-1
7.355794828E0,4.729999974E-2,7.500625253E-1,1.003749967E-1,7.582257063E-1
7.358290210E0,5.266249925E-2,7.810000181E-1,1.055999994E-1,7.898643725E-1
7.360785595E0,5.898749828E-2,8.129000068E-1,1.109625027E-1,8.225561519E-1
7.363280980E0,6.751249731E-2,8.417750001E-1,1.163249984E-1,8.524521062E-1
7.365776364E0,7.823749632E-2,8.725749850E-1,1.259499937E-1,8.850828273E-1
7.368271740E0,8.992499858E-2,8.992499709E-1,1.439625025E-1,9.151296180E-1
7.370767125E0,1.016125008E-1,9.248250127E-1,1.621125042E-1,9.444082107E-1
7.373262280E0,1.143999994E-1,9.461374879E-1,1.780624986E-1,9.695203759E-1
7.375757663E0,1.271875054E-1,9.609875083E-1,1.982749999E-1,9.894375312E-1
7.378253048E0,1.388749927E-1,9.685499668E-1,2.164250016E-1,1.002105325E0
7.380748422E0,1.463000029E-1,9.717124701E-1,2.356749922E-1,1.010530315E0
7.383243807E0,1.527625024E-1,9.695125222E-1,2.547875047E-1,1.014005713E0
7.385739191E0,1.581249982E-1,9.642875195E-1,2.740375102E-1,1.014864765E0
7.388234576E0,1.623875052E-1,9.535624981E-1,2.899875045E-1,1.009823694E0
7.390729961E0,1.633500010E-1,9.439374804E-1,3.048374951E-1,1.005299502E0
7.393225356E0,1.601874977E-1,9.354124665E-1,3.144625127E-1,9.997715683E-1
7.395720741E0,1.559250057E-1,9.248250127E-1,3.240875006E-1,9.922936156E-1
7.398216050E0,1.527625024E-1,9.162999988E-1,3.293125033E-1,9.855905817E-1
7.400711432E0,1.473999918E-1,9.066749811E-1,3.335750103E-1,9.772709790E-1
7.403206817E0,1.399749964E-1,8.970500231E-1,3.346749842E-1,9.676254898E-1
7.405702202E0,1.314499974E-1,8.810999990E-1,3.357749879E-1,9.520300166E-1
7.408197586E0,1.229249984E-1,8.630874753E-1,3.326124847E-1,9.330924982E-1
7.410692971E0,1.101374999E-1,8.384749889E-1,3.261500001E-1,9.063908641E-1
7.413188355E0,9.955000132E-2,8.086374998E-1,3.207874894E-1,8.756194506E-1
7.415683735E0,8.456250280E-2,7.756375074E-1,3.155624866E-1,8.416317739E-1
7.418178891E0,7.067500055E-2,7.394750118E-1,3.079999983E-1,8.041655599E-1
7.420674504E0,5.472499877E-2,7.042750120E-1,2.994749844E-1,7.672570523E-1
7.423169660E0,3.987500072E-2,6.733375192E-1,2.899875045E-1,7.342112660E-1
7.425665043E0,2.598750032E-2,6.436374784E-1,2.825624943E-1,7.034103474E-1
7.428160422E0,7.837500423E-3,6.180624962E-1,2.750000060E-1,6.765261849E-1
7.430655807E0,-1.017499994E-2,5.967500210E-1,2.644124925E-1,6.527848684E-1
7.433151192E0,-2.626249939E-2,5.796999931E-1,2.505249977E-1,6.320637431E-1
7.435646576E0,-3.904999793E-2,5.680124760E-1,2.366375029E-1,6.165714743E-1
7.438141886E0,-5.073750019E-2,5.637499690E-1,2.217874974E-1,6.079292849E-1
7.440637345E0,-6.352499872E-2,5.647125244E-1,2.121624947E-1,6.065876563E-1
7.443132655E0,-7.411249727E-2,5.743374825E-1,1.993750036E-1,6.124594665E-1
7.445628115E0,-8.263749629E-2,5.945500135E-1,1.876875013E-1,6.289239004E-1
7.448123501E0,-8.910000324E-2,6.190249920E-1,1.791625023E-1,6.505612604E-1
7.450618886E0,-9.116250277E-2,6.456999779E-1,1.748999953E-1,6.751511473E-1
7.453114194E0,-9.226249903E-2,6.744375229E-1,1.748999953E-1,7.028288194E-1
7.455609576E0,-9.006249905E-2,7.042750120E-1,1.728374958E-1,7.307443782E-1
7.458104961E0,-8.579999954E-2,7.320500016E-1,1.748999953E-1,7.575281204E-1
7.460600345E0,-7.727500051E-2,7.543249726E-1,1.780624986E-1,7.788991228E-1
7.463095730E0,-7.204999775E-2,7.745375037E-1,1.865874976E-1,7.999465239E-1
7.465591110E0,-6.036249921E-2,7.906249762E-1,1.951124966E-1,8.165784534E-1
7.468086495E0,-5.389999971E-2,8.001124859E-1,2.004749924E-1,8.266047560E-1
7.470581880E0,-4.537500069E-2,8.034124970E-1,2.058375031E-1,8.306019557E-1
7.473077035E0,-4.001250118E-2,8.043749928E-1,2.132624984E-1,8.331272547E-1
7.475572417E0,-3.684999794E-2,7.991499901E-1,2.186249942E-1,8.293343819E-1
7.478067783E0,-3.575000167E-2,7.895249724E-1,2.206874937E-1,8.205673127E-1
7.480563168E0,-3.684999794E-2,7.788000107E-1,2.186249942E-1,8.097433341E-1
7.483058552E0,-4.221250117E-2,7.628499866E-1,2.186249942E-1,7.946816251E-1
7.485553937E0,-4.963750020E-2,7.426375151E-1,2.143625021E-1,7.745486702E-1
7.488049247E0,-6.132499874E-2,7.192624807E-1,2.058375031E-1,7.506452886E-1
7.490544629E0,-7.521250099E-2,6.968500018E-1,1.993750036E-1,7.287024340E-1
7.493040091E0,-9.336250275E-2,6.733375192E-1,1.876875013E-1,7.052138469E-1
7.495535401E0,-1.113749966E-1,6.553249955E-1,1.759999990E-1,6.876272532E-1
7.498030783E0,-1.284250021E-1,6.403374672E-1,1.643124968E-1,6.734416453E-1
7.500526168E0,-1.487749964E-1,6.286500096E-1,1.493249983E-1,6.630481048E-1
7.503021552E0,-1.667875051E-1,6.212249994E-1,1.365374923E-1,6.575568862E-1
7.505516708E0,-1.827374995E-1,6.275500059E-1,1.226499975E-1,6.650225752E-1
7.508012322E0,-1.997874975E-1,6.393749714E-1,1.120624989E-1,6.791711138E-1
7.510507708E0,-2.094125003E-1,6.616500020E-1,1.109625027E-1,7.028136292E-1
7.513003088E0,-2.190375030E-1,6.883249879E-1,1.152250022E-1,7.314680566E-1
7.515498472E0,-2.201374918E-1,7.107374668E-1,1.248499975E-1,7.544506504E-1
7.517993857E0,-2.158749998E-1,7.202249765E-1,1.396999955E-1,7.647497114E-1
7.520489011E0,-2.073500007E-1,7.085375190E-1,1.600500047E-1,7.554041585E-1
7.522984394E0,-1.955250055E-1,6.766374707E-1,1.823250055E-1,7.275374232E-1
7.525479764E0,-1.784749925E-1,6.308500171E-1,2.047374994E-1,6.868351408E-1
7.527975149E0,-1.572999954E-1,5.796999931E-1,2.238499969E-1,6.410180900E-1
7.530470533E0,-1.359875053E-1,5.231875181E-1,2.366375029E-1,5.900975246E-1
7.532965918E0,-1.167374998E-1,4.646124840E-1,2.484624982E-1,5.396536085E-1
7.535461303E0,-9.652499855E-2,4.156624973E-1,2.558875084E-1,4.975648741E-1
7.537956697E0,-7.947500050E-2,3.761999905E-1,2.579500079E-1,4.630128672E-1
7.540452006E0,-6.668750197E-2,3.420999944E-1,2.516250014E-1,4.298776226E-1
7.542947389E0,-5.609999970E-2,3.165250123E-1,2.431000024E-1,4.030296571E-1
7.545442773E0,-4.537500069E-2,2.983750105E-1,2.314125001E-1,3.803134008E-1
7.547938158E0,-3.795000166E-2,2.855874896E-1,2.143625021E-1,3.590984533E-1
7.550433542E0,-2.942499891E-2,2.718375027E-1,1.962125003E-1,3.365424249E-1
7.552928927E0,-2.089999989E-2,2.558875084E-1,1.759999990E-1,3.112735559E-1
7.555424312E0,-1.443750039E-2,2.408999950E-1,1.546874940E-1,2.866521757E-1
7.557919697E0,-7.012499962E-3,2.206874937E-1,1.354375035E-1,2.590279181E-1
7.560415082E0,-1.649999991E-3,1.971749961E-1,1.152250022E-1,2.283801715E-1
7.562910481E0,5.774999969E-3,1.727000028E-1,9.817499667E-2,1.987384501E-1
7.565405866E0,8.937500417E-3,1.493249983E-1,7.906249911E-2,1.692002151E-1
7.567901020E0,1.209999993E-2,1.280124933E-1,6.201250106E-2,1.427555908E-1
7.570396403E0,1.209999993E-2,1.077999994E-1,4.606249928E-2,1.178516174E-1
7.572891797E0,1.209999993E-2,9.075000137E-2,3.217500076E-2,9.704227646E-2
7.575387182E0,1.003750041E-2,7.259999961E-2,1.828750037E-2,7.553769938E-2
7.577882567E0,4.674999975E-3,6.407500058E-2,2.337499987E-3,6.428783113E-2
7.580377951E0,-1.649999991E-3,5.664999783E-2,-1.251249947E-2,5.803884386E-2
7.582873261E0,-9.212499484E-3,5.555000156E-2,-2.323750034E-2,6.091513968E-2
7.585368638E0,-2.089999989E-2,5.775000155E-2,-3.176249936E-2,6.914281626E-2
7.587864023E0,-3.368749842E-2,6.833750010E-2,-4.235000163E-2,8.716871060E-2
7.590359408E0,-4.757500067E-2,8.318749815E-2,-5.087500066E-2,1.084979550E-1
7.592854792E0,-6.132499874E-2,1.013374999E-1,-5.733750015E-2,1.315964790E-1
7.595350177E0,-7.727500051E-2,1.248499975E-1,-6.049999967E-2,1.588055337E-1
7.597845562E0,-9.116250277E-2,1.513874978E-1,-6.696250290E-2,1.889781818E-1
7.600340947E0,-1.007874981E-1,1.812250018E-1,-7.438749820E-2,2.203046094E-1
7.602836102E0,-1.124750003E-1,2.142249942E-1,-7.644999772E-2,2.537470709E-1
7.605331715E0,-1.209999993E-1,2.494249940E-1,-7.864999771E-2,2.881660105E-1
7.607826876E0,-1.295250058E-1,2.835249901E-1,-7.755000144E-2,3.212120014E-1
7.610322259E0,-1.380500048E-1,3.207874894E-1,-8.071249723E-2,3.584367788E-1
7.612817644E0,-1.423124969E-1,3.570874929E-1,-8.071249723E-2,3.927834411E-1
7.615313028E0,-1.487749964E-1,3.986124992E-1,-8.071249723E-2,4.330593854E-1
7.617808413E0,-1.519374996E-1,4.433000088E-1,-8.071249723E-2,4.755148881E-1
7.620303802E0,-1.530375034E-1,4.879874885E-1,-7.644999772E-2,5.171043111E-1
7.622799187E0,-1.561999917E-1,5.317124724E-1,-7.328750193E-2,5.590059469E-1
7.625294572E0,-1.551000029E-1,5.680124760E-1,-6.792499870E-2,5.927124001E-1
7.627789957E0,-1.561999917E-1,5.934500098E-1,-6.159999967E-2,6.167462294E-1
7.630285337E0,-1.561999917E-1,6.084374785E-1,-5.307500064E-2,6.304058680E-1
7.632780722E0,-1.561999917E-1,6.115999818E-1,-4.455000162E-2,6.328014521E-1
7.635276030E0,-1.572999954E-1,6.073374748E-1,-3.808749840E-2,6.285322223E-1
7.637771413E0,-1.604624987E-1,5.956500173E-1,-2.859999985E-2,6.175476634E-1
7.640266797E0,-1.658249944E-1,5.796999931E-1,-1.897500083E-2,6.032495847E-1
7.642762182E0,-1.732500046E-1,5.626500249E-1,-9.349999949E-3,5.887937136E-1
7.645257567E0,-1.817750037E-1,5.433999896E-1,-1.924999990E-3,5.730003545E-1
7.647752951E0,-1.912624985E-1,5.274500251E-1,4.399999976E-3,5.610741772E-1
7.650248107E0,-2.040500045E-1,5.103999972E-1,1.196249947E-2,5.498069324E-1
7.652743490E0,-2.190375030E-1,4.922499955E-1,2.048750035E-2,5.391727213E-1
7.655238874E0,-2.360875010E-1,4.720374942E-1,2.474999987E-2,5.283647098E-1
7.657734259E0,-2.542375028E-1,4.529249966E-1,3.107500076E-2,5.203301030E-1
7.660229644E0,-2.712875009E-1,4.327124953E-1,3.533750027E-2,5.119431127E-1
7.662725028E0,-2.903999984E-1,4.113999903E-1,3.849999979E-2,5.050389699E-1
7.665220413E0,-3.095124960E-1,3.932499886E-1,4.069999978E-2,5.020956370E-1
7.667715803E0,-3.308250010E-1,3.740000129E-1,4.276249930E-2,5.011485032E-1
7.670211188E0,-3.511750102E-1,3.580499887E-1,4.276249930E-2,5.033411503E-1
7.672706573E0,-3.713875115E-1,3.431999981E-1,4.069999978E-2,5.073178613E-1
7.675201958E0,-3.916000128E-1,3.324750066E-1,4.069999978E-2,5.153122257E-1
7.677697266E0,-4.097499847E-1,3.239499927E-1,3.533750027E-2,5.235335583E-1
7.680192658E0,-4.246000051E-1,3.154250085E-1,3.217500076E-2,5.299182305E-1
7.682688042E0,-4.416500032E-1,3.122625053E-1,2.681249939E-2,5.415547134E-1
7.685183427E0,-4.566375017E-1,3.111625016E-1,2.144999988E-2,5.529918741E-1
7.687678812E0,-4.703874886E-1,3.122625053E-1,1.622499898E-2,5.648322868E-1
7.690174196E0,-4.811125100E-1,3.218874931E-1,1.086249948E-2,5.789635562E-1
7.692669581E0,-4.905999899E-1,3.346749842E-1,8.662499487E-3,5.939450598E-1
7.695164966E0,-4.970625043E-1,3.495250046E-1,2.337499987E-3,6.076547753E-1
7.697660351E0,-5.044875145E-1,3.676750064E-1,-5.087499972E-3,6.242743349E-1
7.700155506E0,-5.130124688E-1,3.910500109E-1,-1.154999994E-2,6.451630079E-1
7.702650889E0,-5.172749758E-1,4.177249968E-1,-1.787500083E-2,6.651218604E-1
7.705146292E0,-5.215374827E-1,4.475624859E-1,-2.213750035E-2,6.876071507E-1
7.707641677E0,-5.257999897E-1,4.794625044E-1,-3.066249937E-2,7.122430141E-1
7.710137061E0,-5.279999971E-1,5.157625079E-1,-3.808749840E-2,7.390843112E-1
7.712632446E0,-5.300624967E-1,5.552250147E-1,-4.564999789E-2,7.689765859E-1
7.715127841E0,-5.332249999E-1,5.988125205E-1,-5.307500064E-2,8.035684731E-1
7.717623150E0,-5.332249999E-1,6.467999816E-1,-5.843750015E-2,8.402940308E-1
7.720118533E0,-5.354250073E-1,6.979500055E-1,-7.012499869E-2,8.824577407E-1
7.722613995E0,-5.374875069E-1,7.554249763E-1,-7.864999771E-2,9.304544788E-1
7.725109381E0,-5.374875069E-1,8.193625212E-1,-8.401250094E-2,9.835170875E-1
7.727604675E0,-5.374875069E-1,8.875625134E-1,-8.717499673E-2,1.041277828E0
7.730100057E0,-5.332249999E-1,9.600250125E-1,-8.827500045E-2,1.101712032E0
7.732595442E0,-5.289624929E-1,1.026024938E0,-8.291249722E-2,1.157325785E0
7.735090827E0,-5.226374865E-1,1.081437469E0,-7.218749821E-2,1.203273857E0
7.737586211E0,-5.152124763E-1,1.118700027E0,-5.939999968E-2,1.233070155E0
7.740081596E0,-5.066875219E-1,1.138912439E0,-4.028749838E-2,1.247187585E0
7.742576981E0,-4.970625043E-1,1.145375013E0,-2.433750033E-2,1.248818389E0
7.745072136E0,-4.874374866E-1,1.136849999E0,-8.387500420E-3,1.236969512E0
7.747567519E0,-4.811125100E-1,1.114437461E0,1.402499992E-2,1.213934431E0
7.750062879E0,-4.746499956E-1,1.083500028E0,3.533750027E-2,1.183433001E0
7.752558263E0,-4.714874923E-1,1.043074965E0,5.458749831E-2,1.145986751E0
7.755053648E0,-4.725874960E-1,9.961875081E-1,7.053750008E-2,1.104854756E0
7.757549033E0,-4.789125025E-1,9.439374804E-1,8.855000138E-2,1.062175247E0
7.760044398E0,-4.885374904E-1,8.938875198E-1,1.024374962E-1,1.023815031E0
7.762539783E0,-5.013250113E-1,8.427374959E-1,1.131625026E-1,9.870861188E-1
7.765035092E0,-5.172749758E-1,7.906249762E-1,1.216875017E-1,9.526117265E-1
7.767530552E0,-5.322625041E-1,7.448375225E-1,1.248499975E-1,9.239447116E-1
7.770025939E0,-5.493124723E-1,6.989125013E-1,1.280124933E-1,8.981147339E-1
7.772521237E0,-5.663625002E-1,6.584874988E-1,1.302125007E-1,8.782525622E-1
7.775016697E0,-5.823125243E-1,6.180624962E-1,1.280124933E-1,8.587644168E-1
7.777512007E0,-5.971624851E-1,5.817624927E-1,1.205874979E-1,8.423728249E-1
7.780007389E0,-6.110500097E-1,5.498625040E-1,1.141249985E-1,8.299128888E-1
7.782502774E0,-6.195750237E-1,5.211250186E-1,1.109625027E-1,8.171641034E-1
7.784998130E0,-6.269999743E-1,4.922499955E-1,1.077999994E-1,8.044003143E-1
7.787493286E0,-6.323624849E-1,4.668124914E-1,1.055999994E-1,7.930621504E-1
7.789988900E0,-6.344249845E-1,4.454999864E-1,1.024374962E-1,7.819582722E-1
7.792484286E0,-6.312624812E-1,4.305124879E-1,9.707500041E-2,7.702317042E-1
7.794979440E0,-6.258999705E-1,4.251500070E-1,9.281250089E-2,7.623106072E-1
7.797474837E0,-6.173750162E-1,4.327124953E-1,8.758749813E-2,7.589885270E-1
7.799970221E0,-6.078875065E-1,4.507249892E-1,8.112499863E-2,7.610923083E-1
7.802465606E0,-5.939999819E-1,4.794625044E-1,7.053750008E-2,7.666132079E-1
7.804960991E0,-5.801125169E-1,5.157625079E-1,6.091250107E-2,7.786217500E-1
7.807456375E0,-5.641624928E-1,5.604500175E-1,5.238749832E-2,7.969491767E-1
7.809951760E0,-5.460125208E-1,6.095374823E-1,4.276249930E-2,8.194475252E-1
7.812447070E0,-5.257999897E-1,6.606875062E-1,3.217500076E-2,8.449904382E-1
7.814942529E0,-5.044875145E-1,7.159624696E-1,2.048750035E-2,8.760876941E-1
7.817437839E0,-4.831750095E-1,7.713750005E-1,1.086249948E-2,9.102721983E-1
7.819933298E0,-4.587000012E-1,8.278874755E-1,3.437499981E-3,9.464751342E-1
7.822428608E0,-4.373874962E-1,8.790374994E-1,-6.187499966E-3,9.818620231E-1
7.824923991E0,-4.160749912E-1,9.354124665E-1,-1.787500083E-2,1.023930855E0
7.827419375E0,-3.969624937E-1,9.930250049E-1,-2.639999986E-2,1.069754571E0
7.829914760E0,-3.766124845E-1,1.052700043E0,-2.956249937E-2,1.118431171E0
7.832410139E0,-3.585999906E-1,1.112237453E0,-3.066249937E-2,1.169019373E0
7.834905523E0,-3.383874893E-1,1.162425041E0,-2.323750034E-2,1.210899686E0
7.837400679E0,-3.222999871E-1,1.200649977E0,-1.471249945E-2,1.243243382E0
7.839896292E0,-3.031874895E-1,1.221962452E0,-1.924999990E-3,1.259014930E0
7.842391448E0,-2.881999910E-1,1.223062515E0,1.402499992E-2,1.256637518E0
7.844886836E0,-2.754124999E-1,1.201750040E0,2.997500077E-2,1.233269518E0
7.847382220E0,-2.648249865E-1,1.157062531E0,4.702499881E-2,1.187913012E0
7.849877605E0,-2.585000098E-1,1.094225049E0,5.884999782E-2,1.125883669E0
7.852372990E0,-2.551999986E-1,1.018599987E0,6.943749636E-2,1.052375664E0
7.854868374E0,-2.574000061E-1,9.322500229E-1,8.222500235E-2,9.706213573E-1
7.857363759E0,-2.670249939E-1,8.427374959E-1,8.964999765E-2,8.885639856E-1
7.859859069E0,-2.787125111E-1,7.522624731E-1,9.281250089E-2,8.075850745E-1
7.862354451E0,-2.957625091E-1,6.584874988E-1,9.501250088E-2,7.280855878E-1
7.864849836E0,-3.117125034E-1,5.647125244E-1,9.611249715E-2,6.521522308E-1
7.867345221E0,-3.308250010E-1,4.731374979E-1,9.501250088E-2,5.850911455E-1
7.869840605E0,-3.511750102E-1,3.815625012E-1,8.442500234E-2,5.253964324E-1
7.872335990E0,-3.671250045E-1,2.920500040E-1,7.479999959E-2,4.750463280E-1
7.874831374E0,-3.830749989E-1,2.089999914E-1,6.407500058E-2,4.410590174E-1
7.877326759E0,-3.936625123E-1,1.333750039E-1,4.812499881E-2,4.184197423E-1
7.879821905E0,-4.021874964E-1,6.833750010E-2,3.753750026E-2,4.096753106E-1
7.882317518E0,-4.086500108E-1,1.086249948E-2,2.364999987E-2,4.094778965E-1
7.884812674E0,-4.097499847E-1,-3.602499887E-2,8.662499487E-3,4.114217902E-1
7.887308057E0,-4.086500108E-1,-7.548750192E-2,-4.124999978E-3,4.155841791E-1
7.889803441E0,-4.032875001E-1,-1.042250022E-1,-1.471249945E-2,4.167974526E-1
7.892298816E0,-3.926999867E-1,-1.255374998E-1,-2.213750035E-2,4.128716657E-1
7.894794126E0,-3.788124919E-1,-1.383250058E-1,-3.066249937E-2,4.044414668E-1
7.897289585E0,-3.617624938E-1,-1.436875015E-1,-3.918749839E-2,3.912209863E-1
7.899784972E0,-3.436124921E-1,-1.457500011E-1,-4.235000163E-2,3.756409591E-1
7.902280342E0,-3.233999908E-1,-1.414874941E-1,-4.661250114E-2,3.560603745E-1
7.904775727E0,-3.020874858E-1,-1.308999956E-1,-4.991250113E-2,3.329908643E-1
7.907271035E0,-2.787125111E-1,-1.181124970E-1,-5.197500065E-2,3.071361693E-1
7.909766417E0,-2.563000023E-1,-1.010624990E-1,-5.843750015E-2,2.816349789E-1
7.912261802E0,-2.329249978E-1,-8.291249722E-2,-5.939999968E-2,2.542772046E-1
7.914757192E0,-2.116124928E-1,-6.476250291E-2,-6.159999967E-2,2.297141460E-1
7.917252576E0,-1.903000027E-1,-4.991250113E-2,-6.476250291E-2,2.071220186E-1
7.919747961E0,-1.732500046E-1,-3.492499888E-2,-6.792499870E-2,1.893386519E-1
7.922243346E0,-1.572999954E-1,-2.007500082E-2,-7.438749820E-2,1.751564846E-1
7.924738731E0,-1.434125006E-1,-7.287499961E-3,-8.401250094E-2,1.663681259E-1
7.927234130E0,-1.317249984E-1,1.374999993E-4,-8.827500045E-2,1.585685019E-1
7.929729285E0,-1.241625026E-1,5.499999970E-3,-9.776250273E-2,1.581267972E-1
7.932224667E0,-1.199000031E-1,8.662499487E-3,-1.095874980E-1,1.626667432E-1
7.934720052E0,-1.167374998E-1,6.599999964E-3,-1.179749966E-1,1.661002820E-1
7.937215436E0,-1.178374961E-1,6.599999964E-3,-1.287000030E-1,1.746222388E-1
7.939710826E0,-1.199000031E-1,2.337499987E-3,-1.383250058E-1,1.830717943E-1
7.942206211E0,-1.220999956E-1,-3.024999984E-3,-1.511124969E-1,1.943001448E-1
7.944701595E0,-1.284250021E-1,-9.487500414E-3,-1.616999954E-1,2.067120759E-1
7.947196980E0,-1.391499937E-1,-1.801249944E-2,-1.755875051E-1,2.247624142E-1
7.949692365E0,-1.508374959E-1,-2.543750033E-2,-1.852124929E-1,2.402138300E-1
7.952187684E0,-1.636250019E-1,-3.396249935E-2,-1.958000064E-1,2.574184048E-1
7.954683144E0,-1.764124930E-1,-4.138749838E-2,-2.096875012E-1,2.771337960E-1
7.957178454E0,-1.903000027E-1,-4.564999789E-2,-2.234375030E-1,2.970224420E-1
7.959673836E0,-2.073500007E-1,-5.197500065E-2,-2.362249941E-1,3.185869918E-1
7.962169221E0,-2.211000025E-1,-5.733750015E-2,-2.458499968E-1,3.355816160E-1
7.964664609E0,-2.371875048E-1,-6.379999965E-2,-2.575374842E-1,3.558846837E-1
7.967159994E0,-2.509374917E-1,-7.122500241E-2,-2.725250125E-1,3.772433010E-1
7.969655150E0,-2.648249865E-1,-7.864999771E-2,-2.864125073E-1,3.979324314E-1
7.972150763E0,-2.796750069E-1,-8.827500045E-2,-2.938374877E-1,4.151518449E-1
7.974645919E0,-2.946625054E-1,-9.679999948E-2,-3.034625053E-1,4.339190295E-1
7.977141317E0,-3.085500002E-1,-1.042250022E-1,-3.129499853E-1,4.516676289E-1
7.979636701E0,-3.213374913E-1,-1.095874980E-1,-3.236750066E-1,4.690764468E-1
7.982132086E0,-3.330250084E-1,-1.127500013E-1,-3.289000094E-1,4.814493070E-1
7.984627471E0,-3.436124921E-1,-1.170125008E-1,-3.353624940E-1,4.941957835E-1
7.987122855E0,-3.574999869E-1,-1.192125008E-1,-3.416875005E-1,5.086926468E-1
7.989618220E0,-3.713875115E-1,-1.212750003E-1,-3.481499851E-1,5.233017499E-1
7.992113530E0,-3.851374984E-1,-1.266375035E-1,-3.555749953E-1,5.392601665E-1
7.994608912E0,-4.012250006E-1,-1.362625062E-1,-3.598375022E-1,5.559064667E-1
7.997104297E0,-4.182749987E-1,-1.468500048E-1,-3.630000055E-1,5.729641371E-1
7.999599754E0,-4.416500032E-1,-1.670625061E-1,-3.672625124E-1,5.982026072E-1
8.002095064E0,-4.651624858E-1,-1.926375031E-1,-3.737249970E-1,6.270213069E-1
8.004590447E0,-4.939000010E-1,-2.246749997E-1,-3.822500110E-1,6.637251972E-1
8.007085831E0,-5.257999897E-1,-2.597374916E-1,-3.865124881E-1,7.023682063E-1
8.009581216E0,-5.641624928E-1,-3.055250049E-1,-3.971000016E-1,7.545285005E-1
8.012076615E0,-6.067875028E-1,-3.577750027E-1,-4.056249857E-1,8.128503276E-1
8.014571999E0,-6.525750160E-1,-4.109874964E-1,-4.152500033E-1,8.758980757E-1
8.017067384E0,-7.026249766E-1,-4.632374942E-1,-4.280374944E-1,9.441858559E-1
8.019562769E0,-7.526749969E-1,-5.132874846E-1,-4.419249892E-1,1.012561795E0
8.022057924E0,-8.080874681E-1,-5.612750053E-1,-4.567750096E-1,1.084748080E0
8.024553307E0,-8.634999990E-1,-6.017000079E-1,-4.727250040E-1,1.153752173E0
8.027048691E0,-9.209749699E-1,-6.369000077E-1,-4.951374829E-1,1.224335592E0
8.029544076E0,-9.785875082E-1,-6.645374894E-1,-5.121874809E-1,1.289022731E0
8.032039461E0,-1.037162542E0,-6.826875210E-1,-5.292375088E-1,1.349763213E0
8.034534845E0,-1.092574954E0,-6.943749785E-1,-5.494499803E-1,1.406332792E0
8.037030211E0,-1.145787477E0,-6.912124753E-1,-5.665000081E-1,1.453109042E0
8.039525521E0,-1.199000001E0,-6.826875210E-1,-5.857499838E-1,1.498921711E0
8.042020903E0,-1.246987462E0,-6.645374894E-1,-6.037625074E-1,1.536592650E0
8.044516288E0,-1.291674972E0,-6.389625072E-1,-6.197124720E-1,1.568674876E0
8.047011744E0,-1.332237482E0,-6.059625149E-1,-6.315374970E-1,1.594015962E0
8.049507054E0,-1.368399978E0,-5.729625225E-1,-6.474875212E-1,1.618655195E0
8.052002437E0,-1.398237467E0,-5.399624705E-1,-6.602749825E-1,1.637861574E0
8.054497821E0,-1.422712445E0,-5.036625266E-1,-6.687999964E-1,1.650781657E0
8.056993206E0,-1.444025040E0,-4.749250114E-1,-6.784250140E-1,1.664638874E0
8.059488348E0,-1.460112453E0,-4.482499957E-1,-6.847500205E-1,1.673839605E0
8.061983961E0,-1.472900033E0,-4.259749949E-1,-6.879125237E-1,1.680509698E0
8.064479117E0,-1.481425047E0,-4.089249969E-1,-6.912124753E-1,1.685115577E0
8.066974500E0,-1.487749934E0,-3.939374983E-1,-6.932749748E-1,1.687962325E0
8.069469879E0,-1.493112445E0,-3.822500110E-1,-6.932749748E-1,1.690008886E0
8.071965264E0,-1.498337507E0,-3.737249970E-1,-6.932749748E-1,1.692724387E0
8.074460649E0,-1.501637459E0,-3.673999906E-1,-6.964374781E-1,1.695559781E0
8.076956033E0,-1.506862521E0,-3.651999831E-1,-6.986374855E-1,1.700617541E0
8.079451418E0,-1.516487479E0,-3.631374836E-1,-7.006999850E-1,1.709556544E0
8.081946737E0,-1.523912549E0,-3.651999831E-1,-7.028999925E-1,1.717483300E0
8.084442119E0,-1.534637451E0,-3.716624975E-1,-7.071624994E-1,1.730122516E0
8.086937504E0,-1.546324968E0,-3.854124844E-1,-7.134875059E-1,1.746060741E0
8.089432888E0,-1.557049990E0,-3.982000053E-1,-7.188500166E-1,1.760600256E0
8.091928288E0,-1.570799947E0,-4.109874964E-1,-7.231125236E-1,1.777418048E0
8.094423673E0,-1.582625031E0,-4.228124917E-1,-7.242124677E-1,1.791076797E0
8.096919058E0,-1.591012478E0,-4.355999827E-1,-7.305374742E-1,1.804093415E0
8.099414213E0,-1.596374989E0,-4.482499957E-1,-7.347999811E-1,1.813635072E0
8.101909816E0,-1.597474933E0,-4.663999975E-1,-7.347999811E-1,1.819171825E0
8.104404972E0,-1.594312549E0,-4.834499955E-1,-7.379624844E-1,1.822126513E0
8.106900586E0,-1.585787535E0,-5.047624707E-1,-7.379624844E-1,1.820465843E0
8.109395742E0,-1.575062513E0,-5.260750055E-1,-7.401624918E-1,1.818080677E0
8.111891124E0,-1.560212493E0,-5.494499803E-1,-7.433249950E-1,1.813474663E0
8.114386514E0,-1.545225024E0,-5.729625225E-1,-7.401624918E-1,1.806612006E0
8.116881898E0,-1.527212501E0,-5.985375047E-1,-7.358999848E-1,1.797824784E0
8.119377283E0,-1.510162473E0,-6.241124868E-1,-7.316374779E-1,1.790363228E0
8.121872668E0,-1.492012501E0,-6.528499722E-1,-7.251750231E-1,1.782748777E0
8.124368052E0,-1.474962473E0,-6.804875135E-1,-7.177500129E-1,1.775877989E0
8.126863437E0,-1.461074948E0,-7.145875096E-1,-7.103250027E-1,1.774806165E0
8.129358747E0,-1.446225047E0,-7.466250062E-1,-6.997374892E-1,1.771623081E0
8.131854129E0,-1.430274963E0,-7.796249986E-1,-6.901124716E-1,1.769111877E0
8.134349514E0,-1.418449998E0,-8.115249872E-1,-6.804875135E-1,1.770208027E0
8.136844907E0,-1.407862544E0,-8.446624875E-1,-6.687999964E-1,1.772801482E0
8.139340292E0,-1.399337530E0,-8.786249757E-1,-6.591749787E-1,1.778943232E0
8.141835677E0,-1.392874956E0,-9.117624760E-1,-6.495500207E-1,1.786988160E0
8.144331062E0,-1.390812516E0,-9.447624683E-1,-6.400625110E-1,1.799059642E0
8.146826213E0,-1.391912460E0,-9.809250236E-1,-6.347000003E-1,1.817272211E0
8.149321596E0,-1.391912460E0,-1.009662509E0,-6.293374896E-1,1.831093759E0
8.151816980E0,-1.392874956E0,-1.035237551E0,-6.250749826E-1,1.844596477E0
8.154312365E0,-1.395074964E0,-1.056550026E0,-6.261749864E-1,1.858662752E0
8.156807750E0,-1.392874956E0,-1.077862501E0,-6.282374859E-1,1.869911911E0
8.159303134E0,-1.390812516E0,-1.096012473E0,-6.324999928E-1,1.880334821E0
8.161798519E0,-1.385450006E0,-1.115124941E0,-6.378625035E-1,1.889403060E0
8.164293904E0,-1.380224943E0,-1.133275032E0,-6.443250179E-1,1.898548899E0
8.166789213E0,-1.374862552E0,-1.149224997E0,-6.549124718E-1,1.907845768E0
8.169284658E0,-1.366337538E0,-1.167374969E0,-6.656374931E-1,1.916433108E0
8.171779968E0,-1.356712461E0,-1.183325052E0,-6.741625071E-1,1.922348035E0
8.174275350E0,-1.348187447E0,-1.197212458E0,-6.826875210E-1,1.927949510E0
8.176770735E0,-1.336500049E0,-1.208899975E0,-6.921749711E-1,1.930486395E0
8.179266134E0,-1.322612524E0,-1.217424989E0,-7.039999962E-1,1.930555228E0
8.181761519E0,-1.312024951E0,-1.220587492E0,-7.156875134E-1,1.929624812E0
8.184256904E0,-1.297037482E0,-1.220587492E0,-7.273749709E-1,1.923854050E0
8.186752289E0,-1.284250021E0,-1.220587492E0,-7.369999886E-1,1.918932236E0
8.189247674E0,-1.270499945E0,-1.219624996E0,-7.444249988E-1,1.912020873E0
8.191743058E0,-1.255512476E0,-1.219624996E0,-7.561125159E-1,1.906699464E0
8.194238212E0,-1.240662456E0,-1.221687436E0,-7.688999772E-1,1.903410280E0
8.196733595E0,-1.224575043E0,-1.224849939E0,-7.805874944E-1,1.899778473E0
8.199228980E0,-1.210824966E0,-1.231312513E0,-7.891125083E-1,1.898664308E0
8.201724364E0,-1.194737434E0,-1.241899967E0,-7.998374701E-1,1.899856059E0
8.204219765E0,-1.177824974E0,-1.254687548E0,-8.126249909E-1,1.903121617E0
8.206715149E0,-1.162837505E0,-1.271737456E0,-8.254125118E-1,1.910710087E0
8.209210534E0,-1.146887541E0,-1.286725044E0,-8.349000216E-1,1.915220723E0
8.211705919E0,-1.131899953E0,-1.304737449E0,-8.445249796E-1,1.922695960E0
8.214201323E0,-1.118149996E0,-1.323987484E0,-8.552500010E-1,1.932525507E0
8.216696632E0,-1.106325030E0,-1.343099952E0,-8.658375144E-1,1.943591303E0
8.219192015E0,-1.093537450E0,-1.362349987E0,-8.722999692E-1,1.952621028E0
8.221687476E0,-1.082949996E0,-1.382562518E0,-8.765624762E-1,1.962809615E0
8.224182786E0,-1.071262479E0,-1.401674986E0,-8.808249831E-1,1.971838917E0
8.226678182E0,-1.060537457E0,-1.417762518E0,-8.839874864E-1,1.978945207E0
8.229173567E0,-1.047749996E0,-1.428349972E0,-8.839874864E-1,1.979746846E0
8.231668952E0,-1.031800032E0,-1.439074993E0,-8.817874789E-1,1.978155024E0
8.234164108E0,-1.014750004E0,-1.447600007E0,-8.765624762E-1,1.973227084E0
8.236659721E0,-9.965999722E-1,-1.452824950E0,-8.722999692E-1,1.965914311E0
8.239154882E0,-9.754250050E-1,-1.461349964E0,-8.647375107E-1,1.958256526E0
8.241650264E0,-9.519125223E-1,-1.469874978E0,-8.584125042E-1,1.950267143E0
8.244145649E0,-9.285374880E-1,-1.474137545E0,-8.498874903E-1,1.938445798E0
8.246641034E0,-9.018625021E-1,-1.476337433E0,-8.413624763E-1,1.923751285E0
8.249136418E0,-8.751875162E-1,-1.475237489E0,-8.285750151E-1,1.904944984E0
8.251631808E0,-8.443874717E-1,-1.466712475E0,-8.157874942E-1,1.878761539E0
8.254127193E0,-8.102874756E-1,-1.452824950E0,-8.018999696E-1,1.846702383E0
8.256622578E0,-7.750874758E-1,-1.431512475E0,-7.838875055E-1,1.806783934E0
8.259117963E0,-7.335624695E-1,-1.404974937E0,-7.625749707E-1,1.758860159E0
8.261613271E0,-6.909375191E-1,-1.370875001E0,-7.369999886E-1,1.702898091E0
8.264108639E0,-6.429499984E-1,-1.332512498E0,-7.125250101E-1,1.642152900E0
8.266604101E0,-5.928999782E-1,-1.288787484E0,-6.847500205E-1,1.575241618E0
8.269099410E0,-5.407875180E-1,-1.238737464E0,-6.528499722E-1,1.501044546E0
8.271594793E0,-4.885374904E-1,-1.192950010E0,-6.208124757E-1,1.430806324E0
8.274090169E0,-4.353249967E-1,-1.141800046E0,-5.889124870E-1,1.356478203E0
8.276585553E0,-3.808749914E-1,-1.089550018E0,-5.568749905E-1,1.281520486E0
8.279080709E0,-3.276624978E-1,-1.040599942E0,-5.249750018E-1,1.210706283E0
8.281576322E0,-2.712875009E-1,-9.916499853E-1,-4.897750020E-1,1.138791532E0
8.284071709E0,-2.190375030E-1,-9.447624683E-1,-4.589749873E-1,1.072945287E0
8.286567103E0,-1.699499935E-1,-9.032375216E-1,-4.280374944E-1,1.013872338E0
8.289062257E0,-1.209999993E-1,-8.595125079E-1,-4.013625085E-1,9.562921177E-1
8.291557639E0,-7.631249726E-2,-8.157874942E-1,-3.737249970E-1,9.005571644E-1
8.294053024E0,-3.478749841E-2,-7.731624842E-1,-3.449875116E-1,8.473528074E-1
8.296548404E0,5.774999969E-3,-7.316374779E-1,-3.172124922E-1,7.974650556E-1
8.299043789E0,4.413750023E-2,-6.923124790E-1,-2.969999909E-1,7.546215490E-1
8.301539174E0,7.493750006E-2,-6.539499760E-1,-2.778874934E-1,7.144841908E-1
8.304034558E0,1.058750004E-1,-6.166874766E-1,-2.565749884E-1,6.762719011E-1
8.306529868E0,1.325500011E-1,-5.814874768E-1,-2.415875047E-1,6.434762707E-1
8.309025265E0,1.570249945E-1,-5.494499803E-1,-2.299000025E-1,6.159595286E-1
8.311520649E0,1.772374958E-1,-5.207124949E-1,-2.191749960E-1,5.921083609E-1
8.314016034E0,1.974499971E-1,-4.941749871E-1,-2.128500044E-1,5.731496694E-1
8.316511418E0,2.155999988E-1,-4.706625044E-1,-2.085874975E-1,5.581355540E-1
8.319006803E0,2.305874974E-1,-4.450874925E-1,-2.074874938E-1,5.425168476E-1
8.321501959E0,2.443374991E-1,-4.206124842E-1,-2.032250017E-1,5.271774622E-1
8.323997342E0,2.582249939E-1,-3.972375095E-1,-2.065249979E-1,5.168465548E-1
8.326492726E0,2.699125111E-1,-3.716624975E-1,-2.085874975E-1,5.044744987E-1
8.328988111E0,2.838000059E-1,-3.460874856E-1,-2.085874975E-1,4.937891606E-1
8.331483509E0,2.954874933E-1,-3.194124997E-1,-2.096875012E-1,4.830176516E-1
8.333978894E0,3.071750104E-1,-2.949374914E-1,-2.128500044E-1,4.760774467E-1
8.336474279E0,3.167999983E-1,-2.714250088E-1,-2.160124928E-1,4.697820466E-1
8.338969664E0,3.275249898E-1,-2.458499968E-1,-2.234375030E-1,4.665181214E-1
8.341465049E0,3.381125033E-1,-2.256374955E-1,-2.245374918E-1,4.643806946E-1
8.343960434E0,3.401750028E-1,-2.033624947E-1,-2.267374992E-1,4.566018291E-1
8.346455819E0,3.466374874E-1,-1.798499972E-1,-2.330625057E-1,4.547765393E-1
8.348951204E0,3.486999869E-1,-1.574375033E-1,-2.362249941E-1,4.496448556E-1
8.351446511E0,3.486999869E-1,-1.362625062E-1,-2.426874936E-1,4.461573389E-1
8.353941894E0,3.477374911E-1,-1.127500013E-1,-2.447499931E-1,4.399278175E-1
8.356437299E0,3.455374837E-1,-9.143749624E-2,-2.469500005E-1,4.344436340E-1
8.358932683E0,3.381125033E-1,-7.232499868E-2,-2.501125038E-1,4.267402428E-1
8.361428068E0,3.327499926E-1,-5.307500064E-2,-2.543750107E-1,4.221920882E-1
8.363923453E0,3.253250122E-1,-3.602499887E-2,-2.575374842E-1,4.164849575E-1
8.366418598E0,3.156999946E-1,-2.653750032E-2,-2.617999911E-1,4.109865702E-1
8.368913981E0,3.082749844E-1,-1.581249945E-2,-2.682625055E-1,4.089599895E-1
8.371409366E0,2.997500002E-1,-1.154999994E-2,-2.736249864E-1,4.060222880E-1
8.373904981E0,2.912249863E-1,-1.044999994E-2,-2.778874934E-1,4.026694105E-1
8.376400137E0,2.784374952E-1,-1.154999994E-2,-2.831124961E-1,3.972575068E-1
8.378895515E0,2.645500004E-1,-1.691249944E-2,-2.864125073E-1,3.902625523E-1
8.381390899E0,2.508000135E-1,-2.653750032E-2,-2.927374840E-1,3.863937373E-1
8.383886284E0,2.369125038E-1,-4.248749837E-2,-2.958999872E-1,3.814308908E-1
8.386381593E0,2.209624946E-1,-5.733750015E-2,-2.991999984E-1,3.763411378E-1
8.388877053E0,2.028124928E-1,-7.864999771E-2,-3.012624979E-1,3.715882426E-1
8.391372430E0,1.846625060E-1,-1.053249985E-1,-3.044250011E-1,3.713060432E-1
8.393867737E0,1.655499935E-1,-1.372250021E-1,-3.077250123E-1,3.754093562E-1
8.396363120E0,1.463000029E-1,-1.724250019E-1,-3.119874895E-1,3.853183952E-1
8.398858505E0,1.218250021E-1,-2.107875049E-1,-3.129499853E-1,3.964976629E-1
8.401353889E0,9.844999760E-2,-2.534124851E-1,-3.172124922E-1,4.177727311E-1
8.403849273E0,7.177499682E-2,-2.969999909E-1,-3.225750029E-1,4.443143901E-1
8.406344657E0,4.509999976E-2,-3.418250084E-1,-3.289000094E-1,4.765013772E-1
8.408840042E0,1.856249943E-2,-3.854124844E-1,-3.353624940E-1,5.112292557E-1
8.411335198E0,-7.012499962E-3,-4.280374944E-1,-3.427875042E-1,5.484236910E-1
8.413830811E0,-2.832499892E-2,-4.652999938E-1,-3.481499851E-1,5.818202488E-1
8.416325953E0,-5.183750018E-2,-4.973374903E-1,-3.524124920E-1,6.117403618E-1
8.418821336E0,-7.095000148E-2,-5.282750130E-1,-3.609375060E-1,6.437268639E-1
8.421316720E0,-8.910000324E-2,-5.516499877E-1,-3.651999831E-1,6.675534040E-1
8.423812105E0,-1.061500013E-1,-5.718625188E-1,-3.694624901E-1,6.890552189E-1
8.426307490E0,-1.220999956E-1,-5.857499838E-1,-3.715249896E-1,7.043026837E-1
8.428802869E0,-1.348875016E-1,-5.963374972E-1,-3.737249970E-1,7.165775758E-1
8.431298254E0,-1.454750001E-1,-6.006000042E-1,-3.757874966E-1,7.232562363E-1
8.433793564E0,-1.530375034E-1,-6.028000116E-1,-3.715249896E-1,7.244440278E-1
8.436289023E0,-1.593624949E-1,-5.974375010E-1,-3.672625124E-1,7.191729454E-1
8.438784333E0,-1.658249944E-1,-5.846499801E-1,-3.630000055E-1,7.078718330E-1
8.441279725E0,-1.667875051E-1,-5.655375123E-1,-3.566749990E-1,6.891065263E-1
8.443775110E0,-1.678874940E-1,-5.462874770E-1,-3.481499851E-1,6.691970041E-1
8.446270495E0,-1.678874940E-1,-5.229125023E-1,-3.385249972E-1,6.451533689E-1
8.448765651E0,-1.667875051E-1,-5.026999712E-1,-3.268375099E-1,6.223729515E-1
8.451261264E0,-1.678874940E-1,-4.888125062E-1,-3.194124997E-1,6.075756922E-1
8.453756420E0,-1.678874940E-1,-4.771249890E-1,-3.119874895E-1,5.942816330E-1
8.456251802E0,-1.667875051E-1,-4.717625082E-1,-3.066250086E-1,5.868533308E-1
8.458747418E0,-1.710499972E-1,-4.728625119E-1,-3.012624979E-1,5.861878106E-1
8.461242574E0,-1.764124930E-1,-4.749250114E-1,-2.927374840E-1,5.851242335E-1
8.463737956E0,-1.817750037E-1,-4.823499918E-1,-2.906749845E-1,5.917732785E-1
8.466233341E0,-1.891999990E-1,-4.899125099E-1,-2.895750105E-1,5.997204296E-1
8.468728726E0,-1.988250017E-1,-5.005000234E-1,-2.895750105E-1,6.114616435E-1
8.471224110E0,-2.116124928E-1,-5.101249814E-1,-2.884750068E-1,6.230771809E-1
8.473719495E0,-2.243999988E-1,-5.186499953E-1,-2.906749845E-1,6.354880988E-1
8.476214879E0,-2.381500006E-1,-5.260750055E-1,-2.938374877E-1,6.479280850E-1
8.478710184E0,-2.531374991E-1,-5.314375162E-1,-2.991999984E-1,6.603219413E-1
8.481205644E0,-2.679874897E-1,-5.377625227E-1,-3.023625016E-1,6.726283579E-1
8.483700953E0,-2.829749882E-1,-5.431249738E-1,-3.066250086E-1,6.848930405E-1
8.486196336E0,-3.000249863E-1,-5.494499803E-1,-3.108874857E-1,6.989716031E-1
8.488691721E0,-3.128125072E-1,-5.537124872E-1,-3.151499927E-1,7.097666525E-1
8.491187100E0,-3.265624940E-1,-5.579749942E-1,-3.214749992E-1,7.220286225E-1
8.493682256E0,-3.383874893E-1,-5.559124947E-1,-3.246375024E-1,7.272786967E-1
8.496177869E0,-3.500750065E-1,-5.527499914E-1,-3.246375024E-1,7.303934359E-1
8.498673025E0,-3.574999869E-1,-5.420249701E-1,-3.236750066E-1,7.255086620E-1
8.501168639E0,-3.628624976E-1,-5.240125060E-1,-3.214749992E-1,7.138658653E-1
8.503664015E0,-3.691875041E-1,-4.993999898E-1,-3.203749955E-1,6.988132088E-1
8.506159169E0,-3.691875041E-1,-4.675000012E-1,-3.183124959E-1,6.754098825E-1
8.508654552E0,-3.691875041E-1,-4.302375019E-1,-3.172124922E-1,6.496364263E-1
8.511149936E0,-3.660250008E-1,-3.896749914E-1,-3.161124885E-1,6.210861498E-1
8.513645321E0,-3.606624901E-1,-3.427875042E-1,-3.161124885E-1,5.894979306E-1
8.516140697E0,-3.543374836E-1,-2.969999909E-1,-3.119874895E-1,5.577636063E-1
8.518636006E0,-3.447124958E-1,-2.543750107E-1,-3.108874857E-1,5.293244559E-1
8.521131466E0,-3.361875117E-1,-2.150499970E-1,-3.044250011E-1,5.019393644E-1
8.523626852E0,-3.244999945E-1,-1.777874976E-1,-3.001624942E-1,4.764516383E-1
8.526122160E0,-3.128125072E-1,-1.414874941E-1,-2.927374840E-1,4.511824577E-1
8.528617547E0,-3.009875119E-1,-1.095874980E-1,-2.842124999E-1,4.282284987E-1
8.531112931E0,-2.881999910E-1,-8.084999770E-2,-2.745875120E-1,4.061948531E-1
8.533608316E0,-2.754124999E-1,-5.733750015E-2,-2.639999986E-1,3.857922152E-1
8.536103701E0,-2.637250125E-1,-4.028749838E-2,-2.554749846E-1,3.693797944E-1
8.538598857E0,-2.520374954E-1,-2.859999985E-2,-2.490125000E-1,3.554547570E-1
8.541094470E0,-2.403499931E-1,-2.227500081E-2,-2.415875047E-1,3.415096152E-1
8.543589857E0,-2.318249941E-1,-1.374999993E-2,-2.362249941E-1,3.312614348E-1
8.546085010E0,-2.232999951E-1,-1.044999994E-2,-2.276999950E-1,3.190914885E-1
8.548580624E0,-2.158749998E-1,-1.044999994E-2,-2.213750035E-1,3.093834355E-1
8.551075780E0,-2.116124928E-1,-1.374999993E-2,-2.149125040E-1,3.019210062E-1
8.553571172E0,-2.062499970E-1,-1.801249944E-2,-2.054249942E-1,2.916555154E-1
8.556066482E0,-2.051499933E-1,-2.543750033E-2,-1.989624947E-1,2.869140298E-1
8.558561942E0,-2.019875050E-1,-3.286249936E-2,-1.915374994E-1,2.802953972E-1
8.561057251E0,-1.997874975E-1,-4.675000161E-2,-1.872749925E-1,2.777994414E-1
8.563552711E0,-1.988250017E-1,-6.270000339E-2,-1.852124929E-1,2.788661673E-1
8.566048097E0,-1.955250055E-1,-7.755000144E-2,-1.776500046E-1,2.753244534E-1
8.568543482E0,-1.923625022E-1,-8.607500046E-2,-1.724250019E-1,2.722914234E-1
8.571038790E0,-1.860374957E-1,-9.143749624E-2,-1.691250056E-1,2.675332373E-1
8.573534172E0,-1.775124967E-1,-9.790000319E-2,-1.616999954E-1,2.593105968E-1
8.576029552E0,-1.658249944E-1,-1.021625027E-1,-1.585374922E-1,2.511359038E-1
8.578524937E0,-1.508374959E-1,-1.064250022E-1,-1.542750001E-1,2.405805622E-1
8.581020321E0,-1.317249984E-1,-1.064250022E-1,-1.511124969E-1,2.269641888E-1
8.583515477E0,-1.104125008E-1,-1.084875017E-1,-1.489125043E-1,2.147915089E-1
8.586011090E0,-8.689999580E-2,-1.042250022E-1,-1.468500048E-1,1.999484540E-1
8.588506477E0,-6.132499874E-2,-9.253749996E-2,-1.457500011E-1,1.832130104E-1
8.591001631E0,-3.258749843E-2,-7.755000144E-2,-1.435499936E-1,1.663807334E-1
8.593497014E0,-1.649999991E-3,-6.586249918E-2,-1.403875053E-1,1.550781833E-1
8.595992398E0,3.231250122E-2,-5.307500064E-2,-1.372250021E-1,1.506378260E-1
8.598487783E0,6.435000151E-2,-3.602499887E-2,-1.318625063E-1,1.510842275E-1
8.600983162E0,9.735000134E-2,-1.264999993E-2,-1.255374998E-1,1.593634497E-1
8.603478547E0,1.303499937E-1,9.762499481E-3,-1.190750003E-1,1.768199167E-1
8.605973857E0,1.623875052E-1,3.217500076E-2,-1.116499975E-1,1.996763743E-1
8.608469239E0,1.931875050E-1,5.238749832E-2,-1.073874980E-1,2.271517924E-1
8.610964624E0,2.220624983E-1,6.613750011E-2,-9.996250272E-2,2.523458421E-1
8.613460014E0,2.486000061E-1,7.576250285E-2,-9.350000322E-2,2.761958915E-1
8.615955398E0,2.730749846E-1,7.796250284E-2,-8.497499675E-2,2.964268023E-1
8.618450554E0,2.934249938E-1,6.943749636E-2,-7.864999771E-2,3.116177386E-1
8.620946167E0,3.125374913E-1,5.238749832E-2,-7.218749821E-2,3.250156433E-1
8.623441323E0,3.284874856E-1,2.571249940E-2,-6.792499870E-2,3.364208173E-1
8.625936952E0,3.444375098E-1,-1.044999994E-2,-6.366249919E-2,3.504273312E-1
8.628432108E0,3.583250046E-1,-4.881250113E-2,-5.939999968E-2,3.664803257E-1
8.630927490E0,3.700124919E-1,-9.143749624E-2,-6.049999967E-2,3.859148998E-1
8.633422875E0,3.807374835E-1,-1.329624951E-1,-5.939999968E-2,4.076376043E-1
8.635918259E0,3.860999942E-1,-1.724250019E-1,-5.939999968E-2,4.270034505E-1
8.638413644E0,3.903625011E-1,-2.096875012E-1,-5.939999968E-2,4.470795124E-1
8.640909029E0,3.903625011E-1,-2.480500042E-1,-5.939999968E-2,4.663046717E-1
8.643404413E0,3.892624974E-1,-2.821500003E-1,-6.049999967E-2,4.845556362E-1
8.645899798E0,3.870624900E-1,-3.130874932E-1,-6.049999967E-2,5.014991520E-1
8.648395183E0,3.849999905E-1,-3.396250010E-1,-6.159999967E-2,5.170731997E-1
8.650890568E0,3.796375096E-1,-3.641000092E-1,-5.939999968E-2,5.293598165E-1
8.653385877E0,3.700124919E-1,-3.865124881E-1,-6.159999967E-2,5.386053357E-1
8.655881259E0,3.636874855E-1,-3.993000090E-1,-6.049999967E-2,5.434789179E-1
8.658376644E0,3.551625013E-1,-4.100250006E-1,-6.159999967E-2,5.459445607E-1
8.660872029E0,3.486999869E-1,-4.120875001E-1,-6.270000339E-2,5.434510825E-1
8.663367185E0,3.434749842E-1,-4.057624936E-1,-6.366249919E-2,5.354168281E-1
8.665862798E0,3.381125033E-1,-3.961375058E-1,-6.476250291E-2,5.248229893E-1
8.668357954E0,3.349500000E-1,-3.790875077E-1,-7.012499869E-2,5.107018274E-1
8.670853567E0,3.349500000E-1,-3.546124995E-1,-7.122500241E-2,4.929650376E-1
8.673348968E0,3.370124996E-1,-3.225750029E-1,-7.012499869E-2,4.717516007E-1
8.675844352E0,3.401750028E-1,-2.884750068E-1,-7.328750193E-2,4.520043363E-1
8.678339506E0,3.486999869E-1,-2.543750107E-1,-7.755000144E-2,4.385342971E-1
8.680834889E0,3.625875115E-1,-2.224749923E-1,-7.975000143E-2,4.328104532E-1
8.683330273E0,3.775750101E-1,-1.926375031E-1,-8.497499675E-2,4.323110523E-1
8.685825653E0,3.977875113E-1,-1.649999917E-1,-8.607500046E-2,4.391683130E-1
8.688321038E0,4.179999828E-1,-1.446499974E-1,-9.033749998E-2,4.514515160E-1
8.690816347E0,4.446749985E-1,-1.255374998E-1,-8.923749626E-2,4.705941446E-1
8.693311730E0,4.734124839E-1,-1.149500012E-1,-9.253749996E-2,4.958790897E-1
8.695807115E0,5.010499954E-1,-1.064250022E-1,-9.143749624E-2,5.203250856E-1
8.698302499E0,5.299249887E-1,-9.886249900E-2,-9.033749998E-2,5.465849900E-1
8.700797884E0,5.575624704E-1,-9.363749623E-2,-9.033749998E-2,5.725423592E-1
8.703293269E0,5.842375159E-1,-9.033749998E-2,-8.607500046E-2,5.974137968E-1
8.705788654E0,6.087124944E-1,-9.679999948E-2,-8.607500046E-2,6.223423868E-1
8.708284039E0,6.311249733E-1,-1.042250022E-1,-8.291249722E-2,6.450240811E-1
8.710779424E0,6.480374932E-1,-1.138499975E-1,-7.755000144E-2,6.625167298E-1
8.713274578E0,6.630250216E-1,-1.255374998E-1,-7.328750193E-2,6.787730851E-1
8.715769961E0,6.715499759E-1,-1.340624988E-1,-7.012499869E-2,6.883818992E-1
8.718265345E0,6.726499796E-1,-1.383250058E-1,-6.476250291E-2,6.897724147E-1
8.720760961E0,6.693499684E-1,-1.414874941E-1,-5.843750015E-2,6.866316572E-1
8.723256103E0,6.619250178E-1,-1.414874941E-1,-5.417500064E-2,6.790422453E-1
8.725751485E0,6.502375007E-1,-1.403875053E-1,-5.087500066E-2,6.671624424E-1
8.728246870E0,6.353874803E-1,-1.362625062E-1,-4.455000162E-2,6.513596728E-1
8.730742255E0,6.161375046E-1,-1.297999918E-1,-4.138749838E-2,6.310201165E-1
8.733237639E0,5.959249735E-1,-1.201749966E-1,-3.382499889E-2,6.088618352E-1
8.735733043E0,5.746124983E-1,-1.084875017E-1,-2.956249937E-2,5.855108902E-1
8.738228427E0,5.522000194E-1,-9.253749996E-2,-2.749999985E-2,5.605749729E-1
8.740723737E0,5.299249887E-1,-7.232499868E-2,-2.639999986E-2,5.354888973E-1
8.743219120E0,5.053125024E-1,-4.991250113E-2,-2.529999986E-2,5.084014878E-1
8.745714494E0,4.851000011E-1,-2.969999984E-2,-2.529999986E-2,4.866664063E-1
8.748209879E0,4.648874998E-1,-1.691249944E-2,-2.749999985E-2,4.660071567E-1
8.750705264E0,4.456374943E-1,-6.187499966E-3,-3.066249937E-2,4.467339817E-1
8.753200648E0,4.296875000E-1,-9.624999948E-4,-3.492499888E-2,4.311055899E-1
8.755696033E0,4.116750062E-1,3.299999982E-3,-3.808749840E-2,4.134463184E-1
8.758191428E0,3.977875113E-1,2.337499987E-3,-4.344999790E-2,4.001603059E-1
8.760686583E0,3.827999830E-1,3.299999982E-3,-4.771250114E-2,3.857761006E-1
8.763181966E0,3.657499850E-1,3.299999982E-3,-5.417500064E-2,3.697551517E-1
8.765677351E0,3.508999944E-1,4.399999976E-3,-5.733750015E-2,3.555808698E-1
8.768172735E0,3.381125033E-1,-3.024999984E-3,-6.049999967E-2,3.434959468E-1
8.770668120E0,3.253250122E-1,-5.224999972E-3,-5.843750015E-2,3.305731471E-1
8.773163504E0,3.114374876E-1,-4.124999978E-3,-5.843750015E-2,3.168994568E-1
8.775658814E0,2.965874970E-1,1.237499993E-3,-5.513750017E-2,3.016717068E-1
8.778154274E0,2.827000022E-1,1.182499994E-2,-4.881250113E-2,2.871267701E-1
8.780649612E0,2.678500116E-1,2.887500077E-2,-4.455000162E-2,2.730606105E-1
8.783145072E0,2.517625093E-1,4.812499881E-2,-3.918749839E-2,2.592991258E-1
8.785640382E0,2.369125038E-1,6.943749636E-2,-2.956249937E-2,2.486423973E-1
8.788135764E0,2.230249941E-1,9.171249717E-2,-2.103750035E-2,2.420617825E-1
8.790631149E0,2.135374993E-1,1.141249985E-1,-1.154999994E-2,2.423967438E-1
8.793126539E0,2.017125040E-1,1.354375035E-1,-3.024999984E-3,2.429823085E-1
8.795621923E0,1.985500008E-1,1.471250057E-1,4.399999976E-3,2.471583098E-1
8.798117308E0,1.964875013E-1,1.535875052E-1,1.086249948E-2,2.496286318E-1
8.800612693E0,1.953874975E-1,1.524875015E-1,1.512499992E-2,2.483092385E-1
8.803107848E0,1.953874975E-1,1.439625025E-1,1.718750037E-2,2.433041029E-1
8.805603226E0,1.985500008E-1,1.269125044E-1,1.828750037E-2,2.363542241E-1
8.808098610E0,2.028124928E-1,1.024374962E-1,2.144999988E-2,2.282245613E-1
8.810593995E0,2.102375031E-1,7.369999588E-2,1.718750037E-2,2.234432976E-1
8.813089380E0,2.135374993E-1,4.496249929E-2,1.292499993E-2,2.186022543E-1
8.815584764E0,2.144999951E-1,1.828750037E-2,1.086249948E-2,2.155520226E-1
8.818080140E0,2.124374956E-1,2.337499987E-3,6.599999964E-3,2.125528486E-1
8.820575450E0,2.102375031E-1,-1.154999994E-2,1.374999993E-4,2.105545751E-1
8.823070832E0,2.050125003E-1,-2.117500082E-2,-6.187499966E-3,2.061960016E-1
8.825566217E0,1.974499971E-1,-2.007500082E-2,-1.251249947E-2,1.988619361E-1
8.828061602E0,1.900250018E-1,-1.264999993E-2,-1.897500083E-2,1.913885432E-1
8.830556976E0,1.846625060E-1,-1.924999990E-3,-2.749999985E-2,1.867088555E-1
8.833052132E0,1.794375032E-1,9.762499481E-3,-3.712499887E-2,1.834976553E-1
8.835547745E0,1.729750037E-1,1.938750036E-2,-4.455000162E-2,1.796689448E-1
8.838042901E0,1.676124930E-1,3.217500076E-2,-5.197500065E-2,1.784112642E-1
8.840538515E0,1.644500047E-1,4.166249931E-2,-5.939999968E-2,1.797440621E-1
8.843033684E0,1.623875052E-1,5.444999784E-2,-6.902500242E-2,1.846590238E-1
8.845529067E0,1.590874940E-1,6.297499686E-2,-7.755000144E-2,1.878528246E-1
8.848024452E0,1.612875015E-1,6.613750011E-2,-8.827500045E-2,1.953978064E-1
8.850519836E0,1.633500010E-1,6.613750011E-2,-9.350000322E-2,1.994984770E-1
8.853015221E0,1.698125005E-1,6.517499685E-2,-9.996250272E-2,2.075489520E-1
8.855510602E0,1.803999990E-1,6.517499685E-2,-1.062875018E-1,2.192919809E-1
8.858005986E0,1.911250055E-1,5.981250107E-2,-1.159124970E-1,2.313914648E-1
8.860501371E0,2.039124966E-1,5.555000156E-2,-1.222374961E-1,2.441477306E-1
8.862996756E0,2.187625021E-1,4.812499881E-2,-1.264999956E-1,2.572455961E-1
8.865492065E0,2.315499932E-1,3.959999979E-2,-1.287000030E-1,2.678567716E-1
8.867987448E0,2.486000061E-1,3.313750029E-2,-1.318625063E-1,2.833509794E-1
8.870482832E0,2.624875009E-1,2.681249939E-2,-1.318625063E-1,2.949683353E-1
8.872978217E0,2.741749883E-1,1.828750037E-2,-1.275999993E-1,3.029655371E-1
8.875473602E0,2.838000059E-1,7.562499959E-3,-1.255374998E-1,3.104179418E-1
8.877968757E0,2.934249938E-1,-3.024999984E-3,-1.159124970E-1,3.155044921E-1
8.880464380E0,2.997500002E-1,-1.374999993E-2,-1.084875017E-1,3.190746984E-1
8.882959536E0,3.040125072E-1,-2.433750033E-2,-1.031249985E-1,3.219482626E-1
8.885454918E0,3.051125109E-1,-3.079999983E-2,-9.350000322E-2,3.206002728E-1
8.887950534E0,3.019500077E-1,-3.396249935E-2,-8.291249722E-2,3.149630783E-1
8.890445685E0,2.997500002E-1,-3.492499888E-2,-7.218749821E-2,3.102915614E-1
8.892941067E0,2.943874896E-1,-3.286249936E-2,-6.270000339E-2,3.027791741E-1
8.895436452E0,2.891624868E-1,-3.079999983E-2,-5.087500066E-2,2.952149208E-1
8.897931836E0,2.827000022E-1,-2.653750032E-2,-3.918749839E-2,2.866342446E-1
8.900427146E0,2.730749846E-1,-1.897500083E-2,-2.859999985E-2,2.752234689E-1
8.902922606E0,2.602874935E-1,-1.044999994E-2,-1.897500083E-2,2.611873512E-1
8.905417992E0,2.486000061E-1,1.374999993E-4,-1.044999994E-2,2.488195821E-1
8.907913300E0,2.369125038E-1,1.182499994E-2,-5.087499972E-3,2.372619813E-1
8.910408683E0,2.252250016E-1,2.571249940E-2,3.437499981E-3,2.267140277E-1
8.912904067E0,2.113374919E-1,4.276249930E-2,7.699999958E-3,2.157578662E-1
8.915399462E0,1.985500008E-1,6.091250107E-2,1.086249948E-2,2.079673760E-1
8.917894847E0,1.879625022E-1,7.892499864E-2,7.699999958E-3,2.040057540E-1
8.920390231E0,1.740749925E-1,9.927500039E-2,4.399999976E-3,2.004419835E-1
8.922885616E0,1.590874940E-1,1.172875017E-1,-1.924999990E-3,1.976585299E-1
8.925380772E0,1.473999918E-1,1.322750002E-1,-6.187499966E-3,1.981456999E-1
8.927876139E0,1.357125044E-1,1.450625062E-1,-1.361249946E-2,1.991138235E-1
8.930371524E0,1.208624989E-1,1.556500047E-1,-2.103750035E-2,1.981848734E-1
8.932867139E0,1.058750004E-1,1.621125042E-1,-2.529999986E-2,1.952692237E-1
8.935362295E0,8.772499859E-2,1.641750038E-1,-3.382499889E-2,1.891910087E-1
8.937857678E0,7.287500054E-2,1.663749963E-1,-3.918749839E-2,1.858145988E-1
8.940353077E0,5.582499877E-2,1.641750038E-1,-4.771250114E-2,1.798508969E-1
8.942848462E0,3.877500072E-2,1.632124931E-1,-5.197500065E-2,1.756223769E-1
8.945343772E0,2.172499895E-2,1.599124968E-1,-5.843750015E-2,1.716360208E-1
8.947839231E0,5.774999969E-3,1.578499973E-1,-6.696250290E-2,1.715632509E-1
8.950334541E0,-1.017499994E-2,1.567499936E-1,-7.122500241E-2,1.724734532E-1
8.952829924E0,-2.516249940E-2,1.546874940E-1,-7.755000144E-2,1.748581565E-1
8.955325308E0,-4.001250118E-2,1.546874940E-1,-8.497499675E-2,1.809695310E-1
8.957820693E0,-5.499999970E-2,1.567499936E-1,-8.923749626E-2,1.885706530E-1
8.960316077E0,-6.875000149E-2,1.599124968E-1,-9.569999576E-2,1.986380088E-1
8.962811462E0,-8.153750002E-2,1.641750038E-1,-9.996250272E-2,2.087924753E-1
8.965306856E0,-9.542500228E-2,1.673374921E-1,-1.053249985E-1,2.195475407E-1
8.967802241E0,-1.082125008E-1,1.706375033E-1,-1.095874980E-1,2.298619642E-1
8.970297396E0,-1.199000031E-1,1.748999953E-1,-1.137124971E-1,2.406170216E-1
8.972792779E0,-1.284250021E-1,1.791625023E-1,-1.170125008E-1,2.495678439E-1
8.975288163E0,-1.380500048E-1,1.769624949E-1,-1.212750003E-1,2.551100823E-1
8.977783509E0,-1.476749927E-1,1.748999953E-1,-1.255374998E-1,2.610700590E-1
8.980278894E0,-1.604624987E-1,1.727000028E-1,-1.307625026E-1,2.695780713E-1
8.982774203E0,-1.710499972E-1,1.695374995E-1,-1.350249946E-1,2.761029056E-1
8.985269663E0,-1.827374995E-1,1.632124931E-1,-1.457500011E-1,2.850866086E-1
8.987764968E0,-1.945624948E-1,1.556500047E-1,-1.542750001E-1,2.930567590E-1
8.990260350E0,-2.083124965E-1,1.493249983E-1,-1.648624986E-1,3.047485763E-1
8.992755735E0,-2.201374918E-1,1.407999992E-1,-1.755875051E-1,3.148271383E-1
8.995251119E0,-2.360875010E-1,1.322750002E-1,-1.883749962E-1,3.297258301E-1
8.997746504E0,-2.488749921E-1,1.237500012E-1,-2.043250054E-1,3.449659872E-1
9.000241904E0,-2.627624869E-1,1.172875017E-1,-2.171124965E-1,3.604695809E-1
9.002737289E0,-2.787125111E-1,1.109625027E-1,-2.276999950E-1,3.766173503E-1
9.005232674E0,-2.935625017E-1,1.087625027E-1,-2.373249978E-1,3.928503264E-1
9.007727829E0,-3.095124960E-1,1.024374962E-1,-2.447499931E-1,4.076689649E-1
9.010223442E0,-3.265624940E-1,9.707500041E-2,-2.501125038E-1,4.226380044E-1
9.012718593E0,-3.447124958E-1,8.744999766E-2,-2.523125112E-1,4.360456515E-1
9.015213976E0,-3.639625013E-1,7.369999588E-2,-2.501125038E-1,4.477238616E-1
9.017709360E0,-3.830749989E-1,5.871250108E-2,-2.415875047E-1,4.566816561E-1
9.020204745E0,-4.032875001E-1,4.276249930E-2,-2.319625020E-1,4.672002156E-1
9.022700129E0,-4.225375056E-1,2.791249938E-2,-2.234375030E-1,4.787915716E-1
9.025195528E0,-4.416500032E-1,8.662499487E-3,-2.128500044E-1,4.903416040E-1
9.027690838E0,-4.609000087E-1,-1.581249945E-2,-1.989624947E-1,5.022598207E-1
9.030186220E0,-4.820750058E-1,-4.455000162E-2,-1.883749962E-1,5.194864320E-1
9.032681605E0,-5.024250150E-1,-7.548750192E-2,-1.819124967E-1,5.396493445E-1
9.035176990E0,-5.215374827E-1,-1.127500013E-1,-1.744875014E-1,5.613909483E-1
9.037672365E0,-5.439500213E-1,-1.564749926E-1,-1.713249981E-1,5.913698538E-1
9.040167750E0,-5.641624928E-1,-2.000624985E-1,-1.724250019E-1,6.229243155E-1
9.042662906E0,-5.843750238E-1,-2.448875010E-1,-1.755875051E-1,6.574914665E-1
9.045158519E0,-6.056874990E-1,-2.917749882E-1,-1.809500009E-1,6.962276158E-1
9.047653906E0,-6.280999780E-1,-3.396250010E-1,-1.904374957E-1,7.390001105E-1
9.050149304E0,-6.494125128E-1,-3.811500072E-1,-2.032250017E-1,7.799438064E-1
9.052644458E0,-6.718249917E-1,-4.142875075E-1,-2.191749960E-1,8.191584934E-1
9.055139841E0,-6.941000223E-1,-4.398624897E-1,-2.341624945E-1,8.544506567E-1
9.057635225E0,-7.143124938E-1,-4.600749910E-1,-2.512125075E-1,8.860130135E-1
9.060130610E0,-7.335624695E-1,-4.717625082E-1,-2.660624981E-1,9.118459374E-1
9.062625995E0,-7.526749969E-1,-4.760249853E-1,-2.810499966E-1,9.338675164E-1
9.065121379E0,-7.730249763E-1,-4.695625007E-1,-2.991999984E-1,9.526684602E-1
9.067616764E0,-7.921375036E-1,-4.536125064E-1,-3.129499853E-1,9.649786650E-1
9.070112074E0,-8.069875240E-1,-4.291374981E-1,-3.268375099E-1,9.706753392E-1
9.072607456E0,-8.251374960E-1,-4.024625123E-1,-3.364624977E-1,9.777704094E-1
9.075102826E0,-8.401250243E-1,-3.662999868E-1,-3.427875042E-1,9.785136738E-1
9.077598211E0,-8.518124819E-1,-3.290374875E-1,-3.481499851E-1,9.772709883E-1
9.080093595E0,-8.657000065E-1,-2.864125073E-1,-3.513124883E-1,9.771842662E-1
9.082588980E0,-8.773875237E-1,-2.458499968E-1,-3.524124920E-1,9.769573441E-1
9.085084379E0,-8.868749738E-1,-2.065249979E-1,-3.513124883E-1,9.760226731E-1
9.087579535E0,-8.964999914E-1,-1.670625061E-1,-3.470500112E-1,9.757386053E-1
9.090075149E0,-9.050250053E-1,-1.287000030E-1,-3.396250010E-1,9.751815689E-1
9.092570304E0,-9.124500155E-1,-9.033749998E-2,-3.321999907E-1,9.752347044E-1
9.095065687E0,-9.200124741E-1,-5.197500065E-2,-3.246375024E-1,9.769922523E-1
9.097561072E0,-9.252374768E-1,-1.471249945E-2,-3.161124885E-1,9.778588608E-1
9.100056456E0,-9.274374843E-1,2.364999987E-2,-3.066250086E-1,9.770969786E-1
9.102551841E0,-9.263374805E-1,6.407500058E-2,-2.991999984E-1,9.755651555E-1
9.105047151E0,-9.242749810E-1,1.024374962E-1,-2.927374840E-1,9.749220049E-1
9.107542610E0,-9.189124703E-1,1.419000030E-1,-2.842124999E-1,9.722718159E-1
9.110037982E0,-9.092875123E-1,1.843875051E-1,-2.767874897E-1,9.682013460E-1
9.112533366E0,-9.007624984E-1,2.238499969E-1,-2.703250051E-1,9.667251460E-1
9.115028674E0,-8.837124705E-1,2.622124851E-1,-2.628999949E-1,9.585507421E-1
9.117524057E0,-8.688625097E-1,2.941125035E-1,-2.554749846E-1,9.522035987E-1
9.120019451E0,-8.496124744E-1,3.229874969E-1,-2.501125038E-1,9.427186984E-1
9.122514836E0,-8.294000030E-1,3.474625051E-1,-2.447499931E-1,9.319533875E-1
9.125010221E0,-8.060249686E-1,3.645125031E-1,-2.384250015E-1,9.161834403E-1
9.127505605E0,-7.814124823E-1,3.782624900E-1,-2.341624945E-1,8.991774311E-1
9.130000990E0,-7.591375113E-1,3.836250007E-1,-2.276999950E-1,8.805141622E-1
9.132496141E0,-7.335624695E-1,3.815625012E-1,-2.267374992E-1,8.573877376E-1
9.134991523E0,-7.057874799E-1,3.740000129E-1,-2.182125002E-1,8.280269752E-1
9.137486908E0,-6.802124977E-1,3.602499962E-1,-2.117500007E-1,7.983152038E-1
9.139982293E0,-6.547750235E-1,3.431999981E-1,-2.085874975E-1,7.681310527E-1
9.142477677E0,-6.280999780E-1,3.229874969E-1,-2.043250054E-1,7.352409219E-1
9.144973048E0,-6.014249921E-1,2.963125110E-1,-2.022625059E-1,7.003022537E-1
9.147468432E0,-5.758500099E-1,2.696374953E-1,-2.000624985E-1,6.665827901E-1
9.149963742E0,-5.482124686E-1,2.419999987E-1,-1.979999989E-1,6.311140227E-1
9.152459125E0,-5.226374865E-1,2.110625058E-1,-1.958000064E-1,5.966866566E-1
9.154954509E0,-4.959625006E-1,1.812250018E-1,-1.968999952E-1,5.635520485E-1
9.157449894E0,-4.672249854E-1,1.535875052E-1,-2.011625022E-1,5.313705496E-1
9.159945279E0,-4.395875037E-1,1.269125044E-1,-2.011625022E-1,4.998102734E-1
9.162440663E0,-4.086500108E-1,1.044999957E-1,-2.022625059E-1,4.677875605E-1
9.164936048E0,-3.788124919E-1,8.318749815E-2,-2.074874938E-1,4.398523888E-1
9.167431204E0,-3.478749990E-1,6.723749638E-2,-2.117500007E-1,4.127662276E-1
9.169926826E0,-3.148750067E-1,5.444999784E-2,-2.149125040E-1,3.850953862E-1
9.172422213E0,-2.796750069E-1,4.592499882E-2,-2.182125002E-1,3.576924800E-1
9.174917367E0,-2.477750033E-1,3.849999979E-2,-2.213750035E-1,3.344870616E-1
9.177412749E0,-2.136749923E-1,3.533750027E-2,-2.191749960E-1,3.081289018E-1
9.179908134E0,-1.784749925E-1,3.533750027E-2,-2.117500007E-1,2.791775863E-1
9.182403542E0,-1.423124969E-1,3.423750028E-2,-1.979999989E-1,2.462296748E-1
9.184898927E0,-1.018875018E-1,3.313750029E-2,-1.787499934E-1,2.084003769E-1
9.187394312E0,-6.242499873E-2,3.313750029E-2,-1.542750001E-1,1.696931055E-1
9.189889696E0,-1.979999989E-2,3.423750028E-2,-1.255374998E-1,1.316203262E-1
9.192385006E0,2.062499896E-2,3.423750028E-2,-9.350000322E-2,1.016850412E-1
9.194880375E0,6.215000153E-2,3.423750028E-2,-6.049999967E-2,9.324740788E-2
9.197375759E0,1.038125008E-1,3.423750028E-2,-2.859999985E-2,1.129920428E-1
9.199871144E0,1.431374997E-1,3.423750028E-2,-1.924999990E-3,1.471878251E-1
9.202366528E0,1.846625060E-1,3.217500076E-2,1.828750037E-2,1.883345546E-1
9.204861913E0,2.230249941E-1,2.887500077E-2,3.533750027E-2,2.276458930E-1
9.207357298E0,2.593249977E-1,2.571249940E-2,4.922499880E-2,2.652049916E-1
9.209852683E0,2.934249938E-1,1.938750036E-2,5.884999782E-2,2.998956892E-1
9.212347838E0,3.221625090E-1,1.086249948E-2,6.737499684E-2,3.293115034E-1
9.214843221E0,3.486999869E-1,-5.224999972E-3,6.943749636E-2,3.555847964E-1
9.217338831E0,3.722124994E-1,-2.543750033E-2,7.259999961E-2,3.800789011E-1
9.219833987E0,3.913249969E-1,-5.101250112E-2,7.479999959E-2,4.016622567E-1
9.222329370E0,4.094749987E-1,-7.975000143E-2,7.163749635E-2,4.232750503E-1
9.224824754E0,4.222624898E-1,-1.106875017E-1,6.737499684E-2,4.416975476E-1
9.227320064E0,4.307875037E-1,-1.425874978E-1,5.664999783E-2,4.572945333E-1
9.229815548E0,4.361499846E-1,-1.724250019E-1,4.386249930E-2,4.710425768E-1
9.232310857E0,4.371125102E-1,-1.991000026E-1,2.997500077E-2,4.812552943E-1
9.234806240E0,4.339500070E-1,-2.204124928E-1,9.762499481E-3,4.868157577E-1
9.237301625E0,4.276250005E-1,-2.374625057E-1,-1.154999994E-2,4.892698490E-1
9.239797009E0,4.179999828E-1,-2.448875010E-1,-3.492499888E-2,4.857094083E-1
9.242292384E0,4.041124880E-1,-2.491499931E-1,-5.733750015E-2,4.781947417E-1
9.244787768E0,3.881624937E-1,-2.480500042E-1,-8.401250094E-2,4.682488937E-1
9.247283153E0,3.668499887E-1,-2.395250052E-1,-1.084875017E-1,4.513542737E-1
9.249778309E0,3.434749842E-1,-2.256374955E-1,-1.340624988E-1,4.322731749E-1
9.252273691E0,3.190000057E-1,-2.076250017E-1,-1.563374996E-1,4.114736428E-1
9.254769076E0,2.880625129E-1,-1.852124929E-1,-1.766874939E-1,3.853597662E-1
9.257264461E0,2.550624907E-1,-1.607374996E-1,-1.958000064E-1,3.594872187E-1
9.259759845E0,2.230249941E-1,-1.394249946E-1,-2.149125040E-1,3.396569762E-1
9.262255230E0,1.974499971E-1,-1.181124970E-1,-2.330625057E-1,3.274983891E-1
9.264750540E0,1.687124968E-1,-9.569999576E-2,-2.469500005E-1,3.140170354E-1
9.267246014E0,1.399749964E-1,-7.232499868E-2,-2.586374879E-1,3.028485681E-1
9.269741324E0,1.143999994E-1,-4.675000161E-2,-2.725250125E-1,2.992370381E-1
9.272236707E0,9.198749810E-2,-2.323750034E-2,-2.853125036E-1,3.006740859E-1
9.274732091E0,6.751249731E-2,1.237499993E-3,-2.980999947E-1,3.056518862E-1
9.277227476E0,4.303750023E-2,2.034999989E-2,-3.077250123E-1,3.113856646E-1
9.279722840E0,1.856249943E-2,3.423750028E-2,-3.140499890E-1,3.164556342E-1
9.282218225E0,-5.912499968E-3,4.592499882E-2,-3.225750029E-1,3.258814135E-1
9.284713381E0,-3.148749843E-2,5.238749832E-2,-3.299999833E-1,3.356127255E-1
9.287208994E0,-5.926249921E-2,4.592499882E-2,-3.353624940E-1,3.436410216E-1
9.289704150E0,-8.579999954E-2,2.791249938E-2,-3.407250047E-1,3.524688303E-1
9.292199763E0,-1.178374961E-1,2.337499987E-3,-3.438875079E-1,3.635240810E-1
9.294694919E0,-1.454750001E-1,-2.749999985E-2,-3.513124883E-1,3.812344293E-1
9.297190302E0,-1.784749925E-1,-6.159999967E-2,-3.555749953E-1,4.025934180E-1
9.299685687E0,-2.147749960E-1,-9.996250272E-2,-3.630000055E-1,4.334625761E-1
9.302181071E0,-2.520374954E-1,-1.362625062E-1,-3.705624938E-1,4.684089362E-1
9.304676461E0,-2.892999947E-1,-1.766874939E-1,-3.790875077E-1,5.085472406E-1
9.307171845E0,-3.298625052E-1,-2.193125039E-1,-3.928374946E-1,5.578786104E-1
9.309667230E0,-3.671250045E-1,-2.586374879E-1,-4.089249969E-1,6.073662586E-1
9.312162540E0,-4.064500034E-1,-2.960374951E-1,-4.258374870E-1,6.589213679E-1
9.314657922E0,-4.448125064E-1,-3.332999945E-1,-4.386250079E-1,7.080529286E-1
9.317153307E0,-4.831750095E-1,-3.641000092E-1,-4.589749873E-1,7.593977518E-1
9.319648692E0,-5.194749832E-1,-3.918749988E-1,-4.760249853E-1,8.062382151E-1
9.322144076E0,-5.524749756E-1,-4.163500071E-1,-4.897750020E-1,8.476175314E-1
9.324639461E0,-5.854749680E-1,-4.345000088E-1,-5.036625266E-1,8.861417135E-1
9.327134617E0,-6.184750199E-1,-4.419249892E-1,-5.175499916E-1,9.196015660E-1
9.329629985E0,-6.505125165E-1,-4.365625083E-1,-5.270375013E-1,9.442043665E-1
9.332125601E0,-6.738874912E-1,-4.185499847E-1,-5.377625227E-1,9.583824765E-1
9.334620757E0,-6.930000186E-1,-3.822500110E-1,-5.440874696E-1,9.604141144E-1
9.337116139E0,-7.048249841E-1,-3.396250010E-1,-5.473874807E-1,9.548593894E-1
9.339611524E0,-7.154124975E-1,-2.884750068E-1,-5.462874770E-1,9.452316535E-1
9.342106912E0,-7.207750082E-1,-2.341624945E-1,-5.473874807E-1,9.348699056E-1
9.344602297E0,-7.185750008E-1,-1.744875014E-1,-5.473874807E-1,9.200157466E-1
9.347097682E0,-7.111499906E-1,-1.127500013E-1,-5.451874733E-1,9.031479684E-1
9.349593066E0,-6.994624734E-1,-5.197500065E-2,-5.398250222E-1,8.850763848E-1
9.352088376E0,-6.866750121E-1,4.399999976E-3,-5.346000195E-1,8.702523272E-1
9.354583759E0,-6.696249843E-1,5.871250108E-2,-5.281375051E-1,8.548532047E-1
9.357079143E0,-6.462500095E-1,1.087625027E-1,-5.238749981E-1,8.389954532E-1
9.359574528E0,-6.184750199E-1,1.493249983E-1,-5.121874809E-1,8.167896431E-1
9.362069912E0,-5.897374749E-1,1.812250018E-1,-4.993999898E-1,7.937462696E-1
9.364565313E0,-5.587999821E-1,2.056999952E-1,-4.877125025E-1,7.696969488E-1
9.367060698E0,-5.246999860E-1,2.238499969E-1,-4.760249853E-1,7.429795980E-1
9.369555854E0,-4.874374866E-1,2.388374954E-1,-4.599374831E-1,7.114640827E-1
9.372051236E0,-4.490749836E-1,2.451625019E-1,-4.461874962E-1,6.788639591E-1
9.374546621E0,-4.107125103E-1,2.483250052E-1,-4.300999939E-1,6.444657315E-1
9.377042009E0,-3.713875115E-1,2.494249940E-1,-4.184125066E-1,6.125443143E-1
9.379537394E0,-3.287625015E-1,2.431000024E-1,-4.067249894E-1,5.767214324E-1
9.382032779E0,-2.850374877E-1,2.355374992E-1,-3.993000090E-1,5.442102352E-1
9.384528163E0,-2.403499931E-1,2.238499969E-1,-3.885749876E-1,5.087901938E-1
9.387023548E0,-1.966249943E-1,2.067999989E-1,-3.790875077E-1,4.744838948E-1
9.389518933E0,-1.530375034E-1,1.854874939E-1,-3.705624938E-1,4.417495327E-1
9.392014318E0,-1.093124971E-1,1.610125005E-1,-3.587374985E-1,4.081260102E-1
9.394509627E0,-6.778749824E-2,1.300749928E-1,-3.449875116E-1,3.748746882E-1
9.397005009E0,-2.942499891E-2,1.002374962E-1,-3.268375099E-1,3.431270086E-1
9.399500394E0,6.874999963E-3,7.369999588E-2,-3.097875118E-1,3.185078610E-1
9.401995779E0,4.619999975E-2,4.386249930E-2,-2.938374877E-1,3.006639786E-1
9.404491163E0,8.456250280E-2,2.034999989E-2,-2.778874934E-1,2.911810405E-1
9.406986319E0,1.229249984E-1,-5.224999972E-3,-2.575374842E-1,2.854179595E-1
9.409481933E0,1.623875052E-1,-2.653750032E-2,-2.404875010E-1,2.913900803E-1
9.411977069E0,2.007499933E-1,-4.564999789E-2,-2.245374918E-1,3.046334968E-1
9.414472452E0,2.389750034E-1,-6.159999967E-2,-2.128500044E-1,3.258968189E-1
9.416967837E0,2.741749883E-1,-7.658749819E-2,-2.011625022E-1,3.485741260E-1
9.419463221E0,3.082749844E-1,-9.253749996E-2,-1.926375031E-1,3.751078012E-1
9.421958606E0,3.381125033E-1,-1.064250022E-1,-1.894749999E-1,4.019292495E-1
9.424453977E0,3.647874892E-1,-1.277374923E-1,-1.883749962E-1,4.299673457E-1
9.426949361E0,3.849999905E-1,-1.489125043E-1,-1.883749962E-1,4.537455959E-1
9.429444671E0,4.041124880E-1,-1.766874939E-1,-1.894749999E-1,4.800272379E-1
9.431940054E0,4.169000089E-1,-2.011625022E-1,-1.937374920E-1,5.018029349E-1
9.434435438E0,4.254249930E-1,-2.246749997E-1,-1.958000064E-1,5.194255699E-1
9.436930823E0,4.307875037E-1,-2.458499968E-1,-1.968999952E-1,5.336569145E-1
9.439426207E0,4.287250042E-1,-2.619374990E-1,-2.000624985E-1,5.407784999E-1
9.441921592E0,4.233624935E-1,-2.736249864E-1,-2.000624985E-1,5.423388585E-1
9.444416748E0,4.148375094E-1,-2.842124999E-1,-1.979999989E-1,5.404358462E-1
9.446912361E0,4.009499848E-1,-2.884750068E-1,-1.937374920E-1,5.305779261E-1
9.449407502E0,3.849999905E-1,-2.938374877E-1,-1.926375031E-1,5.212242027E-1
9.451903115E0,3.657499850E-1,-2.980999947E-1,-1.894749999E-1,5.084657647E-1
9.454398271E0,3.423750103E-1,-3.045625091E-1,-1.819124967E-1,4.930224397E-1
9.456893654E0,3.179000020E-1,-3.119874895E-1,-1.755875051E-1,4.787771682E-1
9.459389039E0,2.912249863E-1,-3.225750029E-1,-1.691250056E-1,4.663366731E-1
9.461884413E0,2.602874935E-1,-3.375625014E-1,-1.616999954E-1,4.559001098E-1
9.464379798E0,2.241249979E-1,-3.492499888E-1,-1.542750001E-1,4.427282970E-1
9.466875108E0,1.889249980E-1,-3.620375097E-1,-1.478125006E-1,4.342952321E-1
9.469370490E0,1.505624950E-1,-3.737249970E-1,-1.383250058E-1,4.259967670E-1
9.471865875E0,1.112374961E-1,-3.896749914E-1,-1.297999918E-1,4.255213477E-1
9.474361264E0,6.861250103E-2,-4.046624899E-1,-1.212750003E-1,4.279801768E-1
9.476856649E0,2.818750031E-2,-4.185499847E-1,-1.095874980E-1,4.335758810E-1
9.479352034E0,-1.553750038E-2,-4.323000014E-1,-1.020250022E-1,4.444477542E-1
9.481847419E0,-5.926249921E-2,-4.450874925E-1,-9.253749996E-2,4.584518608E-1
9.484342574E0,-9.968750179E-2,-4.589749873E-1,-8.401250094E-2,4.771307339E-1
9.486837957E0,-1.412124932E-1,-4.760249853E-1,-7.864999771E-2,5.027191831E-1
9.489333341E0,-1.817750037E-1,-4.919750094E-1,-7.438749820E-2,5.297311221E-1
9.491828726E0,-2.211000025E-1,-5.058624744E-1,-7.438749820E-2,5.570597401E-1
9.494324111E0,-2.563000023E-1,-5.229125023E-1,-7.438749820E-2,5.870780835E-1
9.496819495E0,-2.903999984E-1,-5.388625264E-1,-7.218749821E-2,6.163732768E-1
9.499314890E0,-3.213374913E-1,-5.527499914E-1,-7.218749821E-2,6.434293832E-1
9.501810274E0,-3.489750028E-1,-5.612750053E-1,-7.012499869E-2,6.646282417E-1
9.504305584E0,-3.745499849E-1,-5.655375123E-1,-6.792499870E-2,6.817141443E-1
9.506801044E0,-3.905000091E-1,-5.655375123E-1,-6.696250290E-2,6.905120648E-1
9.509296353E0,-4.064500034E-1,-5.612750053E-1,-7.012499869E-2,6.965262036E-1
9.511791721E0,-4.171749949E-1,-5.559124947E-1,-7.328750193E-2,6.988882143E-1
9.514287106E0,-4.246000051E-1,-5.462874770E-1,-7.218749821E-2,6.956480481E-1
9.516782490E0,-4.268000126E-1,-5.357000232E-1,-6.902500242E-2,6.884019295E-1
9.519277875E0,-4.268000126E-1,-5.260750055E-1,-7.122500241E-2,6.811652980E-1
9.521773259E0,-4.246000051E-1,-5.154874921E-1,-7.122500241E-2,6.716290046E-1
9.524268430E0,-4.182749987E-1,-5.079249740E-1,-6.696250290E-2,6.613816829E-1
9.526763813E0,-4.107125103E-1,-4.973374903E-1,-6.476250291E-2,6.482465019E-1
9.529259198E0,-4.043875039E-1,-4.908750057E-1,-5.623750016E-2,6.384748867E-1
9.531754582E0,-3.958624899E-1,-4.877125025E-1,-5.307500064E-2,6.303868270E-1
9.534249977E0,-3.862375021E-1,-4.834499955E-1,-5.307500064E-2,6.210638147E-1
9.536745361E0,-3.799124956E-1,-4.813874960E-1,-4.771250114E-2,6.150966659E-1
9.539240746E0,-3.756499887E-1,-4.834499955E-1,-4.344999790E-2,6.137790437E-1
9.541736056E0,-3.671250045E-1,-4.823499918E-1,-3.808749840E-2,6.073655745E-1
9.544231437E0,-3.660250008E-1,-4.866124988E-1,-3.382499889E-2,6.098443701E-1
9.546726822E0,-3.617624938E-1,-4.877125025E-1,-2.956249937E-2,6.079552026E-1
9.549222207E0,-3.606624901E-1,-4.919750094E-1,-2.639999986E-2,6.105848030E-1
9.551717591E0,-3.628624976E-1,-4.908750057E-1,-2.103750035E-2,6.107945971E-1
9.554212976E0,-3.606624901E-1,-4.866124988E-1,-2.103750035E-2,6.060624821E-1
9.556708340E0,-3.596999943E-1,-4.834499955E-1,-1.787500083E-2,6.028494835E-1
9.559203725E0,-3.585999906E-1,-4.749250114E-1,-1.471249945E-2,5.952849548E-1
9.561699110E0,-3.574999869E-1,-4.675000012E-1,-1.471249945E-2,5.887095628E-1
9.564194495E0,-3.564000130E-1,-4.578749835E-1,-1.251249947E-2,5.803680147E-1
9.566689636E0,-3.500750065E-1,-4.472874999E-1,-1.471249945E-2,5.681857754E-1
9.569185019E0,-3.436124921E-1,-4.365625083E-1,-1.581249945E-2,5.557934900E-1
9.571680403E0,-3.404499888E-1,-4.237749875E-1,-1.361249946E-2,5.437616528E-1
9.574175788E0,-3.341250122E-1,-4.131875038E-1,-1.361249946E-2,5.315531368E-1
9.576671173E0,-3.276624978E-1,-4.003999829E-1,-1.361249946E-2,5.175598119E-1
9.579166571E0,-3.222999871E-1,-3.896749914E-1,-1.361249946E-2,5.058746690E-1
9.581661956E0,-3.159750104E-1,-3.822500110E-1,-1.361249946E-2,4.961255670E-1
9.584157341E0,-3.128125072E-1,-3.759250045E-1,-1.251249947E-2,4.892114433E-1
9.586652650E0,-3.106124997E-1,-3.726249933E-1,-6.187499966E-3,4.851471898E-1
9.589148033E0,-3.106124997E-1,-3.759250045E-1,-3.024999984E-3,4.876565232E-1
9.591643433E0,-3.148750067E-1,-3.811500072E-1,2.337499987E-3,4.943956531E-1
9.594138817E0,-3.213374913E-1,-3.907749951E-1,5.499999970E-3,5.059576366E-1
9.596634202E0,-3.330250084E-1,-4.046624899E-1,1.086249948E-2,5.241902144E-1
9.599129586E0,-3.489750028E-1,-4.217124879E-1,1.622499898E-2,5.476205124E-1
9.601624742E0,-3.691875041E-1,-4.419249892E-1,2.254999988E-2,5.762860503E-1
9.604120365E0,-3.936625123E-1,-4.600749910E-1,2.901249938E-2,6.062020258E-1
9.606615751E0,-4.192374945E-1,-4.780874848E-1,3.533750027E-2,6.368488509E-1
9.609110905E0,-4.523749948E-1,-4.941749871E-1,4.606249928E-2,6.715458343E-1
9.611606288E0,-4.896374941E-1,-5.047624707E-1,5.664999783E-2,7.055063782E-1
9.614101672E0,-5.311625004E-1,-5.132874846E-1,7.053750008E-2,7.420061877E-1
9.616597062E0,-5.726875067E-1,-5.186499953E-1,8.442500234E-2,7.772363727E-1
9.619092447E0,-6.184750199E-1,-5.154874921E-1,9.927500039E-2,8.112300725E-1
9.621587756E0,-6.653624773E-1,-5.069624782E-1,1.131625026E-1,8.441113271E-1
9.624083216E0,-7.122499943E-1,-4.941749871E-1,1.280124933E-1,8.762968507E-1
9.626578526E0,-7.569375038E-1,-4.738250077E-1,1.376374960E-1,9.035533204E-1
9.629073908E0,-8.006625175E-1,-4.472874999E-1,1.493249983E-1,9.292063978E-1
9.631569293E0,-8.432874680E-1,-4.163500071E-1,1.578499973E-1,9.536234601E-1
9.634064677E0,-8.859124780E-1,-3.822500110E-1,1.643124968E-1,9.787515446E-1
9.636560062E0,-9.200124741E-1,-3.449875116E-1,1.643124968E-1,9.962117908E-1
9.639055218E0,-9.530124664E-1,-3.077250123E-1,1.610125005E-1,1.014323651E0
9.641550831E0,-9.817500114E-1,-2.725250125E-1,1.557874978E-1,1.030714661E0
9.644045987E0,-1.007325053E0,-2.352624983E-1,1.524875015E-1,1.045612091E0
9.646541370E0,-1.030699968E0,-2.043250054E-1,1.472624987E-1,1.061026567E0
9.649036754E0,-1.047749996E0,-1.724250019E-1,1.396999955E-1,1.070993242E0
9.651532139E0,-1.064800024E0,-1.446499974E-1,1.280124933E-1,1.082178318E0
9.654027534E0,-1.076624990E0,-1.170125008E-1,1.183874980E-1,1.089416767E0
9.656522918E0,-1.084049940E0,-8.717499673E-2,1.077999994E-1,1.092879038E0
9.659018228E0,-1.090374947E0,-5.953750014E-2,9.927500039E-2,1.096502514E0
9.661513687E0,-1.093537450E0,-3.079999983E-2,8.964999765E-2,1.097638336E0
9.664009078E0,-1.097800016E0,-5.224999972E-3,8.222500235E-2,1.100887427E0
9.666504386E0,-1.103162527E0,1.512499992E-2,7.590000331E-2,1.105873925E0
9.668999768E0,-1.107424974E0,3.739999980E-2,7.479999959E-2,1.110578171E0
9.671495153E0,-1.117050052E0,5.664999783E-2,7.479999959E-2,1.120983979E0
9.673990309E0,-1.129837513E0,7.576250285E-2,7.259999961E-2,1.134699750E0
9.676485922E0,-1.145787477E0,9.817499667E-2,7.590000331E-2,1.152487780E0
9.678981078E0,-1.168200016E0,1.215500012E-1,8.016250283E-2,1.177239019E0
9.681476691E0,-1.196937442E0,1.428624988E-1,8.758749813E-2,1.208610981E0
9.683971847E0,-1.227874994E0,1.524875015E-1,9.281250089E-2,1.240783462E0
9.686467230E0,-1.261975050E0,1.524875015E-1,9.817499667E-2,1.274939918E0
9.688962606E0,-1.301300049E0,1.322750002E-1,1.035374999E-1,1.312096988E0
9.691457990E0,-1.346125007E0,1.002374962E-1,1.098624989E-1,1.354315273E0
9.693953375E0,-1.390812516E0,5.348749831E-2,1.131625026E-1,1.396433357E0
9.696448685E0,-1.437700033E0,-9.624999948E-4,1.152250022E-1,1.442310339E0
9.698944067E0,-1.482387543E0,-5.733750015E-2,1.174250022E-1,1.488136098E0
9.701439456E0,-1.529274940E0,-1.127500013E-1,1.205874979E-1,1.538159859E0
9.703934840E0,-1.576162457E0,-1.702249944E-1,1.237500012E-1,1.590150529E0
9.706430225E0,-1.618787527E0,-2.267374992E-1,1.248499975E-1,1.639350625E0
9.708925610E0,-1.658249974E0,-2.778874934E-1,1.237500012E-1,1.685920668E0
9.711420995E0,-1.696475029E0,-3.258749843E-1,1.194875017E-1,1.731617536E0
9.713916371E0,-1.727412462E0,-3.662999868E-1,1.141249985E-1,1.769506714E0
9.716411526E0,-1.755187511E0,-3.982000053E-1,1.120624989E-1,1.803276032E0
9.718906908E0,-1.777462482E0,-4.206124842E-1,1.098624989E-1,1.829851772E0
9.721402293E0,-1.793412447E0,-4.355999827E-1,1.088999957E-1,1.848765739E0
9.723897678E0,-1.807299972E0,-4.461874962E-1,1.055999994E-1,1.864555665E0
9.726393052E0,-1.813762546E0,-4.547125101E-1,1.035374999E-1,1.872756805E0
9.728888437E0,-1.818024993E0,-4.578749835E-1,1.013374999E-1,1.877533932E0
9.731383821E0,-1.818987489E0,-4.567750096E-1,9.927500039E-2,1.878087969E0
9.733879206E0,-1.816925049E0,-4.558124840E-1,9.501250088E-2,1.875635633E0
9.736374577E0,-1.812662482E0,-4.493499994E-1,8.964999765E-2,1.869678534E0
9.738869962E0,-1.806200027E0,-4.439874887E-1,8.222500235E-2,1.861785267E0
9.741365271E0,-1.803037524E0,-4.567750096E-1,8.222500235E-2,1.861813276E0
9.743860654E0,-1.795612454E0,-4.461874962E-1,8.112499863E-2,1.851995851E0
9.746356038E0,-1.785025001E0,-4.259749949E-1,7.906249911E-2,1.836850519E0
9.748851427E0,-1.778562546E0,-4.131875038E-1,8.222500235E-2,1.827777228E0
9.751346811E0,-1.773200035E0,-4.152500033E-1,8.648750186E-2,1.823225443E0
9.753842196E0,-1.766875029E0,-4.334000051E-1,9.281250089E-2,1.821619360E0
9.756337352E0,-1.760412455E0,-4.643374979E-1,1.035374999E-1,1.823562814E0
9.758832735E0,-1.759449959E0,-5.101249814E-1,1.141249985E-1,1.835460751E0
9.761328110E0,-1.759449959E0,-5.622375011E-1,1.302125007E-1,1.851683143E0
9.763823495E0,-1.762612462E0,-6.219124794E-1,1.546874940E-1,1.875501545E0
9.766318879E0,-1.765774965E0,-6.815875173E-1,1.845249981E-1,1.901728752E0
9.768814189E0,-1.771137476E0,-7.466250062E-1,2.175250053E-1,1.934345881E0
9.771309572E0,-1.768937469E0,-8.168874979E-1,2.558875084E-1,1.965177694E0
9.773805033E0,-1.774299979E0,-8.967750072E-1,2.994749844E-1,2.010480315E0
9.776300343E0,-1.766875029E0,-9.415999651E-1,3.454000056E-1,2.031688713E0
9.778795726E0,-1.758350015E0,-9.788625240E-1,3.943499923E-1,2.050726342E0
9.781291110E0,-1.745562434E0,-1.011862516E0,4.465999901E-1,2.066471755E0
9.783786490E0,-1.725350022E0,-1.043762445E0,4.987125099E-1,2.077254657E0
9.786281875E0,-1.699774981E0,-1.067275047E0,5.520625114E-1,2.081606117E0
9.788777259E0,-1.669937491E0,-1.083225012E0,6.073374748E-1,2.081087807E0
9.791272644E0,-1.635837436E0,-1.097112536E0,6.627500057E-1,2.078186133E0
9.793767800E0,-1.596374989E0,-1.111962438E0,7.138999701E-1,2.072323993E0
9.796263413E0,-1.555950046E0,-1.104537487E0,7.672500014E-1,2.056612790E0
9.798758569E0,-1.506862521E0,-1.088587523E0,8.300874829E-1,2.035854288E0
9.801253951E0,-1.454749942E0,-1.043762445E0,8.801375031E-1,1.995088835E0
9.803749336E0,-1.392874956E0,-9.766625166E-1,9.259250164E-1,1.936829226E0
9.806244721E0,-1.324812531E0,-9.021375179E-1,9.696499705E-1,1.873286260E0
9.808740025E0,-1.256612539E0,-8.307750225E-1,1.010074973E0,1.813701647E0
9.811235485E0,-1.187312484E0,-7.551500201E-1,1.050500035E0,1.755993397E0
9.813730795E0,-1.115949988E0,-6.752625108E-1,1.085700035E0,1.697076428E0
9.816226177E0,-1.053112507E0,-6.133875251E-1,1.112375021E0,1.650051028E0
9.818721562E0,-9.902749658E-1,-5.451874733E-1,1.140012503E0,1.605460182E0
9.821216956E0,-9.305999875E-1,-4.663999975E-1,1.165587544E0,1.562734660E0
9.823712340E0,-8.592374921E-1,-3.918749988E-1,1.186900020E0,1.516768519E0
9.826207496E0,-8.273375034E-1,-3.236750066E-1,1.206012487E0,1.497904862E0
9.828702879E0,-7.953000069E-1,-2.586374879E-1,1.220999956E0,1.479944710E0
9.831198263E0,-7.409874797E-1,-2.065249979E-1,1.223062515E0,1.444851873E0
9.833693648E0,-6.802124977E-1,-1.627999991E-1,1.219900012E0,1.406182393E0
9.836189263E0,-6.301624775E-1,-1.308999956E-1,1.212474942E0,1.372710837E0
9.838684419E0,-5.960624814E-1,-1.116499975E-1,1.206012487E0,1.349897153E0
9.841179802E0,-5.695250034E-1,-1.084875017E-1,1.195425034E0,1.328596733E0
9.843675191E0,-5.460125208E-1,-1.234750003E-1,1.184837461E0,1.310425716E0
9.846170576E0,-5.300624967E-1,-1.553750038E-1,1.173012495E0,1.296559276E0
9.848665961E0,-5.246999860E-1,-2.054249942E-1,1.159262538E0,1.288952728E0
9.851161345E0,-5.289624929E-1,-2.682625055E-1,1.142212510E0,1.287018069E0
9.853656650E0,-5.374875069E-1,-3.418250084E-1,1.118700027E0,1.287333254E0
9.856152033E0,-5.493124723E-1,-4.270749986E-1,1.088862538E0,1.292191501E0
9.858647417E0,-5.652624965E-1,-5.197499990E-1,1.054762483E0,1.304678369E0
9.861142802E0,-5.832750201E-1,-6.209499836E-1,1.013237476E0,1.323797120E0
9.863638186E0,-5.886374712E-1,-6.965749860E-1,9.589250088E-1,1.323347255E0
9.866133337E0,-5.917999744E-1,-7.679374814E-1,8.971874714E-1,1.320946836E0
9.868628720E0,-6.003249884E-1,-8.648750186E-1,8.386124969E-1,1.345982841E0
9.871124104E0,-6.195750237E-1,-9.681375027E-1,7.789375186E-1,1.388490941E0
9.873619489E0,-6.173750162E-1,-1.075799942E0,7.213249803E-1,1.434854401E0
9.876114874E0,-6.099500060E-1,-1.172737479E0,6.595875025E-1,1.477297492E0
9.878610254E0,-5.982624888E-1,-1.248362541E0,5.978500247E-1,1.507896446E0
9.881105639E0,-5.823125243E-1,-1.295249939E0,5.392749906E-1,1.519071360E0
9.883601024E0,-5.630624890E-1,-1.321787477E0,4.774000049E-1,1.513959136E0
9.886096409E0,-5.428500175E-1,-1.338837504E0,4.210250080E-1,1.504803662E0
9.888591713E0,-5.161749721E-1,-1.341037512E0,3.634124994E-1,1.482189885E0
9.891087096E0,-4.853749871E-1,-1.325087547E0,3.102000058E-1,1.444877133E0
9.893582480E0,-4.501749873E-1,-1.296212435E0,2.612499893E-1,1.396809132E0
9.896077865E0,-4.118124843E-1,-1.248362541E0,2.121624947E-1,1.331544772E0
9.898573249E0,-3.713875115E-1,-1.187587500E0,1.685750037E-1,1.255671249E0
9.901068629E0,-3.341250122E-1,-1.117324948E0,1.259499937E-1,1.172995296E0
9.903564014E0,-2.881999910E-1,-1.038537502E0,8.112499863E-2,1.080833310E0
9.906059169E0,-2.371875048E-1,-9.596124887E-1,4.276249930E-2,9.894153184E-1
9.908554552E0,-1.912624985E-1,-8.828874826E-1,5.499999970E-3,9.033835843E-1
9.911049937E0,-1.434125006E-1,-8.072624803E-1,-2.749999985E-2,8.203633996E-1
9.913545321E0,-9.336250275E-2,-7.349374890E-1,-6.049999967E-2,7.433101100E-1
9.916040706E0,-4.853750020E-2,-6.634374857E-1,-9.143749624E-2,6.714655628E-1
9.918536091E0,-4.949999973E-3,-5.985375047E-1,-1.170125008E-1,6.098881638E-1
9.921031475E0,3.657500073E-2,-5.388625264E-1,-1.361249983E-1,5.569924310E-1
9.923526785E0,7.287500054E-2,-4.866124988E-1,-1.574375033E-1,5.166130632E-1
9.926022173E0,1.038125008E-1,-4.430249929E-1,-1.744875014E-1,4.873336309E-1
9.928517634E0,1.303499937E-1,-3.982000053E-1,-1.926375031E-1,4.611546082E-1
9.931012944E0,1.581249982E-1,-3.546124995E-1,-2.096875012E-1,4.412735977E-1
9.933508326E0,1.772374958E-1,-3.194124997E-1,-2.256374955E-1,4.293597026E-1
9.936003711E0,1.931875050E-1,-2.895750105E-1,-2.437874973E-1,4.249793438E-1
9.938498867E0,2.092749923E-1,-2.651000023E-1,-2.575374842E-1,4.247347283E-1
9.940994249E0,2.209624946E-1,-2.501125038E-1,-2.736249864E-1,4.315684439E-1
9.943489865E0,2.305874974E-1,-2.406249940E-1,-2.884750068E-1,4.407820451E-1
9.945985021E0,2.389750034E-1,-2.352624983E-1,-3.012624979E-1,4.507955057E-1
9.948480417E0,2.496999949E-1,-2.331999987E-1,-3.151499927E-1,4.648137743E-1
9.950975802E0,2.613874972E-1,-2.289374918E-1,-3.236750066E-1,4.748697808E-1
9.953471187E0,2.730749846E-1,-2.246749997E-1,-3.279374838E-1,4.822777166E-1
9.955966571E0,2.869625092E-1,-2.171124965E-1,-3.310999870E-1,4.889913284E-1
9.958461942E0,3.008500040E-1,-2.076250017E-1,-3.289000094E-1,4.917256170E-1
9.960957252E0,3.210625052E-1,-1.979999989E-1,-3.225750029E-1,4.963262680E-1
9.963452634E0,3.412750065E-1,-1.894749999E-1,-3.097875118E-1,4.983349357E-1
9.965948019E0,3.614875078E-1,-1.841125041E-1,-2.864125073E-1,4.965911365E-1
9.968443403E0,3.807374835E-1,-1.777874976E-1,-2.617999911E-1,4.950844989E-1
9.970938793E0,3.977875113E-1,-1.787499934E-1,-2.310000062E-1,4.935052859E-1
9.973434178E0,4.137375057E-1,-1.841125041E-1,-1.947000027E-1,4.929343048E-1
9.975929333E0,4.244624972E-1,-2.000624985E-1,-1.520749927E-1,4.932749925E-1
9.978424716E0,4.339500070E-1,-2.289374918E-1,-1.084875017E-1,5.024883299E-1
9.980920101E0,4.382124841E-1,-2.693625093E-1,-6.049999967E-2,5.179252770E-1
9.983415494E0,4.371125102E-1,-3.194124997E-1,-1.251249947E-2,5.415240107E-1
9.985910879E0,4.318875074E-1,-3.759250045E-1,3.327500075E-2,5.735448141E-1
9.988406264E0,4.244624972E-1,-4.302375019E-1,7.686249912E-2,6.092458973E-1
9.990901648E0,4.116750062E-1,-4.749250114E-1,1.194875017E-1,6.397713187E-1
9.993397033E0,3.977875113E-1,-5.121874809E-1,1.567499936E-1,6.671892387E-1
9.995892343E0,3.827999830E-1,-5.431249738E-1,1.876875013E-1,6.904687989E-1
9.998387725E0,3.668499887E-1,-5.655375123E-1,2.143625021E-1,7.073633256E-1
1.000088311E1,3.519999981E-1,-5.792874694E-1,2.431000024E-1,7.201219216E-1
1.000337849E1,3.381125033E-1,-5.868499875E-1,2.655124962E-1,7.274681150E-1
1.000587388E1,3.253250122E-1,-5.857499838E-1,2.846249938E-1,7.279771934E-1
1.000836926E1,3.125374913E-1,-5.783249736E-1,2.974124849E-1,7.215217562E-1
1.001086464E1,2.986499965E-1,-5.622375011E-1,3.144625127E-1,7.100630254E-1
1.001336002E1,2.943874896E-1,-5.451874733E-1,3.378374875E-1,7.057106652E-1
1.001585541E1,2.891624868E-1,-5.197499990E-1,3.591499925E-1,6.947976125E-1
1.001835057E1,2.891624868E-1,-4.845499992E-1,3.804624975E-1,6.805551833E-1
1.002084596E1,2.901250124E-1,-4.493499994E-1,3.997125030E-1,6.677260140E-1
1.002334134E1,2.934249938E-1,-4.142875075E-1,4.199250042E-1,6.588394152E-1
1.002583673E1,3.019500077E-1,-3.790875077E-1,4.412375093E-1,6.554171841E-1
1.002833211E1,3.082749844E-1,-3.386625051E-1,4.636499882E-1,6.516878623E-1
1.003082742E1,3.179000020E-1,-2.960374951E-1,4.827624857E-1,6.494291551E-1
1.003332288E1,3.242250085E-1,-2.534124851E-1,4.976125062E-1,6.457228121E-1
1.003581819E1,3.295874894E-1,-2.107875049E-1,5.137000084E-1,6.457143207E-1
1.003831357E1,3.327499926E-1,-1.649999917E-1,5.253875256E-1,6.434124702E-1
1.004080896E1,3.327499926E-1,-1.212750003E-1,5.328124762E-1,6.397806796E-1
1.004330435E1,3.338499963E-1,-8.291249722E-2,5.359749794E-1,6.368669255E-1
1.004579973E1,3.306874931E-1,-4.991250113E-2,5.392749906E-1,6.345573192E-1
1.004829512E1,3.242250085E-1,-2.117500082E-2,5.413374901E-1,6.313608437E-1
1.005079050E1,3.147374988E-1,3.299999982E-3,5.381749868E-1,6.234604234E-1
1.005328590E1,3.071750104E-1,2.144999988E-2,5.328124762E-1,6.153907086E-1
1.005578128E1,2.943874896E-1,3.533750027E-2,5.274500251E-1,6.050754184E-1
1.005827644E1,2.806375027E-1,4.592499882E-2,5.242875218E-1,5.964427206E-1
1.006077182E1,2.645500004E-1,5.555000156E-2,5.168625116E-1,5.832832599E-1
1.006326721E1,2.475000024E-1,6.517499685E-2,5.094375014E-1,5.701145492E-1
1.006576259E1,2.294874936E-1,7.369999588E-2,4.998124838E-1,5.548952316E-1
1.006825798E1,2.092749923E-1,8.222500235E-2,4.901874959E-1,5.392965368E-1
1.007075336E1,1.900250018E-1,8.318749815E-2,4.774000049E-1,5.205193808E-1
1.007324867E1,1.698125005E-1,8.538749814E-2,4.614500105E-1,4.990625436E-1
1.007574405E1,1.516624987E-1,8.428750187E-2,4.454999864E-1,4.780963652E-1
1.007823944E1,1.346125007E-1,8.002500236E-2,4.273499846E-1,4.551401276E-1
1.008073482E1,1.155000031E-1,7.259999961E-2,4.082374871E-1,4.304286892E-1
1.008323021E1,9.624999762E-2,6.407500058E-2,3.889875114E-1,4.058090090E-1
1.008572536E1,8.139999956E-2,5.775000155E-2,3.698749840E-1,3.831038063E-1
1.008822098E1,6.751249731E-2,5.444999784E-2,3.485625088E-1,3.591915396E-1
1.009071613E1,5.362499878E-2,5.018749833E-2,3.250499964E-1,3.332445433E-1
1.009321151E1,4.193750024E-2,4.702499881E-2,3.016749918E-1,3.081848555E-1
1.009570690E1,2.914999984E-2,4.069999978E-2,2.761000097E-1,2.806019027E-1
1.009820228E1,1.966249943E-2,3.313750029E-2,2.505249977E-1,2.534708707E-1
1.010069767E1,1.113750041E-2,2.461249940E-2,2.206874937E-1,2.223348576E-1
1.010319305E1,7.837500423E-3,1.402499992E-2,1.919499934E-1,1.926212008E-1
1.010568836E1,2.612499986E-3,3.299999982E-3,1.643124968E-1,1.643663948E-1
1.010818374E1,2.612499986E-3,-1.154999994E-2,1.387374997E-1,1.392419530E-1
1.011067912E1,1.512499992E-3,-2.859999985E-2,1.141249985E-1,1.176637706E-1
1.011317459E1,1.512499992E-3,-4.881250113E-2,8.855000138E-2,1.011239372E-1
1.011566989E1,4.124999978E-4,-7.012499869E-2,6.407500058E-2,9.499100640E-2
1.011816527E1,4.124999978E-4,-9.143749624E-2,4.069999978E-2,1.000873411E-1
1.012066066E1,-1.649999991E-3,-1.116499975E-1,1.938750036E-2,1.133327826E-1
1.012315604E1,-1.649999991E-3,-1.297999918E-1,1.374999993E-4,1.298105515E-1
1.012565121E1,-2.749999985E-3,-1.446499974E-1,-2.007500082E-2,1.460622809E-1
1.012814660E1,-3.849999979E-3,-1.553750038E-1,-3.808749840E-2,1.600214731E-1
1.013064198E1,-3.849999979E-3,-1.639000028E-1,-5.623750016E-2,1.733225024E-1
1.013313737E1,-3.849999979E-3,-1.639000028E-1,-7.218749821E-2,1.791342188E-1
1.013563274E1,-3.849999979E-3,-1.574375033E-1,-8.717499673E-2,1.800024167E-1
1.013812812E1,2.612499986E-3,-1.436875015E-1,-1.010624990E-1,1.756887929E-1
1.014062343E1,8.937500417E-3,-1.277374923E-1,-1.137124971E-1,1.712520886E-1
1.014311881E1,1.966249943E-2,-1.084875017E-1,-1.255374998E-1,1.670802674E-1
1.014561420E1,3.231250122E-2,-8.937499672E-2,-1.340624988E-1,1.643311941E-1
1.014810960E1,4.619999975E-2,-6.806249917E-2,-1.457500011E-1,1.673619030E-1
1.015060499E1,6.324999779E-2,-4.248749837E-2,-1.553750038E-1,1.730524243E-1
1.015310037E1,8.346249908E-2,-1.581249945E-2,-1.616999954E-1,1.826551735E-1
1.015559576E1,1.047749966E-1,6.599999964E-3,-1.681624949E-1,1.982422372E-1
1.015809114E1,1.271875054E-1,2.681249939E-2,-1.776500046E-1,2.201251821E-1
1.016058653E1,1.505624950E-1,4.386249930E-2,-1.883749962E-1,2.451083902E-1
1.016308169E1,1.729750037E-1,5.664999783E-2,-1.968999952E-1,2.681402288E-1
1.016557730E1,1.964875013E-1,6.613750011E-2,-2.032250017E-1,2.903134657E-1
1.016807246E1,2.177999914E-1,6.943749636E-2,-2.139499933E-1,3.131022225E-1
1.017056784E1,2.389750034E-1,6.833750010E-2,-2.213750035E-1,3.328452468E-1
1.017306321E1,2.624875009E-1,6.407500058E-2,-2.341624945E-1,3.575435186E-1
1.017555860E1,2.815999985E-1,5.444999784E-2,-2.480500042E-1,3.791993750E-1
1.017805398E1,2.986499965E-1,4.069999978E-2,-2.565749884E-1,3.958270267E-1
1.018054929E1,3.104749918E-1,2.144999988E-2,-2.682625055E-1,4.108766176E-1
1.018304467E1,3.210625052E-1,1.374999993E-4,-2.831124961E-1,4.280582164E-1
1.018554004E1,3.264249861E-1,-2.433750033E-2,-2.980999947E-1,4.427292540E-1
1.018803543E1,3.264249861E-1,-4.564999789E-2,-3.108874857E-1,4.530874338E-1
1.019053081E1,3.232625127E-1,-6.696250290E-2,-3.225750029E-1,4.615595968E-1
1.019302620E1,3.167999983E-1,-8.827500045E-2,-3.364624977E-1,4.704909425E-1
1.019552135E1,3.082749844E-1,-1.095874980E-1,-3.492499888E-1,4.785587115E-1
1.019801675E1,2.954874933E-1,-1.308999956E-1,-3.587374985E-1,4.828460007E-1
1.020051213E1,2.827000022E-1,-1.489125043E-1,-3.662999868E-1,4.860760286E-1
1.020300752E1,2.678500116E-1,-1.681624949E-1,-3.705624938E-1,4.871743171E-1
1.020550290E1,2.475000024E-1,-1.872749925E-1,-3.800500035E-1,4.906793038E-1
1.020799828E1,2.283875048E-1,-2.043250054E-1,-3.854124844E-1,4.923944997E-1
1.021049366E1,2.092749923E-1,-2.204124928E-1,-3.885749876E-1,4.933236366E-1
1.021298897E1,1.922249943E-1,-2.331999987E-1,-3.907749951E-1,4.940018063E-1
1.021548436E1,1.740749925E-1,-2.426874936E-1,-3.928374946E-1,4.934780843E-1
1.021797974E1,1.570249945E-1,-2.534124851E-1,-3.928374946E-1,4.931490988E-1
1.022047520E1,1.410750002E-1,-2.608374953E-1,-3.939374983E-1,4.930771818E-1
1.022297051E1,1.240250021E-1,-2.682625055E-1,-3.907749951E-1,4.899510892E-1
1.022546590E1,1.090374961E-1,-2.747249901E-1,-3.876124918E-1,4.874489097E-1
1.022796128E1,9.624999762E-2,-2.789874971E-1,-3.833499849E-1,4.837926172E-1
1.023045666E1,8.566249907E-2,-2.767874897E-1,-3.768875003E-1,4.753878060E-1
1.023295203E1,7.823749632E-2,-2.714250088E-1,-3.726249933E-1,4.675917310E-1
1.023544718E1,7.397499681E-2,-2.628999949E-1,-3.630000055E-1,4.542661240E-1
1.023794257E1,6.971249729E-2,-2.480500042E-1,-3.544749916E-1,4.382250067E-1
1.024043795E1,6.971249729E-2,-2.341624945E-1,-3.449875116E-1,4.227390322E-1
1.024293334E1,7.287500054E-2,-2.171124965E-1,-3.364624977E-1,4.070081255E-1
1.024542871E1,7.713750005E-2,-1.991000026E-1,-3.257375062E-1,3.894816143E-1
1.024792409E1,8.249999583E-2,-1.755875051E-1,-3.151499927E-1,3.700766666E-1
1.025041940E1,8.992499858E-2,-1.511124969E-1,-3.044250011E-1,3.515623322E-1
1.025291478E1,9.735000134E-2,-1.266375035E-1,-2.927374840E-1,3.334806060E-1
1.025541017E1,1.058750004E-1,-1.064250022E-1,-2.810499966E-1,3.186297183E-1
1.025790557E1,1.165999994E-1,-8.717499673E-2,-2.693625093E-1,3.061881796E-1
1.026040095E1,1.260875016E-1,-7.012499869E-2,-2.575374842E-1,2.951967636E-1
1.026289634E1,1.335124969E-1,-5.307500064E-2,-2.426874936E-1,2.820279455E-1
1.026539149E1,1.399749964E-1,-4.028749838E-2,-2.287999988E-1,2.712296473E-1
1.026788711E1,1.453374922E-1,-2.749999985E-2,-2.149125040E-1,2.608958049E-1
1.027038226E1,1.495999992E-1,-1.691249944E-2,-1.947000027E-1,2.461184338E-1
1.027287765E1,1.538625062E-1,-9.487500414E-3,-1.766874939E-1,2.344827370E-1
1.027537303E1,1.527625024E-1,-3.024999984E-3,-1.596374959E-1,2.209743489E-1
1.027786841E1,1.505624950E-1,3.299999982E-3,-1.425874978E-1,2.073912955E-1
1.028036372E1,1.463000029E-1,6.599999964E-3,-1.255374998E-1,1.928909399E-1
1.028285919E1,1.410750002E-1,1.182499994E-2,-1.127500013E-1,1.809821789E-1
1.028535450E1,1.357125044E-1,1.608750038E-2,-9.569999576E-2,1.668387866E-1
1.028784988E1,1.282874942E-1,1.938750036E-2,-7.755000144E-2,1.511540904E-1
1.029034534E1,1.229249984E-1,2.144999988E-2,-6.366249919E-2,1.400841587E-1
1.029284065E1,1.165999994E-1,2.791249938E-2,-5.197500065E-2,1.306754306E-1
1.029533605E1,1.090374961E-1,2.887500077E-2,-3.918749839E-2,1.194093852E-1
1.029783143E1,1.038125008E-1,3.217500076E-2,-2.859999985E-2,1.123842782E-1
1.030032682E1,9.735000134E-2,3.423750028E-2,-2.213750035E-2,1.055428733E-1
1.030282197E1,9.308750182E-2,3.423750028E-2,-1.787500083E-2,1.007819680E-1
1.030531736E1,8.882500231E-2,3.217500076E-2,-1.897500083E-2,9.635954735E-2
1.030781274E1,8.566249907E-2,2.791249938E-2,-2.007500082E-2,9.230480500E-2
1.031030813E1,8.456250280E-2,1.828750037E-2,-2.323750034E-2,8.958365349E-2
1.031280351E1,8.346249908E-2,8.662499487E-3,-2.956249937E-2,8.896611164E-2
1.031529890E1,8.566249907E-2,-6.187499966E-3,-3.808749840E-2,9.395214972E-2
1.031779428E1,8.772499859E-2,-2.543750033E-2,-4.661250114E-2,1.025449514E-1
1.032028966E1,8.992499858E-2,-4.564999789E-2,-5.417500064E-2,1.144786372E-1
1.032278497E1,9.102500230E-2,-6.270000339E-2,-6.049999967E-2,1.260043310E-1
1.032528035E1,9.418749809E-2,-7.864999771E-2,-7.122500241E-2,1.418806114E-1
1.032777574E1,9.528750181E-2,-9.459999949E-2,-8.071249723E-2,1.566632539E-1
1.033027112E1,9.735000134E-2,-1.053249985E-1,-8.827500045E-2,1.684127483E-1
1.033276650E1,9.844999760E-2,-1.138499975E-1,-9.776250273E-2,1.794762684E-1
1.033526189E1,9.735000134E-2,-1.170125008E-1,-1.020250022E-1,1.832431422E-1
1.033775727E1,9.624999762E-2,-1.181124970E-1,-1.062875018E-1,1.857731332E-1
1.034025266E1,9.528750181E-2,-1.149500012E-1,-1.073874980E-1,1.839165178E-1
1.034274804E1,9.418749809E-2,-1.084875017E-1,-1.053249985E-1,1.781408941E-1
1.034524321E1,9.308750182E-2,-9.996250272E-2,-9.996250272E-2,1.692639563E-1
1.034773859E1,9.102500230E-2,-9.033749998E-2,-9.350000322E-2,1.587093745E-1
1.035023398E1,8.882500231E-2,-7.975000143E-2,-8.497499675E-2,1.465288157E-1
1.035272936E1,8.992499858E-2,-6.902500242E-2,-7.438749820E-2,1.355892924E-1
1.035522475E1,8.882500231E-2,-5.733750015E-2,-6.049999967E-2,1.218101799E-1
1.035772005E1,8.882500231E-2,-4.455000162E-2,-4.235000163E-2,1.080190091E-1
1.036021543E1,8.992499858E-2,-3.286249936E-2,-2.749999985E-2,9.961274630E-2
1.036271082E1,9.102500230E-2,-2.007500082E-2,-1.044999994E-2,9.379637094E-2
1.036520620E1,9.308750182E-2,-4.124999978E-3,6.599999964E-3,9.341230444E-2
1.036770159E1,9.735000134E-2,1.182499994E-2,2.474999987E-2,1.011405748E-1
1.037019698E1,9.955000132E-2,2.887500077E-2,4.179999977E-2,1.117640748E-1
1.037269214E1,1.038125008E-1,4.276249930E-2,5.238749832E-2,1.238955877E-1
1.037518752E1,1.058750004E-1,5.348749831E-2,5.981250107E-2,1.328456377E-1
1.037768290E1,1.090374961E-1,6.407500058E-2,6.737499684E-2,1.432974929E-1
1.038017829E1,1.132999957E-1,7.892499864E-2,7.259999961E-2,1.560025781E-1
1.038267369E1,1.123374999E-1,8.964999765E-2,7.590000331E-2,1.625350622E-1
1.038516907E1,1.132999957E-1,9.817499667E-2,7.369999588E-2,1.670536093E-1
1.038766446E1,1.165999994E-1,1.067000031E-1,7.259999961E-2,1.739287511E-1
1.039015984E1,1.197625026E-1,1.109625027E-1,7.163749635E-2,1.782909558E-1
1.039265515E1,1.240250021E-1,1.120624989E-1,6.943749636E-2,1.810021290E-1
1.039515058E1,1.271875054E-1,1.087625027E-1,6.627500057E-2,1.799953311E-1
1.039764589E1,1.314499974E-1,9.927500039E-2,6.201250106E-2,1.760118684E-1
1.040014128E1,1.357125044E-1,8.318749815E-2,5.664999783E-2,1.689593618E-1
1.040263666E1,1.368124932E-1,6.517499685E-2,5.238749832E-2,1.603430338E-1
1.040513204E1,1.388749927E-1,5.018749833E-2,5.032499880E-2,1.560053015E-1
1.040762744E1,1.368124932E-1,3.643750027E-2,4.922499880E-2,1.498947972E-1
1.041012283E1,1.357125044E-1,2.144999988E-2,4.812499881E-2,1.455815986E-1
1.041261821E1,1.325500011E-1,1.182499994E-2,4.496249929E-2,1.404669348E-1
1.041511337E1,1.271875054E-1,3.299999982E-3,4.386249930E-2,1.345788630E-1
1.041760875E1,1.208624989E-1,-1.924999990E-3,4.179999977E-2,1.279010916E-1
1.042010412E1,1.112374961E-1,-6.187499966E-3,3.959999979E-2,1.182380044E-1
1.042259950E1,9.844999760E-2,-7.287499961E-3,3.753750026E-2,1.056152149E-1
1.042509489E1,8.566249907E-2,-7.287499961E-3,3.753750026E-2,9.380956949E-2
1.042759020E1,7.493750006E-2,-7.287499961E-3,3.753750026E-2,8.412966478E-2
1.043008558E1,6.215000153E-2,-5.224999972E-3,3.643750027E-2,7.223305850E-2
1.043258099E1,4.839999974E-2,-3.024999984E-3,3.423750028E-2,5.936258944E-2
1.043507637E1,3.451250121E-2,-1.924999990E-3,3.423750028E-2,4.865207899E-2
1.043757176E1,1.966249943E-2,-9.624999948E-4,4.069999978E-2,4.521095301E-2
1.044006714E1,7.837500423E-3,1.374999993E-4,4.496249929E-2,4.564067990E-2
1.044256252E1,-2.749999985E-3,-9.624999948E-4,5.032499880E-2,5.040926909E-2
1.044505768E1,-1.443750039E-2,-1.924999990E-3,5.348749831E-2,5.543518304E-2
1.044755307E1,-2.406249940E-2,-3.024999984E-3,5.555000156E-2,6.061317659E-2
1.045004845E1,-3.148749843E-2,-9.624999948E-4,5.884999782E-2,6.675111390E-2
1.045254384E1,-3.904999793E-2,1.237499993E-3,5.981250107E-2,7.144206764E-2
1.045503922E1,-4.853750020E-2,5.499999970E-3,6.091250107E-2,7.807990594E-2
1.045753462E1,-5.499999970E-2,1.086249948E-2,6.201250106E-2,8.359751282E-2
1.046003000E1,-6.036249921E-2,1.828750037E-2,6.311249733E-2,8.922584435E-2
1.046252539E1,-6.558749825E-2,2.681249939E-2,6.091250107E-2,9.343962134E-2
1.046502070E1,-6.984999776E-2,3.423750028E-2,6.201250106E-2,9.948255576E-2
1.046751608E1,-7.204999775E-2,4.166249931E-2,6.091250107E-2,1.031372814E-1
1.047001148E1,-7.411249727E-2,4.922499880E-2,5.884999782E-2,1.066727941E-1
1.047250687E1,-7.521250099E-2,5.348749831E-2,5.664999783E-2,1.082915280E-1
1.047500225E1,-7.837499678E-2,6.297499686E-2,5.664999783E-2,1.154023943E-1
1.047749764E1,-7.631249726E-2,6.723749638E-2,5.348749831E-2,1.149147103E-1
1.047999279E1,-7.411249727E-2,7.150000334E-2,5.128749833E-2,1.150448617E-1
1.048248817E1,-7.204999775E-2,7.796250284E-2,4.922499880E-2,1.170147620E-1
1.048498355E1,-6.778749824E-2,8.222500235E-2,4.606249928E-2,1.160941418E-1
1.048747894E1,-6.352499872E-2,8.428750187E-2,4.496249929E-2,1.147232966E-1
1.048997432E1,-5.816249922E-2,8.428750187E-2,4.606249928E-2,1.122898621E-1
1.049246971E1,-5.279999971E-2,8.318749815E-2,4.812499881E-2,1.096540712E-1
1.049496502E1,-4.757500067E-2,8.112499863E-2,5.032499880E-2,1.066642002E-1
1.049746048E1,-4.427500069E-2,7.686249912E-2,5.458749831E-2,1.041533217E-1
1.049995579E1,-3.904999793E-2,7.150000334E-2,5.884999782E-2,1.005011197E-1
1.050245117E1,-3.795000166E-2,6.833750010E-2,6.517499685E-2,1.017742441E-1
1.050494655E1,-3.148749843E-2,6.407500058E-2,6.833750010E-2,9.882854940E-2
1.050744195E1,-2.832499892E-2,5.981250107E-2,6.943749636E-2,9.592396337E-2
1.050993734E1,-2.722499892E-2,5.238749832E-2,7.369999588E-2,9.443166809E-2
1.051243272E1,-2.626249939E-2,4.496249929E-2,7.590000331E-2,9.204431389E-2
1.051492811E1,-2.406249940E-2,3.739999980E-2,7.590000331E-2,8.796916713E-2
1.051742326E1,-1.979999989E-2,3.107500076E-2,7.479999959E-2,8.338306547E-2
1.051991864E1,-1.869999990E-2,2.364999987E-2,7.259999961E-2,7.861152863E-2
1.052241403E1,-1.663750038E-2,1.938750036E-2,6.943749636E-2,7.398815777E-2
1.052490941E1,-1.443750039E-2,1.292499993E-2,6.737499684E-2,7.010625678E-2
1.052740480E1,-1.127499994E-2,6.599999964E-3,5.981250107E-2,6.122271562E-2
1.052990021E1,-9.212499484E-3,3.299999982E-3,5.348749831E-2,5.437529423E-2
1.053239559E1,-8.112499490E-3,1.374999993E-4,4.812499881E-2,4.880417056E-2
1.053489090E1,-3.849999979E-3,-5.224999972E-3,4.496249929E-2,4.542850941E-2
1.053738628E1,-1.649999991E-3,-7.287499961E-3,4.069999978E-2,4.138019016E-2
1.053988167E1,4.124999978E-4,-9.487500414E-3,3.327500075E-2,3.460359079E-2
1.054237703E1,2.612499986E-3,-8.387500420E-3,2.901249938E-2,3.031337064E-2
1.054487241E1,5.774999969E-3,-4.124999978E-3,2.571249940E-2,2.667393624E-2
1.054736757E1,8.937500417E-3,4.399999976E-3,2.474999987E-2,2.667960657E-2
1.054986318E1,1.113750041E-2,1.292499993E-2,2.254999988E-2,2.827723524E-2
1.055235834E1,1.636249945E-2,2.461249940E-2,1.938750036E-2,3.534659368E-2
1.055485372E1,1.966249943E-2,3.107500076E-2,1.718750037E-2,4.059162137E-2
1.055734910E1,2.392499894E-2,3.643750027E-2,1.622499898E-2,4.651180057E-2
1.055984449E1,2.818750031E-2,4.702499881E-2,1.292499993E-2,5.632886747E-2
1.056233980E1,3.231250122E-2,5.775000155E-2,1.196249947E-2,6.724776433E-2
1.056483525E1,3.877500072E-2,6.407500058E-2,8.662499487E-3,7.539327078E-2
1.056733063E1,4.509999976E-2,7.150000334E-2,5.499999970E-3,8.471428719E-2
1.056982602E1,5.046249926E-2,7.686249912E-2,5.499999970E-3,9.211165834E-2
1.057232132E1,5.472499877E-2,7.892499864E-2,5.499999970E-3,9.619891320E-2
1.057481671E1,5.788749829E-2,7.892499864E-2,4.399999976E-3,9.797692518E-2
1.057731209E1,5.898749828E-2,7.466249913E-2,2.337499987E-3,9.518128827E-2
1.057980748E1,6.118749827E-2,7.150000334E-2,-1.924999990E-3,9.412686145E-2
1.058230286E1,6.008749828E-2,6.407500058E-2,-4.124999978E-3,8.793820998E-2
1.058479825E1,5.692499876E-2,5.664999783E-2,-6.187499966E-3,8.054789193E-2
1.058729340E1,5.266249925E-2,4.496249929E-2,-9.349999949E-3,6.987408439E-2
1.058978881E1,4.619999975E-2,3.533750027E-2,-1.471249945E-2,5.999697111E-2
1.059228420E1,3.657500073E-2,2.791249938E-2,-2.103750035E-2,5.059065844E-2
1.059477958E1,2.598750032E-2,1.938750036E-2,-2.323750034E-2,3.988993313E-2
1.059727497E1,1.429999992E-2,8.662499487E-3,-2.859999985E-2,3.312836981E-2
1.059977033E1,1.512499992E-3,-3.024999984E-3,-3.286249936E-2,3.303607339E-2
1.060226564E1,-1.127499994E-2,-1.471249945E-2,-3.602499887E-2,4.051399521E-2
1.060476110E1,-2.296249941E-2,-2.859999985E-2,-3.712499887E-2,5.218718148E-2
1.060725641E1,-3.478749841E-2,-4.138749838E-2,-3.492499888E-2,6.436497972E-2
1.060975187E1,-4.757500067E-2,-5.101250112E-2,-3.286249936E-2,7.710771572E-2
1.061224718E1,-5.706249923E-2,-6.049999967E-2,-2.859999985E-2,8.794508951E-2
1.061474256E1,-6.558749825E-2,-6.902500242E-2,-2.323750034E-2,9.801098055E-2
1.061723795E1,-7.521250099E-2,-7.755000144E-2,-1.471249945E-2,1.090292652E-1
1.061973333E1,-8.153750002E-2,-8.084999770E-2,-4.124999978E-3,1.149003989E-1
1.062222850E1,-8.483749628E-2,-8.084999770E-2,3.437499981E-3,1.172430779E-1
1.062472412E1,-8.579999954E-2,-7.658749819E-2,8.662499487E-3,1.153357000E-1
1.062721927E1,-8.579999954E-2,-6.902500242E-2,1.718750037E-2,1.114517880E-1
1.062971465E1,-8.373750001E-2,-6.049999967E-2,1.938750036E-2,1.051099141E-1
1.063221005E1,-7.837499678E-2,-5.101250112E-2,2.364999987E-2,9.645847752E-2
1.063470543E1,-7.204999775E-2,-4.028749838E-2,2.364999987E-2,8.586971058E-2
1.063720074E1,-6.462500244E-2,-2.859999985E-2,2.474999987E-2,7.487932575E-2
1.063969620E1,-5.706249923E-2,-1.264999993E-2,2.571249940E-2,6.385361338E-2
1.064219149E1,-4.647500068E-2,-1.924999990E-3,2.571249940E-2,5.314850834E-2
1.064468687E1,-3.575000167E-2,9.762499481E-3,2.364999987E-2,4.396238744E-2
1.064718226E1,-2.406249940E-2,2.034999989E-2,2.254999988E-2,3.875085635E-2
1.064967764E1,-1.553750038E-2,2.887500077E-2,2.254999988E-2,3.979550329E-2
1.065217302E1,-5.912499968E-3,3.313750029E-2,2.474999987E-2,4.178054660E-2
1.065466816E1,3.574999981E-3,3.533750027E-2,2.474999987E-2,4.329066925E-2
1.065716378E1,1.429999992E-2,3.423750028E-2,2.364999987E-2,4.400021497E-2
1.065965894E1,2.488750033E-2,3.107500076E-2,2.144999988E-2,4.522328869E-2
1.066215432E1,3.341250122E-2,2.681249939E-2,1.828750037E-2,4.658044687E-2
1.066464970E1,4.413750023E-2,2.144999988E-2,1.622499898E-2,5.168628458E-2
1.066714510E1,4.936249927E-2,1.608750038E-2,1.402499992E-2,5.377884924E-2
1.066964041E1,5.582499877E-2,9.762499481E-3,1.292499993E-2,5.812738173E-2
1.067213587E1,6.324999779E-2,6.599999964E-3,5.499999970E-3,6.383080933E-2
1.067463118E1,6.641250104E-2,3.299999982E-3,2.337499987E-3,6.653551082E-2
1.067712656E1,6.971249729E-2,-1.924999990E-3,-8.249999955E-4,6.974394977E-2
1.067962194E1,7.067500055E-2,-5.224999972E-3,-3.024999984E-3,7.093241115E-2
1.068211732E1,7.287500054E-2,-6.187499966E-3,-6.187499966E-3,7.339847420E-2
1.068461271E1,7.177499682E-2,-8.387500420E-3,-1.251249947E-2,7.333868675E-2
1.068710809E1,7.287500054E-2,-7.287499961E-3,-1.154999994E-2,7.414361643E-2
1.068960325E1,7.067500055E-2,-5.224999972E-3,-1.154999994E-2,7.180291655E-2
1.069209863E1,6.971249729E-2,-4.124999978E-3,-9.349999949E-3,7.045757875E-2
1.069459402E1,6.751249731E-2,-5.224999972E-3,-7.287499961E-3,6.810540047E-2
1.069708940E1,6.641250104E-2,-4.124999978E-3,-5.087499972E-3,6.673468794E-2
1.069958478E1,6.751249731E-2,-3.024999984E-3,-3.024999984E-3,6.764790124E-2
1.070208017E1,6.751249731E-2,-3.024999984E-3,5.499999970E-3,6.780367186E-2
1.070457548E1,6.971249729E-2,1.374999993E-4,1.196249947E-2,7.073155292E-2
1.070707086E1,6.971249729E-2,-4.124999978E-3,1.292499993E-2,7.102044443E-2
1.070956625E1,6.861250103E-2,-9.487500414E-3,1.828750037E-2,7.163882070E-2
1.071206163E1,6.861250103E-2,-1.581249945E-2,2.048750035E-2,7.333108554E-2
1.071455702E1,6.641250104E-2,-2.323750034E-2,2.571249940E-2,7.491151007E-2
1.071705238E1,6.544999778E-2,-2.433750033E-2,3.107500076E-2,7.643083020E-2
1.071954777E1,6.118749827E-2,-2.543750033E-2,3.327500075E-2,7.414986205E-2
1.072204316E1,6.008749828E-2,-2.323750034E-2,3.643750027E-2,7.401473027E-2
1.072453854E1,5.472499877E-2,-1.691249944E-2,4.069999978E-2,7.026626580E-2
1.072703370E1,4.936249927E-2,-8.387500420E-3,4.276249930E-2,6.584556055E-2
1.072952909E1,4.303750023E-2,-1.924999990E-3,4.276249930E-2,6.070060459E-2
1.073202447E1,3.561250120E-2,3.299999982E-3,4.496249929E-2,5.745229834E-2
1.073451986E1,2.818750031E-2,6.599999964E-3,4.496249929E-2,5.347636409E-2
1.073701517E1,2.062499896E-2,9.762499481E-3,5.032499880E-2,5.525669626E-2
1.073951062E1,1.003750041E-2,6.599999964E-3,5.348749831E-2,5.481992238E-2
1.074200601E1,4.124999978E-4,8.662499487E-3,5.458749831E-2,5.527209083E-2
1.074450131E1,-5.912499968E-3,1.402499992E-2,5.458749831E-2,5.666968546E-2
1.074699670E1,-1.127499994E-2,2.034999989E-2,5.664999783E-2,6.124108403E-2
1.074949209E1,-1.553750038E-2,2.681249939E-2,5.664999783E-2,6.457202410E-2
1.075198748E1,-1.773750037E-2,3.107500076E-2,5.555000156E-2,6.607629882E-2
1.075448286E1,-1.663750038E-2,3.313750029E-2,5.664999783E-2,6.770614889E-2
1.075697802E1,-1.237499993E-2,3.423750028E-2,5.884999782E-2,6.920021165E-2
1.075947340E1,-1.017499994E-2,3.107500076E-2,5.884999782E-2,6.732390764E-2
1.076196878E1,-7.012499962E-3,2.887500077E-2,6.091250107E-2,6.777369410E-2
1.076446417E1,-2.749999985E-3,2.571249940E-2,6.201250106E-2,6.718813447E-2
1.076695955E1,1.512499992E-3,2.791249938E-2,6.201250106E-2,6.802165512E-2
1.076945494E1,6.874999963E-3,3.107500076E-2,6.311249733E-2,7.068315652E-2
1.077195023E1,1.003750041E-2,3.313750029E-2,6.311249733E-2,7.198633661E-2
1.077444569E1,1.319999993E-2,3.107500076E-2,6.311249733E-2,7.157571508E-2
1.077694100E1,1.539999992E-2,2.887500077E-2,5.981250107E-2,6.817962270E-2
1.077943638E1,1.746249944E-2,2.364999987E-2,5.664999783E-2,6.382384848E-2
1.078193177E1,1.636249945E-2,1.828750037E-2,5.348749831E-2,5.884791019E-2
1.078442717E1,1.319999993E-2,1.402499992E-2,5.032499880E-2,5.388456295E-2
1.078692255E1,7.837500423E-3,1.292499993E-2,4.606249928E-2,4.847923139E-2
1.078941794E1,3.574999981E-3,1.182499994E-2,3.959999979E-2,4.148217968E-2
1.079191332E1,-1.649999991E-3,9.762499481E-3,3.643750027E-2,3.775871187E-2
1.079440848E1,-8.112499490E-3,3.299999982E-3,3.217500076E-2,3.334566421E-2
1.079690387E1,-1.347499993E-2,1.237499993E-3,2.791249938E-2,3.101958496E-2
1.079939926E1,-1.979999989E-2,-4.124999978E-3,2.681249939E-2,3.358520127E-2
1.080189464E1,-2.406249940E-2,-1.044999994E-2,2.364999987E-2,3.532037472E-2
1.080439002E1,-2.626249939E-2,-1.374999993E-2,2.254999988E-2,3.724625977E-2
1.080688541E1,-3.052499890E-2,-1.581249945E-2,2.144999988E-2,4.052052803E-2
1.080938078E1,-3.368749842E-2,-1.801249944E-2,2.364999987E-2,4.492905719E-2
1.081187609E1,-3.258749843E-2,-1.801249944E-2,2.364999987E-2,4.411029000E-2
1.081437147E1,-3.368749842E-2,-1.801249944E-2,2.144999988E-2,4.381095960E-2
1.081686686E1,-3.052499890E-2,-1.264999993E-2,2.144999988E-2,3.939416900E-2
1.081936223E1,-2.626249939E-2,-9.624999948E-4,2.474999987E-2,3.609996917E-2
1.082185739E1,-1.979999989E-2,1.182499994E-2,2.681249939E-2,3.536637871E-2
1.082435277E1,-1.347499993E-2,2.571249940E-2,2.791249938E-2,4.027177510E-2
1.082684838E1,-3.849999979E-3,3.959999979E-2,2.997500077E-2,4.981448739E-2
1.082934354E1,3.574999981E-3,5.238749832E-2,3.753750026E-2,6.454683982E-2
1.083183915E1,1.429999992E-2,6.407500058E-2,4.386249930E-2,7.895577586E-2
1.083433431E1,2.392499894E-2,7.892499864E-2,4.922499880E-2,9.604510134E-2
1.083682969E1,3.451250121E-2,9.075000137E-2,5.348749831E-2,1.108493932E-1
1.083932500E1,4.303750023E-2,1.024374962E-1,5.884999782E-2,1.257338033E-1
1.084182047E1,5.266249925E-2,1.163249984E-1,6.737499684E-2,1.443753244E-1
1.084431578E1,6.215000153E-2,1.311749965E-1,7.259999961E-2,1.622968340E-1
1.084681124E1,7.067500055E-2,1.461624950E-1,8.112499863E-2,1.814929642E-1
1.084930655E1,8.139999956E-2,1.610125005E-1,8.855000138E-2,2.009778296E-1
1.085180193E1,9.102500230E-2,1.780624986E-1,9.281250089E-2,2.204676048E-1
1.085429731E1,1.005124971E-1,1.951124966E-1,9.707500041E-2,2.399900084E-1
1.085679269E1,1.132999957E-1,2.056999952E-1,1.035374999E-1,2.566503281E-1
1.085928785E1,1.240250021E-1,2.142249942E-1,1.088999957E-1,2.704325394E-1
1.086178323E1,1.357125044E-1,2.217874974E-1,1.109625027E-1,2.827017065E-1
1.086427862E1,1.473999918E-1,2.270125002E-1,1.120624989E-1,2.929495459E-1
1.086677400E1,1.590874940E-1,2.238499969E-1,1.141249985E-1,2.973922782E-1
1.086926938E1,1.709125042E-1,2.164250016E-1,1.141249985E-1,2.984549894E-1
1.087176476E1,1.794375032E-1,2.025374919E-1,1.174250022E-1,2.949709890E-1
1.087426008E1,1.879625022E-1,1.801249981E-1,1.194875017E-1,2.864475174E-1
1.087675553E1,1.911250055E-1,1.578499973E-1,1.183874980E-1,2.747016364E-1
1.087925083E1,1.911250055E-1,1.291124970E-1,1.131625026E-1,2.569135197E-1
1.088174621E1,1.900250018E-1,9.817499667E-2,1.098624989E-1,2.404529059E-1
1.088424160E1,1.879625022E-1,6.407500058E-2,1.003749967E-1,2.225098827E-1
1.088673698E1,1.783374995E-1,3.313750029E-2,9.075000137E-2,2.028248515E-1
1.088923237E1,1.644500047E-1,5.499999970E-3,7.686249912E-2,1.816091898E-1
1.089172774E1,1.484999955E-1,-1.471249945E-2,6.407500058E-2,1.624016995E-1
1.089422290E1,1.314499974E-1,-3.079999983E-2,5.032499880E-2,1.440845145E-1
1.089671828E1,1.165999994E-1,-4.028749838E-2,3.217500076E-2,1.274906783E-1
1.089921366E1,9.844999760E-2,-4.991250113E-2,1.828750037E-2,1.118842816E-1
1.090170903E1,7.919999957E-2,-5.307500064E-2,6.599999964E-3,9.556754483E-2
1.090420442E1,6.118749827E-2,-5.197500065E-2,-4.124999978E-3,8.038859535E-2
1.090669980E1,4.509999976E-2,-4.771250114E-2,-1.471249945E-2,6.728261576E-2
1.090919519E1,3.341250122E-2,-3.918749839E-2,-2.213750035E-2,5.605465359E-2
1.091169050E1,2.282499894E-2,-3.176249936E-2,-2.859999985E-2,4.845407035E-2
1.091418586E1,1.636249945E-2,-2.227500081E-2,-3.066249937E-2,4.128069666E-2
1.091668125E1,1.003750041E-2,-1.264999993E-2,-3.066249937E-2,3.465490990E-2
1.091917663E1,8.937500417E-3,-9.624999948E-4,-3.382499889E-2,3.499908384E-2
1.092167202E1,1.319999993E-2,1.402499992E-2,-3.286249936E-2,3.809047761E-2
1.092416717E1,1.856249943E-2,3.107500076E-2,-3.176249936E-2,4.815681077E-2
1.092666255E1,2.708750032E-2,5.555000156E-2,-2.859999985E-2,6.809915813E-2
1.092915794E1,3.987500072E-2,8.428750187E-2,-2.433750033E-2,9.636759090E-2
1.093165332E1,5.692499876E-2,1.141249985E-1,-2.007500082E-2,1.291045174E-1
1.093414871E1,7.919999957E-2,1.504250020E-1,-1.251249947E-2,1.704607984E-1
1.093664408E1,1.069749966E-1,1.876875013E-1,-5.087499972E-3,2.160928752E-1
1.093913947E1,1.377750039E-1,2.292124927E-1,4.399999976E-3,2.674690235E-1
1.094163478E1,1.751749963E-1,2.707374990E-1,1.622499898E-2,3.228750893E-1
1.094413024E1,2.198625058E-1,3.144625127E-1,2.474999987E-2,3.844980570E-1
1.094662554E1,2.678500116E-1,3.506250083E-1,3.217500076E-2,4.423988651E-1
1.094912093E1,3.179000020E-1,3.815625012E-1,3.753750026E-2,4.980556370E-1
1.095161631E1,3.700124919E-1,4.113999903E-1,4.496249929E-2,5.551403629E-1
1.095411170E1,4.254249930E-1,4.390375018E-1,5.032499880E-2,6.134109212E-1
1.095660708E1,4.862000048E-1,4.699749947E-1,5.664999783E-2,6.785839392E-1
1.095910247E1,5.458750129E-1,4.987125099E-1,6.407500058E-2,7.421585430E-1
1.096159786E1,6.076124907E-1,5.231875181E-1,7.686249912E-2,8.054973381E-1
1.096409302E1,6.683874726E-1,5.455999970E-1,8.442500234E-2,8.669191147E-1
1.096658840E1,7.323250175E-1,5.721374750E-1,9.391249716E-2,9.340560897E-1
1.096908379E1,7.961249948E-1,6.030749679E-1,1.046374962E-1,1.004222799E0
1.097157917E1,8.600624800E-1,6.351125240E-1,1.174250022E-1,1.075576133E0
1.097407447E1,9.271624684E-1,6.712750196E-1,1.322750002E-1,1.152274737E0
1.097656993E1,9.922000170E-1,7.074375153E-1,1.472624987E-1,1.227442445E0
1.097906524E1,1.058200002E0,7.394750118E-1,1.663749963E-1,1.301649406E0
1.098156062E1,1.125300050E0,7.735750079E-1,1.865874976E-1,1.378235607E0
1.098405607E1,1.188137531E0,8.043749928E-1,2.110625058E-1,1.450254220E0
1.098655138E1,1.250012517E0,8.342124820E-1,2.334749997E-1,1.520839352E0
1.098904653E1,1.311749935E0,8.619874716E-1,2.612499893E-1,1.591213955E0
1.099154214E1,1.371425033E0,8.864625096E-1,2.909500003E-1,1.658696568E0
1.099403753E1,1.426837444E0,9.077749848E-1,3.229874969E-1,1.721697255E0
1.099653292E1,1.475787520E0,9.205625057E-1,3.539249897E-1,1.775006206E0
1.099902807E1,1.521574974E0,9.259250164E-1,3.837625086E-1,1.822032162E0
1.100152345E1,1.563099980E0,9.237250090E-1,4.134624898E-1,1.862122625E0
1.100401884E1,1.598299980E0,9.216625094E-1,4.390375018E-1,1.896517476E0
1.100651422E1,1.629237533E0,9.183624983E-1,4.636499882E-1,1.926856489E0
1.100900962E1,1.653712511E0,9.194625020E-1,4.838624895E-1,1.953023111E0
1.101150492E1,1.675024986E0,9.248250127E-1,4.976125062E-1,1.977025092E0
1.101400031E1,1.690974951E0,9.301875234E-1,5.072374940E-1,1.995478636E0
1.101649569E1,1.705962539E0,9.354124665E-1,5.168625116E-1,2.013070173E0
1.101899108E1,1.716549993E0,9.429749846E-1,5.231875181E-1,2.027182991E0
1.102148647E1,1.725075006E0,9.492999911E-1,5.253875256E-1,2.037912241E0
1.102398186E1,1.731537461E0,9.535624981E-1,5.242875218E-1,2.045086996E0
1.102647724E1,1.735800028E0,9.557625055E-1,5.211250186E-1,2.048915564E0
1.102897240E1,1.735800028E0,9.546625018E-1,5.168625116E-1,2.047322418E0
1.103146778E1,1.733600020E0,9.461374879E-1,5.146625042E-1,2.040936714E0
1.103396318E1,1.728237510E0,9.290875196E-1,5.094375014E-1,2.027198825E0
1.103645856E1,1.720812440E0,9.088749886E-1,5.051749945E-1,2.010584734E0
1.103895395E1,1.709125042E0,8.842625022E-1,4.966500103E-1,1.987382654E0
1.104144933E1,1.697437525E0,8.577250242E-1,4.892250001E-1,1.963753413E0
1.104394463E1,1.684649944E0,8.256874681E-1,4.796000123E-1,1.936445559E0
1.104644009E1,1.669662476E0,7.969499826E-1,4.688749909E-1,1.908597866E0
1.104893540E1,1.656875014E0,7.661499977E-1,4.560874999E-1,1.881551604E0
1.105143078E1,1.640925050E0,7.352125049E-1,4.412375093E-1,1.851448888E0
1.105392617E1,1.624974966E0,7.042750120E-1,4.284499884E-1,1.822118636E0
1.105642157E1,1.609025002E0,6.755374670E-1,4.167625010E-1,1.794158105E0
1.105891673E1,1.589774966E0,6.445999742E-1,4.039750099E-1,1.762410105E0
1.106141234E1,1.572724938E0,6.137999892E-1,3.900874853E-1,1.732738412E0
1.106390750E1,1.553612471E0,5.849249959E-1,3.741374910E-1,1.701713202E0
1.106640288E1,1.537662506E0,5.572875142E-1,3.645125031E-1,1.675662472E0
1.106889825E1,1.521574974E0,5.317124724E-1,3.539249897E-1,1.650203458E0
1.107139363E1,1.508787513E0,5.083374977E-1,3.420999944E-1,1.628459142E0
1.107388902E1,1.495037436E0,4.901874959E-1,3.335750103E-1,1.608319932E0
1.107638440E1,1.483212471E0,4.720374942E-1,3.261500001E-1,1.590318349E0
1.107887979E1,1.473724961E0,4.614500105E-1,3.240875006E-1,1.577920810E0
1.108137510E1,1.468362451E0,4.540250003E-1,3.198249936E-1,1.569877388E0
1.108387048E1,1.462999940E0,4.529249966E-1,3.176249862E-1,1.564095748E0
1.108636587E1,1.461899996E0,4.549874961E-1,3.176249862E-1,1.563665837E0
1.108886125E1,1.460937500E0,4.603500068E-1,3.155624866E-1,1.563918217E0
1.109135664E1,1.464100003E0,4.677749872E-1,3.198249936E-1,1.569933210E0
1.109385180E1,1.465199947E0,4.805625081E-1,3.240875006E-1,1.575685222E0
1.109634718E1,1.469462514E0,4.965125024E-1,3.293125033E-1,1.585651749E0
1.109884256E1,1.477987528E0,5.126000047E-1,3.335750103E-1,1.599524362E0
1.110133795E1,1.486512542E0,5.328124762E-1,3.357749879E-1,1.614420489E0
1.110383333E1,1.497099996E0,5.583875179E-1,3.400374949E-1,1.633624962E0
1.110632864E1,1.512087464E0,5.849249959E-1,3.431999981E-1,1.657206079E0
1.110882410E1,1.529137492E0,6.095374823E-1,3.431999981E-1,1.681542046E0
1.111131941E1,1.543987513E0,6.297500134E-1,3.454000056E-1,1.702875122E0
1.111381479E1,1.557875037E0,6.436374784E-1,3.463625014E-1,1.720816904E0
1.111631020E1,1.571624994E0,6.510624886E-1,3.485625088E-1,1.736485908E0
1.111880558E1,1.583449960E0,6.521624923E-1,3.496625125E-1,1.747825381E0
1.112130074E1,1.591974974E0,6.467999816E-1,3.474625051E-1,1.753129980E0
1.112379635E1,1.596237540E0,6.382749677E-1,3.378374875E-1,1.751999825E0
1.112629173E1,1.599400043E0,6.308500171E-1,3.304125071E-1,1.750778303E0
1.112878689E1,1.601462483E0,6.232874990E-1,3.198249936E-1,1.747986676E0
1.113128250E1,1.602562547E0,6.158624887E-1,3.059374988E-1,1.743872436E0
1.113377766E1,1.598299980E0,6.095374823E-1,2.857249975E-1,1.734283005E0
1.113627304E1,1.591974974E0,5.988125205E-1,2.655124962E-1,1.721469616E0
1.113876842E1,1.582350016E0,5.871250033E-1,2.462625057E-1,1.705635531E0
1.114126381E1,1.570662498E0,5.658124685E-1,2.260500044E-1,1.684702656E0
1.114375919E1,1.553612471E0,5.381749868E-1,2.067999989E-1,1.657139181E0
1.114625450E1,1.534362435E0,5.050374866E-1,1.865874976E-1,1.626082975E0
1.114874995E1,1.514150023E0,4.688749909E-1,1.674750000E-1,1.593907753E0
1.115124526E1,1.489675045E0,4.273499846E-1,1.504250020E-1,1.557044454E0
1.115374064E1,1.462999940E0,3.878875077E-1,1.333750039E-1,1.519412529E0
1.115623602E1,1.435362458E0,3.463625014E-1,1.152250022E-1,1.481050023E0
1.115873118E1,1.406625032E0,3.068999946E-1,9.817499667E-2,1.443059222E0
1.116122656E1,1.379950047E0,2.675749958E-1,8.222500235E-2,1.408055205E0
1.116372217E1,1.351212502E0,2.281125039E-1,6.943749636E-2,1.372090414E0
1.116621733E1,1.318212509E0,1.929125041E-1,5.555000156E-2,1.333411135E0
1.116871271E1,1.286175013E0,1.621125042E-1,4.386249930E-2,1.297093114E0
1.117120810E1,1.253175020E0,1.365374923E-1,2.997500077E-2,1.260947508E0
1.117370350E1,1.220175028E0,1.163249984E-1,1.828750037E-2,1.225843806E0
1.117619888E1,1.186074972E0,1.035374999E-1,1.196249947E-2,1.190645604E0
1.117869427E1,1.153074980E0,9.927500039E-2,5.499999970E-3,1.157353742E0
1.118118965E1,1.120074987E0,1.013374999E-1,1.374999993E-4,1.124649850E0
1.118368497E1,1.091199994E0,1.163249984E-1,-8.249999955E-4,1.097383075E0
1.118618036E1,1.065624952E0,1.385999918E-1,-5.087499972E-3,1.074612665E0
1.118867574E1,1.045412540E0,1.684374958E-1,-4.124999978E-3,1.058903010E0
1.119117112E1,1.028362513E0,1.982749999E-1,-8.249999955E-4,1.047302780E0
1.119366651E1,1.015575051E0,2.281125039E-1,2.337499987E-3,1.040881099E0
1.119616188E1,1.010349989E0,2.547875047E-1,9.762499481E-3,1.042026429E0
1.119865704E1,1.009250045E0,2.803624868E-1,2.254999988E-2,1.047710494E0
1.120115242E1,1.012412548E0,3.016749918E-1,3.423750028E-2,1.056957508E0
1.120364780E1,1.023137450E0,3.207874894E-1,4.702499881E-2,1.073278252E0
1.120614319E1,1.037987471E0,3.367374837E-1,6.407500058E-2,1.093122010E0
1.120863848E1,1.056137443E0,3.528249860E-1,8.016250283E-2,1.116395000E0
1.121113394E1,1.076349974E0,3.676750064E-1,9.927500039E-2,1.141739770E0
1.121362925E1,1.101925015E0,3.858250082E-1,1.163249984E-1,1.173299272E0
1.121612463E1,1.130662441E0,4.017750025E-1,1.322750002E-1,1.207194013E0
1.121862002E1,1.160500050E0,4.208875000E-1,1.493249983E-1,1.243464759E0
1.122111540E1,1.192399979E0,4.379374981E-1,1.695374995E-1,1.281542011E0
1.122361056E1,1.225537539E0,4.529249966E-1,1.897500008E-1,1.320260722E0
1.122610617E1,1.257437468E0,4.688749909E-1,2.079000026E-1,1.358018834E0
1.122860133E1,1.290437460E0,4.837250113E-1,2.260500044E-1,1.396537622E0
1.123109694E1,1.320274949E0,4.976125062E-1,2.419999987E-1,1.431540480E0
1.123359210E1,1.350112438E0,5.126000047E-1,2.601499856E-1,1.467392373E0
1.123608748E1,1.374587536E0,5.220875144E-1,2.707374990E-1,1.495113728E0
1.123858287E1,1.399062514E0,5.317124724E-1,2.814624906E-1,1.522929810E0
1.124107825E1,1.418312550E0,5.413374901E-1,2.888875008E-1,1.545351984E0
1.124357362E1,1.437425017E0,5.487625003E-1,2.952125072E-1,1.566678457E0
1.124606900E1,1.453374982E0,5.583875179E-1,3.016749918E-1,1.585907708E0
1.124856432E1,1.466162443E0,5.680124760E-1,3.037374914E-1,1.601414046E0
1.125105970E1,1.476887465E0,5.796999931E-1,3.027749956E-1,1.615215578E0
1.125355508E1,1.483212471E0,5.902875066E-1,3.027749956E-1,1.624817304E0
1.125605048E1,1.486512542E0,6.041749716E-1,3.016749918E-1,1.632713917E0
1.125854586E1,1.488574982E0,6.137999892E-1,3.016749918E-1,1.638173893E0
1.126104125E1,1.489675045E0,6.254875064E-1,2.974124849E-1,1.642808737E0
1.126353640E1,1.485412478E0,6.351125240E-1,2.974124849E-1,1.642641877E0
1.126603179E1,1.476887465E0,6.414374709E-1,2.952125072E-1,1.637006120E0
1.126852718E1,1.468362451E0,6.478999853E-1,2.952125072E-1,1.631874107E0
1.127102257E1,1.459837437E0,6.531249881E-1,2.963125110E-1,1.626498907E0
1.127351795E1,1.450212479E0,6.595875025E-1,2.942500114E-1,1.620109557E0
1.127601334E1,1.440724969E0,6.627500057E-1,2.909500003E-1,1.612320659E0
1.127850872E1,1.429999948E0,6.681125164E-1,2.857249975E-1,1.604030224E0
1.128100403E1,1.421474934E0,6.692125201E-1,2.814624906E-1,1.596138314E0
1.128349949E1,1.416112542E0,6.723750234E-1,2.761000097E-1,1.591758185E0
1.128599480E1,1.411849976E0,6.744375229E-1,2.686749995E-1,1.587568134E0
1.128849018E1,1.407587528E0,6.733375192E-1,2.579500079E-1,1.581525931E0
1.129098558E1,1.402362466E0,6.701750159E-1,2.473624945E-1,1.573830754E0
1.129348097E1,1.394799948E0,6.659125090E-1,2.345750034E-1,1.563307966E0
1.129597635E1,1.385312438E0,6.573874950E-1,2.195875049E-1,1.549021479E0
1.129847174E1,1.371425033E0,6.467999816E-1,2.015749961E-1,1.529636988E0
1.130096689E1,1.358637452E0,6.297500134E-1,1.876875013E-1,1.509207542E0
1.130346228E1,1.341587543E0,6.095374823E-1,1.717374921E-1,1.483538623E0
1.130595767E1,1.325637460E0,5.882250071E-1,1.578499973E-1,1.458848846E0
1.130845305E1,1.306387544E0,5.647125244E-1,1.439625025E-1,1.430480287E0
1.131094844E1,1.288375020E0,5.413374901E-1,1.302125007E-1,1.403535452E0
1.131344384E1,1.265962481E0,5.146625042E-1,1.194875017E-1,1.371792900E0
1.131593915E1,1.247812510E0,4.870249927E-1,1.131625026E-1,1.344260077E0
1.131843461E1,1.225537539E0,4.560874999E-1,1.088999957E-1,1.312180352E0
1.132092992E1,1.202024937E0,4.208875000E-1,1.088999957E-1,1.278229027E0
1.132342530E1,1.174387455E0,3.858250082E-1,1.088999957E-1,1.240929507E0
1.132592044E1,1.144549966E0,3.474625051E-1,1.141249985E-1,1.201561206E0
1.132841605E1,1.112512469E0,3.133625090E-1,1.216875017E-1,1.162190993E0
1.133091121E1,1.079512477E0,2.835249901E-1,1.322750002E-1,1.123935178E0
1.133340682E1,1.044450045E0,2.601499856E-1,1.396999955E-1,1.085389331E0
1.133590198E1,1.009250045E0,2.431000024E-1,1.493249983E-1,1.048799895E0
1.133839737E1,9.729499817E-1,2.334749997E-1,1.610125005E-1,1.013443273E0
1.134089275E1,9.399499893E-1,2.238499969E-1,1.737999916E-1,9.817439792E-1
1.134338814E1,9.080500007E-1,2.175250053E-1,1.845249981E-1,9.517990369E-1
1.134588352E1,8.802750111E-1,2.142249942E-1,1.908500046E-1,9.258510504E-1
1.134837890E1,8.515374660E-1,2.121624947E-1,1.951124966E-1,8.989982573E-1
1.135087422E1,8.238999844E-1,2.089999914E-1,2.015749961E-1,8.735700657E-1
1.135336960E1,8.014875054E-1,2.067999989E-1,2.025374919E-1,8.521560283E-1
1.135586499E1,7.844374776E-1,2.079000026E-1,2.004749924E-1,8.359155399E-1
1.135836037E1,7.716500163E-1,2.079000026E-1,1.940124929E-1,8.223788702E-1
1.136085576E1,7.631250024E-1,2.142249942E-1,1.845249981E-1,8.138191398E-1
1.136335090E1,7.577624917E-1,2.175250053E-1,1.737999916E-1,8.072964504E-1
1.136584628E1,7.577624917E-1,2.249500006E-1,1.652749926E-1,8.075409091E-1
1.136834189E1,7.620249987E-1,2.345750034E-1,1.546874940E-1,8.121796301E-1
1.137083705E1,7.738500237E-1,2.419999987E-1,1.430000067E-1,8.233206305E-1
1.137333242E1,7.844374776E-1,2.505249977E-1,1.311749965E-1,8.338535905E-1
1.137582773E1,8.003875017E-1,2.568500042E-1,1.226499975E-1,8.494910826E-1
1.137832319E1,8.185374737E-1,2.611125112E-1,1.163249984E-1,8.670149045E-1
1.138081850E1,8.419125080E-1,2.633124888E-1,1.067000031E-1,8.885578364E-1
1.138331389E1,8.611624837E-1,2.664749920E-1,9.927500039E-2,9.068987101E-1
1.138580928E1,8.835750222E-1,2.707374990E-1,9.611249715E-2,9.291077577E-1
1.138830467E1,9.080500007E-1,2.781625092E-1,9.501250088E-2,9.544404437E-1
1.139080005E1,9.336249828E-1,2.888875008E-1,9.184999764E-2,9.816048180E-1
1.139329544E1,9.601625204E-1,3.048374951E-1,9.184999764E-2,1.011570258E0
1.139579059E1,9.890375137E-1,3.229874969E-1,9.391249716E-2,1.044670132E0
1.139828598E1,1.015575051E0,3.452624977E-1,9.501250088E-2,1.076859440E0
1.140078136E1,1.044450045E0,3.645125031E-1,1.003749967E-1,1.110774685E0
1.140327675E1,1.073187470E0,3.836250007E-1,1.046374962E-1,1.144486126E0
1.140577213E1,1.099725008E0,3.995749950E-1,1.077999994E-1,1.175021749E0
1.140826752E1,1.127499938E0,4.177249968E-1,1.120624989E-1,1.207604359E0
1.141076282E1,1.149775028E0,4.390375018E-1,1.163249984E-1,1.236231390E0
1.141325828E1,1.173287511E0,4.625499845E-1,1.183874980E-1,1.266716887E0
1.141575359E1,1.193500042E0,4.859249890E-1,1.183874980E-1,1.294056044E0
1.141824898E1,1.210549951E0,5.103999972E-1,1.174250022E-1,1.318987480E0
1.142074438E1,1.225537539E0,5.370749831E-1,1.152250022E-1,1.343007296E0
1.142323976E1,1.236124992E0,5.669124722E-1,1.120624989E-1,1.364533895E0
1.142573492E1,1.246850014E0,5.967500210E-1,1.088999957E-1,1.386580237E0
1.142823030E1,1.252074957E0,6.201249957E-1,1.046374962E-1,1.401140861E0
1.143072591E1,1.254274964E0,6.414374709E-1,9.501250088E-2,1.411975598E0
1.143322107E1,1.254274964E0,6.584874988E-1,8.964999765E-2,1.419453625E0
1.143571645E1,1.250975013E0,6.681125164E-1,8.538749814E-2,1.420775789E0
1.143821183E1,1.247812510E0,6.701750159E-1,8.112499863E-2,1.418714868E0
1.144070722E1,1.242587447E0,6.649500132E-1,7.906249911E-2,1.411535675E0
1.144320253E1,1.237224936E0,6.531249881E-1,7.796250284E-2,1.401205176E0
1.144569800E1,1.230762482E0,6.393749714E-1,8.332499862E-2,1.389431429E0
1.144819339E1,1.224437475E0,6.275500059E-1,8.964999765E-2,1.378805013E0
1.145068870E1,1.215912461E0,6.073374748E-1,9.611249715E-2,1.362548911E0
1.145318408E1,1.210549951E0,5.871250033E-1,1.013374999E-1,1.349228017E0
1.145567946E1,1.203125000E0,5.669124722E-1,1.077999994E-1,1.334361404E0
1.145817484E1,1.194599986E0,5.455999970E-1,1.152250022E-1,1.318341869E0
1.146067022E1,1.183874965E0,5.231875181E-1,1.226499975E-1,1.300126199E0
1.146316538E1,1.170125008E0,4.976125062E-1,1.291124970E-1,1.278076984E0
1.146566076E1,1.154037476E0,4.742375016E-1,1.344749928E-1,1.254905266E0
1.146815614E1,1.140287519E0,4.592500031E-1,1.419000030E-1,1.237457798E0
1.147065153E1,1.124337435E0,4.507249892E-1,1.472624987E-1,1.220235193E0
1.147314691E1,1.108250022E0,4.475624859E-1,1.504250020E-1,1.204640183E0
1.147564230E1,1.092299938E0,4.444000125E-1,1.504250020E-1,1.188796958E0
1.147813768E1,1.080612540E0,4.444000125E-1,1.535875052E-1,1.178475267E0
1.148063299E1,1.068925023E0,4.422000051E-1,1.557874978E-1,1.167223755E0
1.148312837E1,1.057099938E0,4.369750023E-1,1.578499973E-1,1.154696520E0
1.148562376E1,1.049674988E0,4.284499884E-1,1.610125005E-1,1.145125320E0
1.148811914E1,1.047612548E0,4.166249931E-1,1.600500047E-1,1.138720527E0
1.149061430E1,1.047612548E0,4.038375020E-1,1.610125005E-1,1.134240629E0
1.149310991E1,1.050775051E0,3.932499886E-1,1.632124931E-1,1.133760151E0
1.149560504E1,1.058200002E0,3.858250082E-1,1.632124931E-1,1.138106541E0
1.149810065E1,1.068925023E0,3.847250044E-1,1.632124931E-1,1.147716146E0
1.150059581E1,1.082674980E0,3.921499848E-1,1.652749926E-1,1.163306729E0
1.150309119E1,1.100824952E0,4.071374834E-1,1.643124968E-1,1.185147713E0
1.150558658E1,1.122137547E0,4.294124842E-1,1.643124968E-1,1.212677348E0
1.150808195E1,1.139187455E0,4.592500031E-1,1.557874978E-1,1.238114844E0
1.151057726E1,1.155137539E0,4.901874959E-1,1.430000067E-1,1.262962991E0
1.151307272E1,1.167925000E0,5.200250149E-1,1.259499937E-1,1.284654904E0
1.151556803E1,1.178650022E0,5.444999933E-1,1.077999994E-1,1.302811174E0
1.151806341E1,1.189237475E0,5.669124722E-1,8.855000138E-2,1.320422897E0
1.152055881E1,1.197762489E0,5.902875066E-1,6.833750010E-2,1.337065569E0
1.152305420E1,1.205187440E0,6.158624887E-1,4.812499881E-2,1.354281871E0
1.152554958E1,1.210549951E0,6.403374672E-1,2.681249939E-2,1.369737991E0
1.152804474E1,1.217975020E0,6.638500094E-1,9.762499481E-3,1.387175292E0
1.153054012E1,1.223337531E0,6.818624735E-1,-9.349999949E-3,1.400563662E0
1.153303552E1,1.229799986E0,6.957499981E-1,-2.639999986E-2,1.413213722E0
1.153553090E1,1.235025048E0,7.053750157E-1,-4.235000163E-2,1.422896449E0
1.153802629E1,1.238325000E0,7.085375190E-1,-5.623750016E-2,1.427808418E0
1.154052160E1,1.238325000E0,7.085375190E-1,-7.012499869E-2,1.428422814E0
1.154301706E1,1.239287496E0,7.053750157E-1,-8.181250095E-2,1.428313934E0
1.154551236E1,1.238325000E0,6.989125013E-1,-8.923749626E-2,1.424742370E0
1.154800775E1,1.232962489E0,6.861249804E-1,-9.459999949E-2,1.414182855E0
1.155050313E1,1.227599978E0,6.701750159E-1,-1.020250022E-1,1.402335680E0
1.155299851E1,1.217975020E0,6.606875062E-1,-1.053249985E-1,1.389627463E0
1.155549390E1,1.205187440E0,6.521624923E-1,-1.084875017E-1,1.374613480E0
1.155798930E1,1.192399979E0,6.436374784E-1,-1.116499975E-1,1.359614885E0
1.156048468E1,1.179612517E0,6.360750198E-1,-1.159124970E-1,1.345181337E0
1.156297984E1,1.165862441E0,6.275500059E-1,-1.148125008E-1,1.328998176E0
1.156547545E1,1.150874972E0,6.158624887E-1,-1.127500013E-1,1.310157384E0
1.156797061E1,1.134925008E0,6.030749679E-1,-1.084875017E-1,1.289776620E0
1.157046599E1,1.120074987E0,5.860249996E-1,-1.095874980E-1,1.268858817E0
1.157296137E1,1.101925015E0,5.700749755E-1,-1.095874980E-1,1.245485302E0
1.157545676E1,1.083775043E0,5.509625077E-1,-1.084875017E-1,1.220613603E0
1.157795207E1,1.064662457E0,5.285499692E-1,-1.095874980E-1,1.193683641E0
1.158044744E1,1.049674988E0,5.103999972E-1,-1.148125008E-1,1.172820382E0
1.158294283E1,1.035925031E0,4.933499992E-1,-1.201749966E-1,1.153679731E0
1.158543821E1,1.020937443E0,4.731374979E-1,-1.264999956E-1,1.132331490E0
1.158793360E1,1.012412548E0,4.540250003E-1,-1.297999918E-1,1.117123944E0
1.159042898E1,1.007050037E0,4.347749949E-1,-1.340624988E-1,1.105057387E0
1.159292414E1,1.004987478E0,4.134624898E-1,-1.425874978E-1,1.096030226E0
1.159541952E1,1.001824975E0,3.878875077E-1,-1.489125043E-1,1.084566703E0
1.159791491E1,1.002787471E0,3.613499999E-1,-1.553750038E-1,1.077171261E0
1.160041029E1,1.003887534E0,3.304125071E-1,-1.627999991E-1,1.069329905E0
1.160290568E1,1.007050037E0,2.994749844E-1,-1.702249944E-1,1.064336222E0
1.160540106E1,1.010349989E0,2.653749883E-1,-1.766874939E-1,1.059457151E0
1.160789644E1,1.012412548E0,2.312749922E-1,-1.841125041E-1,1.054687017E0
1.161039175E1,1.015575051E0,1.962125003E-1,-1.904374957E-1,1.051740686E0
1.161288714E1,1.018875003E0,1.641750038E-1,-1.979999989E-1,1.050839523E0
1.161538252E1,1.022037506E0,1.354375035E-1,-2.043250054E-1,1.051024590E0
1.161787766E1,1.025200009E0,1.109625027E-1,-2.096875012E-1,1.052291112E0
1.162037327E1,1.027400017E0,8.648750186E-2,-2.128500044E-1,1.052775383E0
1.162286866E1,1.025200009E0,6.201250106E-2,-2.171124965E-1,1.049770663E0
1.162536381E1,1.023137450E0,4.069999978E-2,-2.202749997E-1,1.047371857E0
1.162785920E1,1.020937443E0,1.828750037E-2,-2.213750035E-1,1.044822754E0
1.163035458E1,1.015575051E0,-1.924999990E-3,-2.224749923E-1,1.039659325E0
1.163284997E1,1.007050037E0,-1.897500083E-2,-2.202749997E-1,1.031033900E0
1.163534535E1,9.964625239E-1,-3.286249936E-2,-2.171124965E-1,1.020370198E0
1.163784074E1,9.836750031E-1,-4.564999789E-2,-2.096875012E-1,1.006811443E0
1.164033605E1,9.708874822E-1,-5.527500063E-2,-2.032250017E-1,9.934677801E-1
1.164283143E1,9.549375176E-1,-6.586249918E-2,-1.968999952E-1,9.772477370E-1
1.164532681E1,9.389874935E-1,-7.438749820E-2,-1.861750036E-1,9.601521467E-1
1.164782220E1,9.229000211E-1,-7.975000143E-2,-1.713249981E-1,9.420492379E-1
1.165031758E1,9.069499969E-1,-8.511249721E-2,-1.563374996E-1,9.242531298E-1
1.165281272E1,8.920999765E-1,-8.827500045E-2,-1.435499936E-1,9.078774392E-1
1.165530833E1,8.760125041E-1,-8.827500045E-2,-1.287000030E-1,8.898056382E-1
1.165780349E1,8.632249832E-1,-8.607500046E-2,-1.159124970E-1,8.752153931E-1
1.166029887E1,8.537374735E-1,-8.181250095E-2,-1.010624990E-1,8.635824151E-1
1.166279425E1,8.461750150E-1,-7.548750192E-2,-8.497499675E-2,8.537747179E-1
1.166528963E1,8.398500085E-1,-6.806249917E-2,-7.218749821E-2,8.456899996E-1
1.166778502E1,8.366875052E-1,-6.270000339E-2,-6.049999967E-2,8.412119363E-1
1.167028040E1,8.344874978E-1,-5.417500064E-2,-4.881250113E-2,8.376675802E-1
1.167277579E1,8.344874978E-1,-4.675000161E-2,-3.712499887E-2,8.366201122E-1
1.167527108E1,8.344874978E-1,-4.028749838E-2,-2.749999985E-2,8.359119071E-1
1.167776647E1,8.387500048E-1,-3.286249936E-2,-1.787500083E-2,8.395838434E-1
1.168026185E1,8.441125154E-1,-2.543750033E-2,-1.044999994E-2,8.445603635E-1
1.168275724E1,8.494749665E-1,-1.264999993E-2,-6.187499966E-3,8.495916822E-1
1.168525263E1,8.557999730E-1,-3.024999984E-3,-1.924999990E-3,8.558074842E-1
1.168774779E1,8.643249869E-1,5.499999970E-3,-1.924999990E-3,8.643446296E-1
1.169024340E1,8.739500046E-1,1.402499992E-2,1.374999993E-4,8.740625435E-1
1.169273855E1,8.824750185E-1,2.254999988E-2,1.374999993E-4,8.827630937E-1
1.169523394E1,8.898999691E-1,2.791249938E-2,-1.924999990E-3,8.903396926E-1
1.169772933E1,8.963624835E-1,3.423750028E-2,-6.187499966E-3,8.970374537E-1
1.170022472E1,8.984249830E-1,3.849999979E-2,-1.044999994E-2,8.993102371E-1
1.170272010E1,8.952624798E-1,4.069999978E-2,-1.897500083E-2,8.963880010E-1
1.170521541E1,8.888000250E-1,4.276249930E-2,-3.066249937E-2,8.903562796E-1
1.170771086E1,8.771125078E-1,4.496249929E-2,-4.235000163E-2,8.792846526E-1
1.171020617E1,8.579999804E-1,4.922499880E-2,-5.197500065E-2,8.609811076E-1
1.171270155E1,8.409500122E-1,5.348749831E-2,-6.366249919E-2,8.450507377E-1
1.171519694E1,8.164749742E-1,5.981250107E-2,-7.644999772E-2,8.222247387E-1
1.171769232E1,7.897999883E-1,6.407500058E-2,-8.923749626E-2,7.974038863E-1
1.172018748E1,7.599624991E-1,7.039999962E-2,-9.776250273E-2,7.694521863E-1
1.172268286E1,7.301250100E-1,7.466249913E-2,-1.073874980E-1,7.417473247E-1
1.172517824E1,6.971250176E-1,7.369999588E-2,-1.179749966E-1,7.108678354E-1
1.172767363E1,6.661875248E-1,7.150000334E-2,-1.255374998E-1,6.816727459E-1
1.173016901E1,6.331874728E-1,6.833750010E-2,-1.297999918E-1,6.499572505E-1
1.173266441E1,6.012874842E-1,6.297499686E-2,-1.307625026E-1,6.185558349E-1
1.173515980E1,5.692499876E-1,6.091250107E-2,-1.329624951E-1,5.877371064E-1
1.173765518E1,5.383124948E-1,5.981250107E-2,-1.350249946E-1,5.582021376E-1
1.174015049E1,5.053125024E-1,5.555000156E-2,-1.350249946E-1,5.259831527E-1
1.174264587E1,4.754749835E-1,5.348749831E-2,-1.329624951E-1,4.966048706E-1
1.174514125E1,4.478375018E-1,5.348749831E-2,-1.287000030E-1,4.690234869E-1
1.174763663E1,4.211624861E-1,5.128749833E-2,-1.222374961E-1,4.415317119E-1
1.175013201E1,3.955875039E-1,4.592499882E-2,-1.159124970E-1,4.147701601E-1
1.175262717E1,3.722124994E-1,4.069999978E-2,-1.084875017E-1,3.898309540E-1
1.175512255E1,3.508999944E-1,3.423750028E-2,-9.776250273E-2,3.658695388E-1
1.175761794E1,3.338499963E-1,2.997500077E-2,-8.923749626E-2,3.468683489E-1
1.176011332E1,3.167999983E-1,2.887500077E-2,-8.181250095E-2,3.284650513E-1
1.176260871E1,3.051125109E-1,2.887500077E-2,-7.218749821E-2,3.148625810E-1
1.176510402E1,2.954874933E-1,3.107500076E-2,-6.476250291E-2,3.040932359E-1
1.176759939E1,2.891624868E-1,3.423750028E-2,-5.733750015E-2,2.967738855E-1
1.177009486E1,2.849000096E-1,3.643750027E-2,-5.197500065E-2,2.918854358E-1
1.177259016E1,2.858625054E-1,3.849999979E-2,-4.881250113E-2,2.925444962E-1
1.177508555E1,2.901250124E-1,3.959999979E-2,-4.564999789E-2,2.963521640E-1
1.177758093E1,2.976875007E-1,4.276249930E-2,-4.028749838E-2,3.034296656E-1
1.178007632E1,3.082749844E-1,4.702499881E-2,-3.602499887E-2,3.139149838E-1
1.178257147E1,3.210625052E-1,5.238749832E-2,-3.602499887E-2,3.272970864E-1
1.178506709E1,3.370124996E-1,5.981250107E-2,-3.492499888E-2,3.440562682E-1
1.178756224E1,3.551625013E-1,6.723749638E-2,-3.382499889E-2,3.630501533E-1
1.179005763E1,3.742749989E-1,7.576250285E-2,-3.286249936E-2,3.832775437E-1
1.179255302E1,3.935250044E-1,8.538749814E-2,-3.286249936E-2,4.040209126E-1
1.179504841E1,4.159374833E-1,9.597499669E-2,-3.176249936E-2,4.280467806E-1
1.179754379E1,4.339500070E-1,1.077999994E-1,-3.382499889E-2,4.484167470E-1
1.180003918E1,4.531999826E-1,1.194875017E-1,-3.066249937E-2,4.696889143E-1
1.180253449E1,4.712125063E-1,1.311749965E-1,-2.749999985E-2,4.899023941E-1
1.180502988E1,4.873000085E-1,1.450625062E-1,-2.639999986E-2,5.091182466E-1
1.180752527E1,5.000874996E-1,1.578499973E-1,-2.433750033E-2,5.249728020E-1
1.181002065E1,5.106750131E-1,1.727000028E-1,-1.897500083E-2,5.394203468E-1
1.181251604E1,5.191999674E-1,1.886499971E-1,-1.471249945E-2,5.526064469E-1
1.181501143E1,5.266249776E-1,2.099625021E-1,-8.387500420E-3,5.669995322E-1
1.181750658E1,5.330874920E-1,2.292124927E-1,-4.124999978E-3,5.802910102E-1
1.182000220E1,5.362499952E-1,2.483250052E-1,-3.024999984E-3,5.909640566E-1
1.182249735E1,5.383124948E-1,2.664749920E-1,1.374999993E-4,6.006573751E-1
1.182499274E1,5.394124985E-1,2.835249901E-1,3.437499981E-3,6.093964883E-1
1.182748804E1,5.405125022E-1,2.974124849E-1,6.599999964E-3,6.169696193E-1
1.182998350E1,5.373499990E-1,3.026374876E-1,6.599999964E-3,6.167479471E-1
1.183247880E1,5.351499915E-1,3.059374988E-1,6.599999964E-3,6.164631592E-1
1.183497419E1,5.308874846E-1,3.037374914E-1,4.399999976E-3,6.116513263E-1
1.183746957E1,5.245624781E-1,3.016749918E-1,4.399999976E-3,6.051387891E-1
1.183996498E1,5.181000233E-1,2.994749844E-1,2.337499987E-3,5.984299160E-1
1.184246036E1,5.095750093E-1,2.952125072E-1,1.374999993E-4,5.889118215E-1
1.184495574E1,5.021499991E-1,2.877874970E-1,-5.087499972E-3,5.787937005E-1
1.184745090E1,4.936249852E-1,2.770625055E-1,-7.287499961E-3,5.661116194E-1
1.184994651E1,4.893625081E-1,2.633124888E-1,-9.349999949E-3,5.557846287E-1
1.185244167E1,4.830375016E-1,2.494249940E-1,-1.361249946E-2,5.438045197E-1
1.185493705E1,4.765749872E-1,2.334749997E-1,-1.787500083E-2,5.309932293E-1
1.185743244E1,4.734124839E-1,2.195875049E-1,-1.787500083E-2,5.221662263E-1
1.185992782E1,4.680500031E-1,2.067999989E-1,-1.677500084E-2,5.119750439E-1
1.186242321E1,4.626874924E-1,1.940124929E-1,-1.677500084E-2,5.019979718E-1
1.186491854E1,4.595249891E-1,1.865874976E-1,-2.007500082E-2,4.963679236E-1
1.186741393E1,4.574624896E-1,1.791625023E-1,-2.323750034E-2,4.918446025E-1
1.186990931E1,4.574624896E-1,1.727000028E-1,-2.749999985E-2,4.897483745E-1
1.187240470E1,4.552625120E-1,1.715999991E-1,-3.176249936E-2,4.875647350E-1
1.187489985E1,4.531999826E-1,1.727000028E-1,-3.602499887E-2,4.863263470E-1
1.187739546E1,4.552625120E-1,1.758625060E-1,-4.235000163E-2,4.898827395E-1
1.187989061E1,4.531999826E-1,1.812250018E-1,-4.771250114E-2,4.904173817E-1
1.188238599E1,4.552625120E-1,1.865874976E-1,-5.623750016E-2,4.952186441E-1
1.188488138E1,4.584249854E-1,1.919499934E-1,-6.366249919E-2,5.010500783E-1
1.188737676E1,4.617249966E-1,1.962125003E-1,-6.792499870E-2,5.062638869E-1
1.188987206E1,4.648874998E-1,2.004749924E-1,-7.548750192E-2,5.118681207E-1
1.189236752E1,4.680500031E-1,2.014375031E-1,-8.923749626E-2,5.173115152E-1
1.189486283E1,4.712125063E-1,1.971749961E-1,-1.031249985E-1,5.211084057E-1
1.189735822E1,4.745124876E-1,1.951124966E-1,-1.127500013E-1,5.253032934E-1
1.189985360E1,4.765749872E-1,1.929125041E-1,-1.264999956E-1,5.294725692E-1
1.190234899E1,4.808374941E-1,1.919499934E-1,-1.392875016E-1,5.361441073E-1
1.190484437E1,4.830375016E-1,1.886499971E-1,-1.500124931E-1,5.398312676E-1
1.190733976E1,4.851000011E-1,1.865874976E-1,-1.596374959E-1,5.437104334E-1
1.190983491E1,4.819374979E-1,1.834249943E-1,-1.670625061E-1,5.420501465E-1
1.191233029E1,4.830375016E-1,1.791625023E-1,-1.766874939E-1,5.446493373E-1
1.191482568E1,4.819374979E-1,1.748999953E-1,-1.830125004E-1,5.443779344E-1
1.191732106E1,4.787749946E-1,1.673374921E-1,-1.926375031E-1,5.425279157E-1
1.191981645E1,4.754749835E-1,1.610125005E-1,-1.989624947E-1,5.399884809E-1
1.192231183E1,4.702500105E-1,1.578499973E-1,-2.032250017E-1,5.360523252E-1
1.192480714E1,4.691500068E-1,1.546874940E-1,-2.074874938E-1,5.357994118E-1
1.192730252E1,4.702500105E-1,1.578499973E-1,-2.128500044E-1,5.397747849E-1
1.192979791E1,4.734124839E-1,1.567499936E-1,-2.171124965E-1,5.439005208E-1
1.193229329E1,4.754749835E-1,1.567499936E-1,-2.213750035E-1,5.474065331E-1
1.193478868E1,4.797374904E-1,1.524875015E-1,-2.256374955E-1,5.516455177E-1
1.193728406E1,4.873000085E-1,1.504250020E-1,-2.287999988E-1,5.589619119E-1
1.193977922E1,4.958249927E-1,1.504250020E-1,-2.341624945E-1,5.685966746E-1
1.194227460E1,5.032500029E-1,1.513874978E-1,-2.341624945E-1,5.753353924E-1
1.194477022E1,5.128750205E-1,1.524875015E-1,-2.299000025E-1,5.823634912E-1
1.194726537E1,5.245624781E-1,1.556500047E-1,-2.299000025E-1,5.935037730E-1
1.194976076E1,5.341874957E-1,1.599124968E-1,-2.267374992E-1,6.019453304E-1
1.195225615E1,5.425750017E-1,1.663749963E-1,-2.267374992E-1,6.111285998E-1
1.195475153E1,5.522000194E-1,1.727000028E-1,-2.245374918E-1,6.206184315E-1
1.195724684E1,5.649874806E-1,1.812250018E-1,-2.234375030E-1,6.340170915E-1
1.195974230E1,5.777750015E-1,1.865874976E-1,-2.224749923E-1,6.466327929E-1
1.196223761E1,5.894625187E-1,1.897500008E-1,-2.202749997E-1,6.572611348E-1
1.196473300E1,6.033499837E-1,1.962125003E-1,-2.202749997E-1,6.716037698E-1
1.196722838E1,6.172375083E-1,1.982749999E-1,-2.191749960E-1,6.843484464E-1
1.196972376E1,6.311249733E-1,2.056999952E-1,-2.171124965E-1,6.984046507E-1
1.197221915E1,6.459749937E-1,2.142249942E-1,-2.171124965E-1,7.143625667E-1
1.197471430E1,6.598625183E-1,2.260500044E-1,-2.139499933E-1,7.295832695E-1
1.197720968E1,6.736124754E-1,2.377374917E-1,-2.160124928E-1,7.462802952E-1
1.197970507E1,6.886000037E-1,2.525874972E-1,-2.191749960E-1,7.655116510E-1
1.198220045E1,7.013875246E-1,2.675749958E-1,-2.191749960E-1,7.820348566E-1
1.198469584E1,7.099124789E-1,2.813250124E-1,-2.191749960E-1,7.944540070E-1
1.198719119E1,7.204999924E-1,2.963125110E-1,-2.224749923E-1,8.101953254E-1
1.198968658E1,7.258625031E-1,3.091000021E-1,-2.245374918E-1,8.202659751E-1
1.199218189E1,7.269625068E-1,3.196874857E-1,-2.245374918E-1,8.252827758E-1
1.199467735E1,7.269625068E-1,3.282124996E-1,-2.287999988E-1,8.297875455E-1
1.199717266E1,7.280625105E-1,3.324750066E-1,-2.341624945E-1,8.339344837E-1
1.199966803E1,7.215999961E-1,3.346749842E-1,-2.373249978E-1,8.300825585E-1
1.200216318E1,7.130749822E-1,3.335750103E-1,-2.415875047E-1,8.234760107E-1
1.200465880E1,7.034500241E-1,3.282124996E-1,-2.437874973E-1,8.136324263E-1
1.200715395E1,6.906625032E-1,3.187249899E-1,-2.501125038E-1,8.007225344E-1
1.200964934E1,6.778749824E-1,3.091000021E-1,-2.575374842E-1,7.882784145E-1
1.201214473E1,6.641250253E-1,2.952125072E-1,-2.586374879E-1,7.714310233E-1
1.201464012E1,6.491374969E-1,2.781625092E-1,-2.575374842E-1,7.517176513E-1
1.201713550E1,6.342874765E-1,2.590500116E-1,-2.554749846E-1,7.312284043E-1
1.201963089E1,6.183375120E-1,2.388374954E-1,-2.543750107E-1,7.099938550E-1
1.202212620E1,6.022499800E-1,2.121624947E-1,-2.512125075E-1,6.861673895E-1
1.202462158E1,5.894625187E-1,1.854874939E-1,-2.458499968E-1,6.650668329E-1
1.202711696E1,5.766749978E-1,1.599124968E-1,-2.395250052E-1,6.445915667E-1
1.202961234E1,5.618249774E-1,1.300749928E-1,-2.341624945E-1,6.224137553E-1
1.203210773E1,5.490375161E-1,1.055999994E-1,-2.287999988E-1,6.041051179E-1
1.203460289E1,5.373499990E-1,8.002500236E-2,-2.256374955E-1,5.882697525E-1
1.203709828E1,5.256624818E-1,6.091250107E-2,-2.224749923E-1,5.740439876E-1
1.203959367E1,5.160375237E-1,4.386249930E-2,-2.191749960E-1,5.623667163E-1
1.204208905E1,5.095750093E-1,3.313750029E-2,-2.191749960E-1,5.556999757E-1
1.204458444E1,5.021499991E-1,2.571249940E-2,-2.182125002E-1,5.481171859E-1
1.204707982E1,4.967874885E-1,1.938750036E-2,-2.182125002E-1,5.429460186E-1
1.204957521E1,4.936249852E-1,1.402499992E-2,-2.171124965E-1,5.394443093E-1
1.205207060E1,4.936249852E-1,1.402499992E-2,-2.149125040E-1,5.385626343E-1
1.205456591E1,4.947249889E-1,1.608750038E-2,-2.128500044E-1,5.388104924E-1
1.205706129E1,4.958249927E-1,1.718750037E-2,-2.128500044E-1,5.398545711E-1
1.205955667E1,4.958249927E-1,2.364999987E-2,-2.117500007E-1,5.396663864E-1
1.206205204E1,4.947249889E-1,2.887500077E-2,-2.074874938E-1,5.372500725E-1
1.206454743E1,4.967874885E-1,3.739999980E-2,-2.085874975E-1,5.400975030E-1
1.206704281E1,4.978874922E-1,4.702499881E-2,-2.065249979E-1,5.410692009E-1
1.206953820E1,5.010499954E-1,5.664999783E-2,-2.074874938E-1,5.452626709E-1
1.207203335E1,5.021499991E-1,6.943749636E-2,-2.096875012E-1,5.485845748E-1
1.207452874E1,5.032500029E-1,7.686249912E-2,-2.128500044E-1,5.517912047E-1
1.207702412E1,5.075125098E-1,8.318749815E-2,-2.149125040E-1,5.573836128E-1
1.207951950E1,5.095750093E-1,8.538749814E-2,-2.191749960E-1,5.612445045E-1
1.208201482E1,5.106750131E-1,8.538749814E-2,-2.213750035E-1,5.631046847E-1
1.208451021E1,5.128750205E-1,8.428750187E-2,-2.245374918E-1,5.661821746E-1
1.208700559E1,5.138375163E-1,8.002500236E-2,-2.267374992E-1,5.673119845E-1
1.208950098E1,5.149375200E-1,7.576250285E-2,-2.287999988E-1,5.685508296E-1
1.209199636E1,5.117750168E-1,7.150000334E-2,-2.310000062E-1,5.660273148E-1
1.209449175E1,5.117750168E-1,7.039999962E-2,-2.310000062E-1,5.658894155E-1
1.209698713E1,5.086125135E-1,6.943749636E-2,-2.330625057E-1,5.637609302E-1
1.209948229E1,5.043500066E-1,7.150000334E-2,-2.330625057E-1,5.601779282E-1
1.210197767E1,4.989874959E-1,7.259999961E-2,-2.362249941E-1,5.568316881E-1
1.210447305E1,4.925250113E-1,7.576250285E-2,-2.373249978E-1,5.519456478E-1
1.210696844E1,4.925250113E-1,8.112499863E-2,-2.404875010E-1,5.540725497E-1
1.210946374E1,4.873000085E-1,8.964999765E-2,-2.395250052E-1,5.503368501E-1
1.211195920E1,4.851000011E-1,1.002374962E-1,-2.404875010E-1,5.506394509E-1
1.211445459E1,4.830375016E-1,1.130250022E-1,-2.404875010E-1,5.513022013E-1
1.211694990E1,4.830375016E-1,1.226499975E-1,-2.426874936E-1,5.543153158E-1
1.211944528E1,4.839999974E-1,1.322750002E-1,-2.426874936E-1,5.573597516E-1
1.212194065E1,4.873000085E-1,1.419000030E-1,-2.426874936E-1,5.625781090E-1
1.212443603E1,4.925250113E-1,1.504250020E-1,-2.426874936E-1,5.693028961E-1
1.212693142E1,4.967874885E-1,1.556500047E-1,-2.437874973E-1,5.748539610E-1
1.212942680E1,5.053125024E-1,1.599124968E-1,-2.458499968E-1,5.842558965E-1
1.213192196E1,5.149375200E-1,1.610125005E-1,-2.447499931E-1,5.924425997E-1
1.213441735E1,5.256624818E-1,1.610125005E-1,-2.458499968E-1,6.022360758E-1
1.213691273E1,5.362499952E-1,1.567499936E-1,-2.480500042E-1,6.112801506E-1
1.213940812E1,5.490375161E-1,1.513874978E-1,-2.490125000E-1,6.215847438E-1
1.214190350E1,5.638874769E-1,1.471250057E-1,-2.512125075E-1,6.346042687E-1
1.214439881E1,5.788750052E-1,1.365374923E-1,-2.523125112E-1,6.460652922E-1
1.214689428E1,5.937250257E-1,1.258125007E-1,-2.523125112E-1,6.572669129E-1
1.214938958E1,6.076124907E-1,1.152250022E-1,-2.512125075E-1,6.675158903E-1
1.215188497E1,6.226000190E-1,1.055999994E-1,-2.532750070E-1,6.803898682E-1
1.215438035E1,6.353874803E-1,9.707500041E-2,-2.554749846E-1,6.916706395E-1
1.215687574E1,6.459749937E-1,8.648750186E-2,-2.586374879E-1,7.011826657E-1
1.215937113E1,6.534000039E-1,7.686249912E-2,-2.586374879E-1,7.069177880E-1
1.216186628E1,6.598625183E-1,6.613750011E-2,-2.617999911E-1,7.129740159E-1
1.216436190E1,6.630250216E-1,6.297499686E-2,-2.660624981E-1,7.171870623E-1
1.216685705E1,6.650875211E-1,6.201250106E-2,-2.651000023E-1,7.186549744E-1
1.216935245E1,6.650875211E-1,6.091250107E-2,-2.671625018E-1,7.193243676E-1
1.217184784E1,6.619250178E-1,6.297499686E-2,-2.714250088E-1,7.181797232E-1
1.217434322E1,6.576625109E-1,6.833750010E-2,-2.736249864E-1,7.155841148E-1
1.217683861E1,6.513375044E-1,7.259999961E-2,-2.778874934E-1,7.118516443E-1
1.217933401E1,6.437749863E-1,8.002500236E-2,-2.778874934E-1,7.057419450E-1
1.218182932E1,6.331874728E-1,8.855000138E-2,-2.810499966E-1,6.983957181E-1
1.218432470E1,6.246625185E-1,9.597499669E-2,-2.842124999E-1,6.929583011E-1
1.218682008E1,6.129750013E-1,1.035374999E-1,-2.864125073E-1,6.844636517E-1
1.218931547E1,6.012874842E-1,1.098624989E-1,-2.916375101E-1,6.772509465E-1
1.219181086E1,5.916625261E-1,1.205874979E-1,-2.916375101E-1,6.705656767E-1
1.219430602E1,5.788750052E-1,1.333750039E-1,-2.927374840E-1,6.622540282E-1
1.219680140E1,5.660874844E-1,1.428624988E-1,-2.949374914E-1,6.541046226E-1
1.219929678E1,5.543999672E-1,1.535875052E-1,-2.969999909E-1,6.474236943E-1
1.220179217E1,5.447750092E-1,1.652749926E-1,-2.958999872E-1,6.416014621E-1
1.220428754E1,5.351499915E-1,1.758625060E-1,-2.949374914E-1,6.358468827E-1
1.220678292E1,5.288249850E-1,1.886499971E-1,-2.949374914E-1,6.342182669E-1
1.220927831E1,5.202999711E-1,2.036374956E-1,-2.938374877E-1,6.312850059E-1
1.221177362E1,5.171374679E-1,2.184875011E-1,-2.949374914E-1,6.341577664E-1
1.221426908E1,5.117750168E-1,2.323749959E-1,-2.927374840E-1,6.337247360E-1
1.221676439E1,5.086125135E-1,2.483250052E-1,-2.949374914E-1,6.382320275E-1
1.221925954E1,5.075125098E-1,2.653749883E-1,-2.949374914E-1,6.441901551E-1
1.222175515E1,5.064125061E-1,2.824249864E-1,-2.969999909E-1,6.514802329E-1
1.222425054E1,5.095750093E-1,3.005749881E-1,-2.958999872E-1,6.614898458E-1
1.222674593E1,5.128750205E-1,3.196874857E-1,-2.949374914E-1,6.724797387E-1
1.222924132E1,5.160375237E-1,3.389374912E-1,-2.927374840E-1,6.832778230E-1
1.223173647E1,5.213999748E-1,3.580499887E-1,-2.884750068E-1,6.951802340E-1
1.223423186E1,5.256624818E-1,3.761999905E-1,-2.831124961E-1,7.056912661E-1
1.223672724E1,5.319874883E-1,3.867875040E-1,-2.810499966E-1,7.152652386E-1
1.223922263E1,5.383124948E-1,3.910500109E-1,-2.778874934E-1,7.210561088E-1
1.224171801E1,5.447750092E-1,3.910500109E-1,-2.745875120E-1,7.246366147E-1
1.224421332E1,5.511000156E-1,3.847250044E-1,-2.736249864E-1,7.256687877E-1
1.224670870E1,5.553625226E-1,3.772999942E-1,-2.756874859E-1,7.258005284E-1
1.224920409E1,5.586624742E-1,3.665750027E-1,-2.778874934E-1,7.236728899E-1
1.225169947E1,5.607249737E-1,3.548874855E-1,-2.778874934E-1,7.194296925E-1
1.225419486E1,5.618249774E-1,3.409999907E-1,-2.778874934E-1,7.135473060E-1
1.225669025E1,5.618249774E-1,3.207874894E-1,-2.778874934E-1,7.041117650E-1
1.225918540E1,5.586624742E-1,2.974124849E-1,-2.788499892E-1,6.916033998E-1
1.226168079E1,5.543999672E-1,2.675749958E-1,-2.745875120E-1,6.740578638E-1
1.226417617E1,5.468375087E-1,2.355374992E-1,-2.682625055E-1,6.530497273E-1
1.226667155E1,5.330874920E-1,2.014375031E-1,-2.639999986E-1,6.280567976E-1
1.226916694E1,5.171374679E-1,1.641750038E-1,-2.586374879E-1,6.010640088E-1
1.227166232E1,5.000874996E-1,1.311749965E-1,-2.512125075E-1,5.748061507E-1
1.227415771E1,4.787749946E-1,1.024374962E-1,-2.447499931E-1,5.473769224E-1
1.227665308E1,4.541625082E-1,7.369999588E-2,-2.415875047E-1,5.196727776E-1
1.227914839E1,4.276250005E-1,4.922499880E-2,-2.352624983E-1,4.905452931E-1
1.228164378E1,3.988874853E-1,2.791249938E-2,-2.299000025E-1,4.612421757E-1
1.228413916E1,3.690499961E-1,6.599999964E-3,-2.267374992E-1,4.331874343E-1
1.228663454E1,3.423750103E-1,-1.374999993E-2,-2.224749923E-1,4.085398785E-1
1.228912993E1,3.125374913E-1,-3.396249935E-2,-2.191749960E-1,3.832372812E-1
1.229162508E1,2.838000059E-1,-5.623750016E-2,-2.149125040E-1,3.604059990E-1
1.229412047E1,2.560249865E-1,-7.975000143E-2,-2.139499933E-1,3.430502238E-1
1.229661585E1,2.294874936E-1,-1.021625027E-1,-2.117500007E-1,3.285418535E-1
1.229911123E1,2.028124928E-1,-1.234750003E-1,-2.085874975E-1,3.160501970E-1
1.230160661E1,1.772374958E-1,-1.457500011E-1,-2.054249942E-1,3.079863974E-1
1.230410200E1,1.527625024E-1,-1.607374996E-1,-2.011625022E-1,2.993981934E-1
1.230659730E1,1.314499974E-1,-1.713249981E-1,-1.968999952E-1,2.922344349E-1
1.230909270E1,1.112374961E-1,-1.744875014E-1,-1.937374920E-1,2.834676075E-1
1.231158809E1,9.418749809E-2,-1.755875051E-1,-1.872749925E-1,2.734486781E-1
1.231408347E1,7.713750005E-2,-1.724250019E-1,-1.798499972E-1,2.608190880E-1
1.231657886E1,6.641250104E-2,-1.649999917E-1,-1.755875051E-1,2.499331700E-1
1.231907401E1,5.472499877E-2,-1.553750038E-1,-1.691250056E-1,2.360921109E-1
1.232156940E1,4.619999975E-2,-1.457500011E-1,-1.639000028E-1,2.241444037E-1
1.232406478E1,4.193750024E-2,-1.372250021E-1,-1.531749964E-1,2.098857657E-1
1.232656016E1,3.987500072E-2,-1.266375035E-1,-1.425874978E-1,1.948288159E-1
1.232905555E1,4.083750024E-2,-1.138499975E-1,-1.318625063E-1,1.789336299E-1
1.233155084E1,4.509999976E-2,-9.886249900E-2,-1.222374961E-1,1.635536888E-1
1.233404630E1,5.266249925E-2,-8.291249722E-2,-1.116499975E-1,1.487062304E-1
1.233654168E1,6.215000153E-2,-6.696250290E-2,-9.996250272E-2,1.354219385E-1
1.233903699E1,7.287500054E-2,-5.101250112E-2,-8.827500045E-2,1.253216529E-1
1.234153238E1,8.772499859E-2,-3.712499887E-2,-7.864999771E-2,1.235304135E-1
1.234402776E1,1.005124971E-1,-2.323750034E-2,-7.012499869E-2,1.247407670E-1
1.234652314E1,1.155000031E-1,-1.471249945E-2,-5.843750015E-2,1.302752846E-1
1.234901853E1,1.325500011E-1,-9.487500414E-3,-4.661250114E-2,1.408269886E-1
1.235151368E1,1.495999992E-1,-1.044999994E-2,-4.028749838E-2,1.552818237E-1
1.235400907E1,1.687124968E-1,-1.264999993E-2,-3.492499888E-2,1.727532477E-1
1.235650443E1,1.868624985E-1,-2.117500082E-2,-3.066249937E-2,1.905417615E-1
1.235899982E1,2.007499933E-1,-3.286249936E-2,-2.639999986E-2,2.051279203E-1
1.236149520E1,2.124374956E-1,-4.675000161E-2,-2.529999986E-2,2.189870822E-1
1.236399051E1,2.241249979E-1,-6.159999967E-2,-2.323750034E-2,2.335948545E-1
1.236648590E1,2.326499969E-1,-7.438749820E-2,-2.213750035E-2,2.452541332E-1
1.236898126E1,2.389750034E-1,-8.937499672E-2,-2.103750035E-2,2.560068724E-1
1.237147665E1,2.411749959E-1,-1.084875017E-1,-2.103750035E-2,2.652875668E-1
1.237397204E1,2.422749996E-1,-1.266375035E-1,-2.433750033E-2,2.744568211E-1
1.237646742E1,2.465374917E-1,-1.446499974E-1,-2.639999986E-2,2.870562951E-1
1.237896280E1,2.486000061E-1,-1.616999954E-1,-3.176249936E-2,2.982577877E-1
1.238145819E1,2.486000061E-1,-1.820500046E-1,-3.286249936E-2,3.098775743E-1
1.238395357E1,2.486000061E-1,-2.011625022E-1,-3.712499887E-2,3.219418905E-1
1.238644873E1,2.475000024E-1,-2.171124965E-1,-4.455000162E-2,3.322330356E-1
1.238894411E1,2.454375029E-1,-2.320999950E-1,-4.771250114E-2,3.411545958E-1
1.239143942E1,2.443374991E-1,-2.458499968E-1,-5.307500064E-2,3.506565130E-1
1.239393490E1,2.389750034E-1,-2.543750107E-1,-5.513750017E-2,3.533494619E-1
1.239643021E1,2.347124964E-1,-2.576749921E-1,-5.939999968E-2,3.535742036E-1
1.239892567E1,2.337500006E-1,-2.554749846E-1,-6.476250291E-2,3.522793101E-1
1.240142098E1,2.305874974E-1,-2.480500042E-1,-6.792499870E-2,3.454174344E-1
1.240391636E1,2.283875048E-1,-2.384250015E-1,-7.218749821E-2,3.379620816E-1
1.240641174E1,2.263250053E-1,-2.246749997E-1,-7.644999772E-2,3.279427780E-1
1.240890713E1,2.252250016E-1,-2.065249979E-1,-7.755000144E-2,3.152663617E-1
1.241140251E1,2.252250016E-1,-1.852124929E-1,-8.181250095E-2,3.028584722E-1
1.241389767E1,2.230249941E-1,-1.616999954E-1,-8.497499675E-2,2.882842115E-1
1.241639305E1,2.209624946E-1,-1.351625025E-1,-8.401250094E-2,2.723075952E-1
1.241888840E1,2.198625058E-1,-1.064250022E-1,-8.291249722E-2,2.579540361E-1
1.242138379E1,2.198625058E-1,-8.084999770E-2,-7.975000143E-2,2.474597064E-1
1.242387910E1,2.187625021E-1,-5.953750014E-2,-7.644999772E-2,2.392620914E-1
1.242637456E1,2.177999914E-1,-3.712499887E-2,-7.122500241E-2,2.321381114E-1
1.242886987E1,2.220624983E-1,-1.897500083E-2,-6.270000339E-2,2.315234205E-1
1.243136525E1,2.241249979E-1,-9.624999948E-4,-5.307500064E-2,2.303256320E-1
1.243386063E1,2.272875011E-1,1.086249948E-2,-4.344999790E-2,2.316581627E-1
1.243635602E1,2.337500006E-1,1.828750037E-2,-3.602499887E-2,2.372157162E-1
1.243885118E1,2.411749959E-1,2.034999989E-2,-2.749999985E-2,2.435893083E-1
1.244134679E1,2.486000061E-1,1.718750037E-2,-2.007500082E-2,2.500007577E-1
1.244384218E1,2.560249865E-1,7.562499959E-3,-8.387500420E-3,2.562739458E-1
1.244633733E1,2.624875009E-1,-7.287499961E-3,-1.924999990E-3,2.625956995E-1
1.244883271E1,2.678500116E-1,-2.433750033E-2,6.599999964E-3,2.690343893E-1
1.245132810E1,2.699125111E-1,-4.675000161E-2,1.718750037E-2,2.744699191E-1
1.245382348E1,2.688125074E-1,-7.438749820E-2,2.791249938E-2,2.803083510E-1
1.245631888E1,2.678500116E-1,-1.010624990E-1,4.069999978E-2,2.891604181E-1
1.245881419E1,2.645500004E-1,-1.287000030E-1,4.922499880E-2,2.982842504E-1
1.246130957E1,2.528625131E-1,-1.574375033E-1,5.664999783E-2,3.032082456E-1
1.246380496E1,2.422749996E-1,-1.852124929E-1,6.407500058E-2,3.116190762E-1
1.246630034E1,2.305874974E-1,-2.128500044E-1,7.163749635E-2,3.218814210E-1
1.246879572E1,2.135374993E-1,-2.363625020E-1,7.796250284E-2,3.279384817E-1
1.247129111E1,1.964875013E-1,-2.543750107E-1,8.222500235E-2,3.317754289E-1
1.247378649E1,1.783374995E-1,-2.704625130E-1,8.538749814E-2,3.350302367E-1
1.247628165E1,1.601874977E-1,-2.832500041E-1,8.855000138E-2,3.372413112E-1
1.247877704E1,1.399749964E-1,-2.875125110E-1,8.758749813E-2,3.315539375E-1
1.248127243E1,1.218250021E-1,-2.864125073E-1,8.758749813E-2,3.233342316E-1
1.248376781E1,1.058750004E-1,-2.853125036E-1,8.648750186E-2,3.163745065E-1
1.248626320E1,9.528750181E-2,-2.767874897E-1,8.538749814E-2,3.049295776E-1
1.248875860E1,8.456250280E-2,-2.628999949E-1,8.332499862E-2,2.884619205E-1
1.249125391E1,7.713750005E-2,-2.448875010E-1,8.112499863E-2,2.692607425E-1
1.249374929E1,7.493750006E-2,-2.256374955E-1,7.479999959E-2,2.492447557E-1
1.249624468E1,7.397499681E-2,-2.022625059E-1,7.259999961E-2,2.272733627E-1
1.249873983E1,7.603749633E-2,-1.735250056E-1,6.737499684E-2,2.010771459E-1
1.250123520E1,8.346249908E-2,-1.414874941E-1,6.201250106E-2,1.755854494E-1
1.250373082E1,8.992499858E-2,-1.127500013E-1,5.775000155E-2,1.553516361E-1
1.250622597E1,1.005124971E-1,-7.755000144E-2,5.128749833E-2,1.369203136E-1
1.250872136E1,1.123374999E-1,-4.771250114E-2,4.276249930E-2,1.293245065E-1
1.251121674E1,1.229249984E-1,-2.007500082E-2,3.753750026E-2,1.300869894E-1
1.251371214E1,1.357125044E-1,7.562499959E-3,3.423750028E-2,1.401687614E-1
1.251620753E1,1.473999918E-1,2.887500077E-2,2.997500077E-2,1.531633896E-1
1.251870284E1,1.581249982E-1,5.018749833E-2,2.571249940E-2,1.678792205E-1
1.252119822E1,1.687124968E-1,6.613750011E-2,2.048750035E-2,1.823672480E-1
1.252369360E1,1.761374921E-1,8.002500236E-2,1.512499992E-2,1.940545870E-1
1.252618900E1,1.846625060E-1,8.964999765E-2,1.196249947E-2,2.056221403E-1
1.252868438E1,1.911250055E-1,9.391249716E-2,5.499999970E-3,2.130224750E-1
1.253117977E1,1.985500008E-1,9.501250088E-2,-8.249999955E-4,2.201139677E-1
1.253367493E1,2.050125003E-1,9.391249716E-2,-9.349999949E-3,2.256925008E-1
1.253617032E1,2.102375031E-1,8.855000138E-2,-1.581249945E-2,2.286721355E-1
1.253866571E1,2.144999951E-1,8.002500236E-2,-2.103750035E-2,2.299061229E-1
1.254116109E1,2.209624946E-1,6.943749636E-2,-2.433750033E-2,2.328911846E-1
1.254365648E1,2.272875011E-1,5.775000155E-2,-3.066249937E-2,2.365055173E-1
1.254615179E1,2.294874936E-1,4.166249931E-2,-3.286249936E-2,2.355423899E-1
1.254864725E1,2.326499969E-1,2.364999987E-2,-3.286249936E-2,2.361467497E-1
1.255114264E1,2.358125001E-1,3.299999982E-3,-3.382499889E-2,2.382489365E-1
1.255363794E1,2.347124964E-1,-1.691249944E-2,-4.028749838E-2,2.387447824E-1
1.255613333E1,2.337500006E-1,-3.602499887E-2,-4.235000163E-2,2.402714839E-1
1.255862871E1,2.294874936E-1,-5.197500065E-2,-4.344999790E-2,2.392776896E-1
1.256112388E1,2.241249979E-1,-6.586249918E-2,-4.455000162E-2,2.378120815E-1
1.256361950E1,2.155999988E-1,-7.755000144E-2,-4.564999789E-2,2.336263781E-1
1.256611488E1,2.081750035E-1,-8.401250094E-2,-4.455000162E-2,2.288659762E-1
1.256861004E1,1.974499971E-1,-8.937499672E-2,-4.771250114E-2,2.219253797E-1
1.257110542E1,1.868624985E-1,-9.459999949E-2,-4.455000162E-2,2.141295307E-1
1.257360079E1,1.761374921E-1,-1.031249985E-1,-4.028749838E-2,2.080438991E-1
1.257609618E1,1.666499972E-1,-1.084875017E-1,-3.808749840E-2,2.024658419E-1
1.257859156E1,1.581249982E-1,-1.149500012E-1,-3.602499887E-2,1.987833453E-1
1.258108695E1,1.463000029E-1,-1.223749965E-1,-3.286249936E-2,1.935439860E-1
1.258358226E1,1.368124932E-1,-1.244374961E-1,-2.639999986E-2,1.868135667E-1
1.258607762E1,1.271875054E-1,-1.234750003E-1,-2.433750033E-2,1.789275025E-1
1.258857300E1,1.165999994E-1,-1.201749966E-1,-1.787500083E-2,1.683956808E-1
1.259106839E1,1.080750003E-1,-1.159124970E-1,-1.154999994E-2,1.589003309E-1
1.259356354E1,1.038125008E-1,-1.095874980E-1,-6.187499966E-3,1.510785895E-1
1.259605895E1,1.005124971E-1,-1.010624990E-1,-8.249999955E-4,1.425379648E-1
1.259855433E1,9.955000132E-2,-9.363749623E-2,6.599999964E-3,1.368274222E-1
1.260104972E1,9.955000132E-2,-9.033749998E-2,1.402499992E-2,1.351583045E-1
1.260354510E1,1.047749966E-1,-8.511249721E-2,2.254999988E-2,1.368591962E-1
1.260604041E1,1.090374961E-1,-8.401250094E-2,3.107500076E-2,1.411131870E-1
1.260853587E1,1.175625026E-1,-7.975000143E-2,4.069999978E-2,1.477751492E-1
1.261103126E1,1.282874942E-1,-7.755000144E-2,4.812499881E-2,1.574410982E-1
1.261352665E1,1.377750039E-1,-7.328750193E-2,5.664999783E-2,1.660187697E-1
1.261602195E1,1.473999918E-1,-7.122500241E-2,6.201250106E-2,1.750580156E-1
1.261851734E1,1.601874977E-1,-7.122500241E-2,6.737499684E-2,1.878095461E-1
1.262101272E1,1.698125005E-1,-6.902500242E-2,7.369999588E-2,1.975662564E-1
1.262350810E1,1.803999990E-1,-6.696250290E-2,7.796250284E-2,2.076205392E-1
1.262600326E1,1.900250018E-1,-6.476250291E-2,7.906249911E-2,2.157650617E-1
1.262849864E1,1.964875013E-1,-6.476250291E-2,7.906249911E-2,2.214777612E-1
1.263099403E1,2.017125040E-1,-6.049999967E-2,8.016250283E-2,2.253313363E-1
1.263348942E1,2.092749923E-1,-5.733750015E-2,7.796250284E-2,2.305683482E-1
1.263598481E1,2.113374919E-1,-5.527500063E-2,7.259999961E-2,2.301947460E-1
1.263848019E1,2.144999951E-1,-5.527500063E-2,6.737499684E-2,2.315274580E-1
1.264097558E1,2.167000026E-1,-5.101250112E-2,6.091250107E-2,2.308061939E-1
1.264347091E1,2.177999914E-1,-4.675000161E-2,5.555000156E-2,2.295826683E-1
1.264596629E1,2.187625021E-1,-4.028749838E-2,5.032499880E-2,2.280629745E-1
1.264846167E1,2.230249941E-1,-3.396249935E-2,4.386249930E-2,2.298206218E-1
1.265095706E1,2.230249941E-1,-3.176249936E-2,3.533750027E-2,2.280301368E-1
1.265345244E1,2.263250053E-1,-2.543750033E-2,2.901249938E-2,2.295905041E-1
1.265594785E1,2.263250053E-1,-2.007500082E-2,2.364999987E-2,2.284411000E-1
1.265844324E1,2.272875011E-1,-1.581249945E-2,1.512499992E-2,2.283383650E-1
1.266093862E1,2.315499932E-1,-1.154999994E-2,9.762499481E-3,2.320433326E-1
1.266343378E1,2.337500006E-1,-5.224999972E-3,3.437499981E-3,2.338336584E-1
1.266592914E1,2.380124927E-1,1.237499993E-3,1.374999993E-4,2.380157494E-1
1.266842453E1,2.389750034E-1,4.399999976E-3,1.237499993E-3,2.390187098E-1
1.267091984E1,2.400749922E-1,9.762499481E-3,-1.924999990E-3,2.402811143E-1
1.267341522E1,2.400749922E-1,1.182499994E-2,-7.287499961E-3,2.404764856E-1
1.267591068E1,2.422749996E-1,1.402499992E-2,-9.349999949E-3,2.428606567E-1
1.267840598E1,2.454375029E-1,1.292499993E-2,-1.044999994E-2,2.459996462E-1
1.268090136E1,2.475000024E-1,1.402499992E-2,-9.349999949E-3,2.480733244E-1
1.268339675E1,2.486000061E-1,1.182499994E-2,-1.044999994E-2,2.491003737E-1
1.268589213E1,2.508000135E-1,4.399999976E-3,-1.251249947E-2,2.511504916E-1
1.268838751E1,2.528625131E-1,-3.024999984E-3,-1.044999994E-2,2.530964315E-1
1.269088268E1,2.539624870E-1,-1.264999993E-2,-6.187499966E-3,2.543526144E-1
1.269337807E1,2.550624907E-1,-2.323750034E-2,-4.124999978E-3,2.561520471E-1
1.269587345E1,2.528625131E-1,-3.396249935E-2,-3.024999984E-3,2.551510386E-1
1.269836884E1,2.508000135E-1,-4.248749837E-2,-8.249999955E-4,2.543747529E-1
1.270086422E1,2.465374917E-1,-5.307500064E-2,2.337499987E-3,2.521966582E-1
1.270335951E1,2.411749959E-1,-6.270000339E-2,3.437499981E-3,2.492157408E-1
1.270585489E1,2.358125001E-1,-7.122500241E-2,5.499999970E-3,2.463955888E-1
1.270835028E1,2.263250053E-1,-8.084999770E-2,6.599999964E-3,2.404231481E-1
1.271084566E1,2.155999988E-1,-8.937499672E-2,7.699999958E-3,2.335177499E-1
1.271334082E1,2.050125003E-1,-9.679999948E-2,8.662499487E-3,2.268819166E-1
1.271583643E1,1.953874975E-1,-1.021625027E-1,1.292499993E-2,2.208630951E-1
1.271833182E1,1.846625060E-1,-1.084875017E-1,1.402499992E-2,2.146310317E-1
1.272082720E1,1.729750037E-1,-1.106875017E-1,1.622499898E-2,2.059983630E-1
1.272332235E1,1.590874940E-1,-1.127500013E-1,2.048750035E-2,1.960640997E-1
1.272581774E1,1.442375034E-1,-1.084875017E-1,2.254999988E-2,1.818859476E-1
1.272831312E1,1.325500011E-1,-9.996250272E-2,2.791249938E-2,1.683481879E-1
1.273080850E1,1.186624989E-1,-8.401250094E-2,2.997500077E-2,1.484499566E-1
1.273330381E1,1.080750003E-1,-6.806249917E-2,2.997500077E-2,1.311915019E-1
1.273579919E1,9.735000134E-2,-4.991250113E-2,2.901249938E-2,1.131812955E-1
1.273829458E1,8.772499859E-2,-3.286249936E-2,2.791249938E-2,9.774828318E-2
1.274078997E1,8.030000329E-2,-1.264999993E-2,2.254999988E-2,8.436003509E-2
1.274328536E1,7.397499681E-2,8.662499487E-3,1.512499992E-2,7.600068863E-2
1.274578074E1,6.861250103E-2,2.887500077E-2,6.599999964E-3,7.473286403E-2
1.274827590E1,6.544999778E-2,4.702499881E-2,-5.087499972E-3,8.075230882E-2
1.275077127E1,6.008749828E-2,6.613750011E-2,-1.251249947E-2,9.022881476E-2
1.275326665E1,6.118749827E-2,8.538749814E-2,-2.529999986E-2,1.080510286E-1
1.275576204E1,6.118749827E-2,1.024374962E-1,-3.602499887E-2,1.246400863E-1
1.275825742E1,6.324999779E-2,1.183874980E-1,-4.991250113E-2,1.432041189E-1
1.276075281E1,6.641250104E-2,1.343374997E-1,-6.270000339E-2,1.624452971E-1
1.276324812E1,7.067500055E-2,1.471250057E-1,-7.438749820E-2,1.793717450E-1
1.276574350E1,7.493750006E-2,1.578499973E-1,-8.401250094E-2,1.938823119E-1
1.276823888E1,7.919999957E-2,1.684374958E-1,-9.350000322E-2,2.082932561E-1
1.277073427E1,8.566249907E-2,1.823250055E-1,-1.031249985E-1,2.263078362E-1
1.277322965E1,9.198749810E-2,1.982749999E-1,-1.105500013E-1,2.449407646E-1
1.277572481E1,9.528750181E-2,2.142249942E-1,-1.170125008E-1,2.620381298E-1
1.277822020E1,1.005124971E-1,2.303124964E-1,-1.244374961E-1,2.804127289E-1
1.278071581E1,1.069749966E-1,2.451625019E-1,-1.329624951E-1,2.987094363E-1
1.278321097E1,1.123374999E-1,2.590500116E-1,-1.392875016E-1,3.148454073E-1
1.278570635E1,1.175625026E-1,2.727999985E-1,-1.435499936E-1,3.299202660E-1
1.278820173E1,1.229249984E-1,2.877874970E-1,-1.446499974E-1,3.447547250E-1
1.279069711E1,1.293874979E-1,3.026374876E-1,-1.457500011E-1,3.599633820E-1
1.279319250E1,1.346125007E-1,3.176249862E-1,-1.478125006E-1,3.753061317E-1
1.279568780E1,1.410750002E-1,3.346749842E-1,-1.468500048E-1,3.917581201E-1
1.279818317E1,1.463000029E-1,3.452624977E-1,-1.435499936E-1,4.015177254E-1
1.280067855E1,1.505624950E-1,3.548874855E-1,-1.372250021E-1,4.092003097E-1
1.280317394E1,1.548250020E-1,3.602499962E-1,-1.329624951E-1,4.140408990E-1
1.280566932E1,1.601874977E-1,3.634124994E-1,-1.287000030E-1,4.174833769E-1
1.280816448E1,1.633500010E-1,3.645125031E-1,-1.190750003E-1,4.168110405E-1
1.281065987E1,1.644500047E-1,3.613499999E-1,-1.084875017E-1,4.115667194E-1
1.281315525E1,1.666499972E-1,3.580499887E-1,-9.886249900E-2,4.071189135E-1
1.281565063E1,1.718750000E-1,3.517250121E-1,-8.827500045E-2,4.013028475E-1
1.281814602E1,1.740749925E-1,3.431999981E-1,-7.644999772E-2,3.923428907E-1
1.282064133E1,1.751749963E-1,3.315125108E-1,-6.696250290E-2,3.808816101E-1
1.282313669E1,1.772374958E-1,3.176249862E-1,-5.843750015E-2,3.683934082E-1
1.282563215E1,1.825999916E-1,2.963125110E-1,-4.991250113E-2,3.516178591E-1
1.282812754E1,1.900250018E-1,2.685374916E-1,-4.138749838E-2,3.315641879E-1
1.283062284E1,1.964875013E-1,2.388374954E-1,-3.382499889E-2,3.111186557E-1
1.283311823E1,2.039124966E-1,2.079000026E-1,-2.323750034E-2,2.921347271E-1
1.283561358E1,2.124374956E-1,1.737999916E-1,-1.581249945E-2,2.749293759E-1
1.283810874E1,2.187625021E-1,1.396999955E-1,-1.044999994E-2,2.597736006E-1
1.284060435E1,2.263250053E-1,1.077999994E-1,-6.187499966E-3,2.507631015E-1
1.284309951E1,2.347124964E-1,7.892499864E-2,-4.124999978E-3,2.476613151E-1
1.284559489E1,2.389750034E-1,5.018749833E-2,-8.249999955E-4,2.441895122E-1
1.284809025E1,2.422749996E-1,2.144999988E-2,-1.924999990E-3,2.432303097E-1
1.285058564E1,2.454375029E-1,-5.224999972E-3,-3.024999984E-3,2.455117493E-1
1.285308102E1,2.496999949E-1,-2.653750032E-2,-4.124999978E-3,2.511400844E-1
1.285557633E1,2.475000024E-1,-4.455000162E-2,-3.024999984E-3,2.514957345E-1
1.285807172E1,2.411749959E-1,-6.159999967E-2,-1.924999990E-3,2.489249771E-1
1.286056710E1,2.326499969E-1,-7.438749820E-2,1.237499993E-3,2.442561204E-1
1.286306248E1,2.198625058E-1,-8.181250095E-2,3.437499981E-3,2.346159056E-1
1.286555787E1,2.059749961E-1,-8.827500045E-2,5.499999970E-3,2.241616040E-1
1.286805325E1,1.889249980E-1,-9.459999949E-2,9.762499481E-3,2.115115155E-1
1.287054841E1,1.687124968E-1,-9.679999948E-2,1.402499992E-2,1.950149919E-1
1.287304379E1,1.473999918E-1,-9.790000319E-2,1.718750037E-2,1.777823905E-1
1.287553917E1,1.251250058E-1,-9.996250272E-2,2.144999988E-2,1.615823986E-1
1.287803456E1,1.027124971E-1,-1.021625027E-1,2.474999987E-2,1.469680119E-1
1.288052994E1,8.030000329E-2,-1.042250022E-1,3.107500076E-2,1.351909660E-1
1.288302533E1,6.008749828E-2,-1.031249985E-1,3.849999979E-2,1.254094205E-1
1.288552062E1,3.987500072E-2,-1.021625027E-1,4.496249929E-2,1.185277140E-1
1.288801600E1,1.746249944E-2,-9.886249900E-2,5.348749831E-2,1.137525607E-1
1.289051139E1,-6.874999963E-4,-1.021625027E-1,6.091250107E-2,1.189452916E-1
1.289300677E1,-1.979999989E-2,-1.021625027E-1,7.053750008E-2,1.257169673E-1
1.289550216E1,-3.368749842E-2,-9.679999948E-2,8.016250283E-2,1.301196154E-1
1.289799754E1,-4.427500069E-2,-8.401250094E-2,8.758749813E-2,1.291895732E-1
1.290049270E1,-5.499999970E-2,-6.696250290E-2,9.501250088E-2,1.285937482E-1
1.290298831E1,-6.352499872E-2,-4.771250114E-2,1.013374999E-1,1.287679973E-1
1.290548347E1,-6.875000149E-2,-2.227500081E-2,1.120624989E-1,1.333444488E-1
1.290797885E1,-6.875000149E-2,3.299999982E-3,1.183874980E-1,1.369417846E-1
1.291047425E1,-6.668750197E-2,2.791249938E-2,1.259499937E-1,1.452230404E-1
1.291296963E1,-6.132499874E-2,5.238749832E-2,1.311749965E-1,1.539872889E-1
1.291546494E1,-5.389999971E-2,7.369999588E-2,1.396999955E-1,1.668921451E-1
1.291796032E1,-4.331250116E-2,8.964999765E-2,1.450625062E-1,1.759438136E-1
1.292045571E1,-2.832499892E-2,1.035374999E-1,1.472624987E-1,1.822321678E-1
1.292295108E1,-1.347499993E-2,1.120624989E-1,1.450625062E-1,1.838007345E-1
1.292544647E1,3.574999981E-3,1.215500012E-1,1.396999955E-1,1.852114256E-1
1.292794162E1,2.282499894E-2,1.269125044E-1,1.344749928E-1,1.863096563E-1
1.293043700E1,4.193750024E-2,1.333750039E-1,1.237500012E-1,1.867129037E-1
1.293293262E1,6.215000153E-2,1.365374923E-1,1.131625026E-1,1.879118450E-1
1.293542778E1,8.030000329E-2,1.385999918E-1,1.003749967E-1,1.890322412E-1
1.293792316E1,9.844999760E-2,1.407999992E-1,8.648750186E-2,1.923463797E-1
1.294041854E1,1.165999994E-1,1.407999992E-1,7.479999959E-2,1.975227571E-1
1.294291393E1,1.303499937E-1,1.385999918E-1,6.311249733E-2,2.004601355E-1
1.294540925E1,1.431374997E-1,1.365374923E-1,5.032499880E-2,2.041162319E-1
1.294790471E1,1.505624950E-1,1.354375035E-1,4.069999978E-2,2.065644505E-1
1.295040010E1,1.559250057E-1,1.300749928E-1,3.107500076E-2,2.054209503E-1
1.295289541E1,1.612875015E-1,1.269125044E-1,2.254999988E-2,2.064677805E-1
1.295539079E1,1.590874940E-1,1.226499975E-1,1.512499992E-2,2.014463161E-1
1.295788617E1,1.559250057E-1,1.172875017E-1,5.499999970E-3,1.951902033E-1
1.296038156E1,1.495999992E-1,1.109625027E-1,1.237499993E-3,1.862642428E-1
1.296287694E1,1.399749964E-1,1.067000031E-1,-1.924999990E-3,1.760158968E-1
1.296537210E1,1.293874979E-1,9.817499667E-2,-6.187499966E-3,1.625353492E-1
1.296786748E1,1.175625026E-1,8.428750187E-2,-9.349999949E-3,1.449577438E-1
1.297036286E1,1.047749966E-1,6.943749636E-2,-9.349999949E-3,1.260428035E-1
1.297285825E1,9.418749809E-2,5.555000156E-2,-9.349999949E-3,1.097474827E-1
1.297535363E1,8.139999956E-2,4.166249931E-2,-8.387500420E-3,9.182632488E-2
1.297784894E1,7.177499682E-2,2.571249940E-2,-5.087499972E-3,7.641116050E-2
1.298034431E1,6.215000153E-2,1.182499994E-2,-5.087499972E-3,6.346917338E-2
1.298283970E1,5.472499877E-2,-4.124999978E-3,-1.924999990E-3,5.491399403E-2
1.298533508E1,4.729999974E-2,-1.581249945E-2,1.374999993E-4,4.987327963E-2
1.298783047E1,3.877500072E-2,-2.323750034E-2,2.337499987E-3,4.526528481E-2
1.299032585E1,3.451250121E-2,-2.969999984E-2,4.399999976E-3,4.574453771E-2
1.299282103E1,3.135000169E-2,-3.176249936E-2,2.337499987E-3,4.468940454E-2
1.299531641E1,3.231250122E-2,-2.969999984E-2,1.374999993E-4,4.388857063E-2
1.299781179E1,3.135000169E-2,-2.749999985E-2,-3.024999984E-3,4.181175938E-2
1.300030718E1,3.135000169E-2,-1.801249944E-2,-1.924999990E-3,3.620743525E-2
1.300280256E1,3.451250121E-2,-1.264999993E-2,-6.187499966E-3,3.727492983E-2
1.300529794E1,3.877500072E-2,-4.124999978E-3,-1.044999994E-2,4.036977588E-2
1.300779325E1,4.509999976E-2,6.599999964E-3,-1.471249945E-2,4.789600837E-2
1.301028863E1,5.266249925E-2,1.608750038E-2,-1.787500083E-2,5.789354153E-2
1.301278401E1,6.324999779E-2,2.571249940E-2,-2.007500082E-2,7.116670924E-2
1.301527940E1,7.397499681E-2,3.423750028E-2,-2.433750033E-2,8.506950394E-2
1.301777478E1,8.676250279E-2,4.069999978E-2,-2.859999985E-2,1.000109087E-1
1.302027017E1,9.735000134E-2,4.592499882E-2,-3.066249937E-2,1.119210308E-1
1.302276555E1,1.112374961E-1,5.128749833E-2,-3.066249937E-2,1.262710454E-1
1.302526071E1,1.240250021E-1,5.555000156E-2,-2.956249937E-2,1.390753220E-1
1.302775609E1,1.368124932E-1,5.555000156E-2,-2.956249937E-2,1.505901801E-1
1.303025148E1,1.463000029E-1,5.444999784E-2,-2.956249937E-2,1.588786785E-1
1.303274686E1,1.559250057E-1,5.348749831E-2,-2.749999985E-2,1.671220209E-1
1.303524225E1,1.633500010E-1,4.922499880E-2,-2.529999986E-2,1.724714855E-1
1.303773756E1,1.676124930E-1,4.592499882E-2,-2.323750034E-2,1.753369178E-1
1.304023301E1,1.718750000E-1,4.276249930E-2,-2.323750034E-2,1.786326633E-1
1.304272832E1,1.729750037E-1,4.166249931E-2,-2.639999986E-2,1.798696076E-1
1.304522371E1,1.729750037E-1,3.849999979E-2,-2.639999986E-2,1.791635060E-1
1.304771909E1,1.718750000E-1,3.643750027E-2,-2.749999985E-2,1.778340717E-1
1.305021448E1,1.687124968E-1,3.533750027E-2,-3.176249936E-2,1.752755027E-1
1.305270963E1,1.666499972E-1,3.313750029E-2,-3.602499887E-2,1.736897120E-1
1.305520501E1,1.633500010E-1,3.313750029E-2,-4.028749838E-2,1.714771100E-1
1.305770039E1,1.612875015E-1,3.643750027E-2,-4.564999789E-2,1.715379604E-1
1.306019578E1,1.581249982E-1,3.959999979E-2,-4.771250114E-2,1.698474545E-1
1.306269116E1,1.570249945E-1,4.069999978E-2,-5.197500065E-2,1.703371350E-1
1.306518656E1,1.570249945E-1,4.166249931E-2,-5.939999968E-2,1.729767982E-1
1.306768195E1,1.559250057E-1,4.592499882E-2,-6.270000339E-2,1.742211334E-1
1.307017733E1,1.548250020E-1,4.592499882E-2,-6.270000339E-2,1.732373435E-1
1.307267264E1,1.548250020E-1,4.592499882E-2,-6.159999967E-2,1.728422596E-1
1.307516802E1,1.548250020E-1,4.166249931E-2,-6.159999967E-2,1.717588572E-1
1.307766341E1,1.559250057E-1,3.849999979E-2,-6.049999967E-2,1.716249030E-1
1.308015880E1,1.581249982E-1,3.533750027E-2,-6.159999967E-2,1.733401683E-1
1.308265418E1,1.601874977E-1,2.887500077E-2,-5.939999968E-2,1.732690395E-1
1.308514934E1,1.612875015E-1,2.254999988E-2,-5.843750015E-2,1.730234147E-1
1.308764472E1,1.623875052E-1,1.608750038E-2,-5.843750015E-2,1.733304674E-1
1.309014012E1,1.644500047E-1,9.762499481E-3,-6.049999967E-2,1.754974655E-1
1.309263550E1,1.687124968E-1,1.237499993E-3,-6.159999967E-2,1.796106843E-1
1.309513081E1,1.718750000E-1,-9.487500414E-3,-6.366249919E-2,1.835318558E-1
1.309762620E1,1.751749963E-1,-1.801249944E-2,-6.586249918E-2,1.880122290E-1
1.310012158E1,1.761374921E-1,-3.079999983E-2,-6.792499870E-2,1.912769237E-1
1.310261698E1,1.772374958E-1,-4.248749837E-2,-7.218749821E-2,1.960340591E-1
1.310511236E1,1.761374921E-1,-5.623750016E-2,-7.218749821E-2,1.984895650E-1
1.310760775E1,1.761374921E-1,-6.806249917E-2,-7.548750192E-2,2.033599834E-1
1.311010313E1,1.751749963E-1,-7.864999771E-2,-7.755000144E-2,2.070896042E-1
1.311259852E1,1.729750037E-1,-8.937499672E-2,-7.975000143E-2,2.104003438E-1
1.311509368E1,1.718750000E-1,-9.679999948E-2,-8.181250095E-2,2.135521970E-1
1.311758906E1,1.718750000E-1,-1.042250022E-1,-8.071249723E-2,2.166064956E-1
1.312008445E1,1.709125042E-1,-1.084875017E-1,-7.864999771E-2,2.171783697E-1
1.312257983E1,1.676124930E-1,-1.149500012E-1,-7.548750192E-2,2.168082414E-1
1.312507522E1,1.676124930E-1,-1.212750003E-1,-7.328750193E-2,2.194826450E-1
1.312757053E1,1.666499972E-1,-1.266375035E-1,-6.902500242E-2,2.203944868E-1
1.313006599E1,1.666499972E-1,-1.277374923E-1,-6.586249918E-2,2.200612581E-1
1.313256130E1,1.666499972E-1,-1.329624951E-1,-6.159999967E-2,2.219139622E-1
1.313505668E1,1.666499972E-1,-1.340624988E-1,-5.733750015E-2,2.214329788E-1
1.313755203E1,1.655499935E-1,-1.329624951E-1,-4.991250113E-2,2.181217165E-1
1.314004741E1,1.655499935E-1,-1.319999993E-1,-4.235000163E-2,2.159266607E-1
1.314254257E1,1.623875052E-1,-1.266375035E-1,-3.492499888E-2,2.088696117E-1
1.314503795E1,1.623875052E-1,-1.223749965E-1,-2.956249937E-2,2.054733145E-1
1.314753334E1,1.623875052E-1,-1.149500012E-1,-2.639999986E-2,2.006991894E-1
1.315002873E1,1.612875015E-1,-1.073874980E-1,-2.213750035E-2,1.950276949E-1
1.315252412E1,1.601874977E-1,-9.886249900E-2,-1.897500083E-2,1.891927028E-1
1.315501950E1,1.601874977E-1,-9.459999949E-2,-1.677500084E-2,1.867902433E-1
1.315751481E1,1.570249945E-1,-8.937499672E-2,-1.471249945E-2,1.812765748E-1
1.316001019E1,1.570249945E-1,-8.401250094E-2,-1.361249946E-2,1.786064090E-1
1.316250559E1,1.548250020E-1,-8.084999770E-2,-1.154999994E-2,1.750454394E-1
1.316500098E1,1.548250020E-1,-7.328750193E-2,-6.187499966E-3,1.714063136E-1
1.316749613E1,1.516624987E-1,-6.586249918E-2,-3.024999984E-3,1.653739186E-1
1.316999174E1,1.505624950E-1,-5.733750015E-2,-3.024999984E-3,1.611390842E-1
1.317248713E1,1.516624987E-1,-4.675000161E-2,1.374999993E-4,1.587044268E-1
1.317498228E1,1.484999955E-1,-3.602499887E-2,1.374999993E-4,1.528072907E-1
1.317747767E1,1.495999992E-1,-2.323750034E-2,4.399999976E-3,1.514579188E-1
1.317997305E1,1.484999955E-1,-1.044999994E-2,1.237499993E-3,1.488723700E-1
1.318246844E1,1.495999992E-1,1.374999993E-4,1.374999993E-4,1.496001256E-1
1.318496382E1,1.527625024E-1,1.292499993E-2,1.374999993E-4,1.533083712E-1
1.318745913E1,1.548250020E-1,2.461249940E-2,-1.924999990E-3,1.567809363E-1
1.318995459E1,1.548250020E-1,3.643750027E-2,-8.249999955E-4,1.590570755E-1
1.319244990E1,1.601874977E-1,4.276249930E-2,-8.249999955E-4,1.657991146E-1
1.319494528E1,1.623875052E-1,4.592499882E-2,-1.924999990E-3,1.687676301E-1
1.319744067E1,1.623875052E-1,4.812499881E-2,-3.024999984E-3,1.693955961E-1
1.319993605E1,1.633500010E-1,4.702499881E-2,-4.124999978E-3,1.700340818E-1
1.320243121E1,1.623875052E-1,4.276249930E-2,-1.924999990E-3,1.679346266E-1
1.320492659E1,1.601874977E-1,3.849999979E-2,1.374999993E-4,1.647492134E-1
1.320742199E1,1.559250057E-1,3.217500076E-2,1.374999993E-4,1.592101032E-1
1.320991737E1,1.505624950E-1,2.681249939E-2,-8.249999955E-4,1.529335007E-1
1.321241276E1,1.431374997E-1,1.938750036E-2,2.337499987E-3,1.444634310E-1
1.321490814E1,1.377750039E-1,1.402499992E-2,4.399999976E-3,1.385568920E-1
1.321740352E1,1.271875054E-1,6.599999964E-3,3.437499981E-3,1.274050153E-1
1.321989890E1,1.197625026E-1,2.337499987E-3,2.337499987E-3,1.198081168E-1
1.322239421E1,1.090374961E-1,-6.187499966E-3,1.237499993E-3,1.092199255E-1
1.322488959E1,1.016125008E-1,-1.044999994E-2,-8.249999955E-4,1.021517668E-1
1.322738498E1,9.102500230E-2,-1.471249945E-2,-4.124999978E-3,9.229856071E-2
1.322988036E1,8.346249908E-2,-1.691249944E-2,-7.287499961E-3,8.547004765E-2
1.323237574E1,7.919999957E-2,-2.227500081E-2,-9.349999949E-3,8.280240390E-2
1.323487090E1,7.493750006E-2,-2.969999984E-2,-9.349999949E-3,8.114888419E-2
1.323736628E1,6.861250103E-2,-3.822499886E-2,-1.044999994E-2,7.923400996E-2
1.323986167E1,6.641250104E-2,-4.344999790E-2,-1.044999994E-2,8.004826738E-2
1.324235705E1,6.324999779E-2,-4.881250113E-2,-1.154999994E-2,8.072561543E-2
1.324485244E1,6.215000153E-2,-4.881250113E-2,-1.154999994E-2,7.986667299E-2
1.324734783E1,6.544999778E-2,-5.307500064E-2,-1.154999994E-2,8.505327978E-2
1.324984314E1,6.544999778E-2,-5.527500063E-2,-8.387500420E-3,8.607774432E-2
1.325233852E1,6.641250104E-2,-5.307500064E-2,-7.287499961E-3,8.532692215E-2
1.325483390E1,6.971249729E-2,-5.307500064E-2,-6.187499966E-3,8.783548900E-2
1.325732927E1,7.177499682E-2,-5.197500065E-2,-5.087499972E-3,8.876335683E-2
1.325982465E1,7.067500055E-2,-4.564999789E-2,-4.124999978E-3,8.423712741E-2
1.326232004E1,7.177499682E-2,-4.138749838E-2,1.374999993E-4,8.285284604E-2
1.326481519E1,7.397499681E-2,-3.822499886E-2,1.237499993E-3,8.327653989E-2
1.326731058E1,7.493750006E-2,-3.602499887E-2,-8.249999955E-4,8.315112798E-2
1.326980597E1,7.287500054E-2,-3.176249936E-2,1.374999993E-4,7.949616956E-2
1.327230135E1,7.067500055E-2,-2.323750034E-2,3.437499981E-3,7.447653007E-2
1.327479674E1,7.177499682E-2,-1.471249945E-2,3.437499981E-3,7.334796667E-2
1.327729212E1,7.067500055E-2,-8.387500420E-3,4.399999976E-3,7.130684305E-2
1.327978750E1,6.861250103E-2,-3.024999984E-3,5.499999970E-3,6.889902700E-2
1.328228280E1,6.861250103E-2,2.337499987E-3,4.399999976E-3,6.879316247E-2
1.328477818E1,6.971249729E-2,7.562499959E-3,3.437499981E-3,7.020569842E-2
1.328727357E1,6.861250103E-2,9.762499481E-3,2.337499987E-3,6.934295638E-2
1.328976895E1,6.641250104E-2,1.086249948E-2,-8.249999955E-4,6.730003576E-2
1.329226434E1,6.751249731E-2,1.182499994E-2,-3.024999984E-3,6.860698609E-2
1.329475970E1,6.751249731E-2,1.512499992E-2,-4.124999978E-3,6.930886336E-2
1.329725486E1,6.861250103E-2,1.718750037E-2,-4.124999978E-3,7.085267173E-2
1.329975024E1,6.641250104E-2,1.938750036E-2,-8.387500420E-3,6.969107280E-2
1.330224562E1,6.435000151E-2,2.144999988E-2,-9.349999949E-3,6.847224028E-2
1.330474100E1,6.324999779E-2,2.461249940E-2,-1.044999994E-2,6.866978846E-2
1.330723638E1,6.215000153E-2,2.571249940E-2,-6.187499966E-3,6.754287876E-2
1.330973169E1,6.118749827E-2,2.681249939E-2,-4.124999978E-3,6.693157471E-2
1.331222708E1,5.898749828E-2,2.571249940E-2,-1.924999990E-3,6.437672874E-2
1.331472246E1,5.788749829E-2,2.791249938E-2,1.374999993E-4,6.426576839E-2
1.331721785E1,5.788749829E-2,2.791249938E-2,6.599999964E-3,6.460363828E-2
1.331971323E1,5.362499878E-2,2.887500077E-2,8.662499487E-3,6.151784344E-2
1.332220862E1,5.362499878E-2,2.887500077E-2,1.196249947E-2,6.206857141E-2
1.332470400E1,5.046249926E-2,2.681249939E-2,1.622499898E-2,5.940222679E-2
1.332719916E1,5.046249926E-2,2.571249940E-2,1.718750037E-2,5.918620300E-2
1.332969456E1,4.839999974E-2,2.364999987E-2,1.828750037E-2,5.688862046E-2
1.333218994E1,4.619999975E-2,2.034999989E-2,2.048750035E-2,5.448210847E-2
1.333468533E1,4.303750023E-2,1.828750037E-2,2.048750035E-2,5.105288206E-2
1.333718064E1,3.767500073E-2,1.608750038E-2,1.938750036E-2,4.532205333E-2
1.333967600E1,3.451250121E-2,1.608750038E-2,1.512499992E-2,4.097177114E-2
1.334217139E1,3.231250122E-2,1.608750038E-2,1.196249947E-2,3.802639606E-2
1.334466677E1,3.024999984E-2,1.828750037E-2,1.086249948E-2,3.697957618E-2
1.334716216E1,2.914999984E-2,2.034999989E-2,8.662499487E-3,3.659076227E-2
1.334965754E1,3.024999984E-2,2.034999989E-2,2.337499987E-3,3.653284675E-2
1.335215293E1,3.024999984E-2,1.512499992E-2,-8.249999955E-4,3.383058879E-2
1.335464809E1,3.341250122E-2,4.399999976E-3,-1.924999990E-3,3.375590115E-2
1.335714347E1,3.657500073E-2,-6.187499966E-3,-3.024999984E-3,3.721782448E-2
1.335963886E1,4.083750024E-2,-1.897500083E-2,-4.124999978E-3,4.521910777E-2
1.336213424E1,4.729999974E-2,-2.749999985E-2,-1.924999990E-3,5.474710579E-2
1.336462962E1,5.362499878E-2,-3.492499888E-2,-1.924999990E-3,6.402422718E-2
1.336712493E1,5.898749828E-2,-4.138749838E-2,-8.249999955E-4,7.206337905E-2
1.336962032E1,6.544999778E-2,-4.344999790E-2,1.237499993E-3,7.856930656E-2
1.337211570E1,7.067500055E-2,-4.564999789E-2,1.374999993E-4,8.413618078E-2
1.337461109E1,7.603749633E-2,-4.564999789E-2,1.374999993E-4,8.868845506E-2
1.337710648E1,7.919999957E-2,-4.344999790E-2,-1.924999990E-3,9.035622765E-2
1.337960164E1,8.030000329E-2,-3.712499887E-2,-4.124999978E-3,8.856281214E-2
1.338209702E1,7.919999957E-2,-3.176249936E-2,-7.287499961E-3,8.564230236E-2
1.338459264E1,8.030000329E-2,-2.543750033E-2,-1.251249947E-2,8.515702904E-2
1.338708803E1,7.713750005E-2,-1.801249944E-2,-1.677500084E-2,8.096940597E-2
1.338958319E1,7.493750006E-2,-1.154999994E-2,-2.007500082E-2,7.843492253E-2
1.339207857E1,7.287500054E-2,-3.024999984E-3,-2.103750035E-2,7.591108449E-2
1.339457396E1,6.971249729E-2,4.399999976E-3,-2.433750033E-2,7.396963026E-2
1.339706934E1,6.751249731E-2,1.086249948E-2,-2.639999986E-2,7.330000805E-2
1.339956465E1,6.215000153E-2,1.608750038E-2,-2.433750033E-2,6.865671330E-2
1.340206002E1,6.008749828E-2,2.461249940E-2,-2.529999986E-2,6.968767875E-2
1.340455540E1,5.788749829E-2,2.571249940E-2,-2.323750034E-2,6.746907814E-2
1.340705079E1,5.472499877E-2,2.791249938E-2,-2.323750034E-2,6.568039688E-2
1.340954617E1,5.362499878E-2,2.364999987E-2,-2.213750035E-2,6.265007510E-2
1.341204133E1,5.156249925E-2,1.828750037E-2,-2.007500082E-2,5.827632158E-2
1.341453695E1,5.046249926E-2,1.402499992E-2,-1.897500083E-2,5.570650869E-2
1.341703210E1,4.936249927E-2,7.562499959E-3,-1.677500084E-2,5.268062635E-2
1.341952749E1,5.046249926E-2,-3.024999984E-3,-1.471249945E-2,5.265047100E-2
1.342202287E1,4.936249927E-2,-1.154999994E-2,-1.361249946E-2,5.249151335E-2
1.342451827E1,4.839999974E-2,-2.007500082E-2,-1.044999994E-2,5.343003024E-2
1.342701365E1,4.839999974E-2,-2.859999985E-2,-1.044999994E-2,5.718148708E-2
1.342950896E1,4.729999974E-2,-3.712499887E-2,-8.387500420E-3,6.071166016E-2
1.343200442E1,4.839999974E-2,-4.564999789E-2,-8.387500420E-3,6.705842561E-2
1.343449973E1,4.619999975E-2,-5.417500064E-2,-1.044999994E-2,7.196230381E-2
1.343699512E1,4.303750023E-2,-5.953750014E-2,-1.044999994E-2,7.420338839E-2
1.343949028E1,4.193750024E-2,-6.586249918E-2,-1.154999994E-2,7.893050882E-2
1.344198566E1,3.987500072E-2,-6.902500242E-2,-1.361249946E-2,8.086882454E-2
1.344448104E1,3.657500073E-2,-7.122500241E-2,-1.787500083E-2,8.203808446E-2
1.344697643E1,3.451250121E-2,-6.806249917E-2,-1.897500083E-2,7.863629689E-2
1.344947182E1,3.231250122E-2,-6.902500242E-2,-2.007500082E-2,7.881341480E-2
1.345196720E1,3.135000169E-2,-6.902500242E-2,-2.213750035E-2,7.897684779E-2
1.345446259E1,3.135000169E-2,-7.122500241E-2,-2.213750035E-2,8.090669006E-2
1.345695797E1,3.024999984E-2,-7.548750192E-2,-2.433750033E-2,8.488662650E-2
1.345945328E1,3.024999984E-2,-7.975000143E-2,-2.433750033E-2,8.869858590E-2
1.346194867E1,3.231250122E-2,-8.181250095E-2,-2.103750035E-2,9.044312837E-2
1.346444406E1,3.231250122E-2,-8.181250095E-2,-2.007500082E-2,9.022410269E-2
1.346693944E1,3.561250120E-2,-8.181250095E-2,-1.787500083E-2,9.100028137E-2
1.346943483E1,3.657500073E-2,-8.084999770E-2,-1.581249945E-2,9.013594147E-2
1.347192998E1,3.877500072E-2,-7.658749819E-2,-1.471249945E-2,8.709536842E-2
1.347442538E1,4.303750023E-2,-7.232499868E-2,-1.471249945E-2,8.543763515E-2
1.347692076E1,4.839999974E-2,-6.270000339E-2,-1.471249945E-2,8.056244807E-2
1.347941614E1,5.156249925E-2,-5.307500064E-2,-1.361249946E-2,7.523926611E-2
1.348191153E1,5.362499878E-2,-4.455000162E-2,-1.581249945E-2,7.148690983E-2
1.348440691E1,5.788749829E-2,-3.286249936E-2,-1.581249945E-2,6.841740613E-2
1.348690232E1,5.788749829E-2,-2.117500082E-2,-1.471249945E-2,6.337034605E-2
1.348939763E1,5.898749828E-2,-1.374999993E-2,-1.787500083E-2,6.315142996E-2
1.349189309E1,6.118749827E-2,-3.024999984E-3,-2.213750035E-2,6.513930834E-2
1.349438840E1,6.215000153E-2,7.562499959E-3,-2.213750035E-2,6.640695006E-2
1.349688379E1,6.118749827E-2,1.512499992E-2,-2.323750034E-2,6.717631271E-2
1.349937918E1,5.788749829E-2,2.034999989E-2,-2.433750033E-2,6.601059670E-2
1.350187456E1,5.362499878E-2,2.364999987E-2,-2.749999985E-2,6.473957816E-2
1.350436995E1,5.156249925E-2,2.571249940E-2,-2.956249937E-2,6.475928755E-2
1.350686510E1,4.839999974E-2,2.461249940E-2,-3.066249937E-2,6.235803051E-2
1.350936049E1,4.619999975E-2,2.144999988E-2,-2.956249937E-2,5.889383534E-2
1.351185586E1,4.193750024E-2,1.828750037E-2,-2.529999986E-2,5.228074779E-2
1.351435125E1,3.987500072E-2,1.182499994E-2,-2.213750035E-2,4.711597635E-2
1.351684656E1,3.657500073E-2,4.399999976E-3,-2.323750034E-2,4.355539118E-2
1.351934194E1,3.657500073E-2,-7.287499961E-3,-2.007500082E-2,4.235379549E-2
1.352183732E1,3.231250122E-2,-1.691249944E-2,-1.471249945E-2,3.932668322E-2
1.352433272E1,3.135000169E-2,-2.969999984E-2,-1.154999994E-2,4.470251777E-2
1.352682810E1,2.818750031E-2,-3.918749839E-2,-1.044999994E-2,4.939025919E-2
1.352932349E1,2.598750032E-2,-5.101250112E-2,-9.349999949E-3,5.800903329E-2
1.353181864E1,2.172499895E-2,-6.379999965E-2,-8.387500420E-3,6.791734461E-2
1.353431402E1,1.966249943E-2,-7.232499868E-2,-8.387500420E-3,7.541796524E-2
1.353680941E1,1.429999992E-2,-7.864999771E-2,-1.044999994E-2,8.061956733E-2
1.353930480E1,8.937500417E-3,-8.511249721E-2,-1.044999994E-2,8.621611563E-2
1.354180018E1,6.874999963E-3,-8.717499673E-2,-8.387500420E-3,8.784700247E-2
1.354429557E1,4.124999978E-4,-8.717499673E-2,-8.387500420E-3,8.757853832E-2
1.354679088E1,-3.849999979E-3,-8.827500045E-2,-9.349999949E-3,8.885224085E-2
1.354928625E1,-7.012499962E-3,-8.607500046E-2,-1.251249947E-2,8.726192471E-2
1.355178163E1,-9.212499484E-3,-8.084999770E-2,-1.044999994E-2,8.204142108E-2
1.355427701E1,-1.237499993E-2,-7.548750192E-2,-1.154999994E-2,7.736217466E-2
1.355677240E1,-1.553750038E-2,-6.586249918E-2,-1.044999994E-2,6.847251430E-2
1.355926778E1,-1.869999990E-2,-5.733750015E-2,-1.044999994E-2,6.120850773E-2
1.356176317E1,-1.869999990E-2,-4.771250114E-2,-9.349999949E-3,5.209218041E-2
1.356425856E1,-1.979999989E-2,-3.918749839E-2,-9.349999949E-3,4.489011612E-2
1.356675371E1,-1.869999990E-2,-2.969999984E-2,-7.287499961E-3,3.584532944E-2
1.356924910E1,-1.869999990E-2,-1.897500083E-2,-7.287499961E-3,2.761970869E-2
1.357174448E1,-1.663750038E-2,-7.287499961E-3,-6.187499966E-3,1.918851819E-2
1.357423987E1,-1.443750039E-2,2.337499987E-3,-6.187499966E-3,1.588050627E-2
1.357673518E1,-1.347499993E-2,1.182499994E-2,-8.387500420E-3,1.979283734E-2
1.357923064E1,-1.237499993E-2,2.144999988E-2,-9.349999949E-3,2.647008911E-2
1.358172594E1,-1.237499993E-2,2.997500077E-2,-9.349999949E-3,3.375001916E-2
1.358422132E1,-1.347499993E-2,3.959999979E-2,-1.154999994E-2,4.339513918E-2
1.358671670E1,-1.347499993E-2,4.812499881E-2,-1.361249946E-2,5.179663382E-2
1.358921209E1,-1.553750038E-2,5.348749831E-2,-1.361249946E-2,5.733782814E-2
1.359170747E1,-1.663750038E-2,5.871250108E-2,-1.154999994E-2,6.210770242E-2
1.359420264E1,-1.663750038E-2,6.201250106E-2,-1.154999994E-2,6.523618019E-2
1.359669802E1,-1.869999990E-2,6.201250106E-2,-9.349999949E-3,6.544205668E-2
1.359919341E1,-2.296249941E-2,6.407500058E-2,-8.387500420E-3,6.858011550E-2
1.360168879E1,-2.942499891E-2,6.297499686E-2,-9.349999949E-3,7.013631934E-2
1.360418410E1,-3.368749842E-2,5.981250107E-2,-5.087499972E-3,6.883506004E-2
1.360667956E1,-3.795000166E-2,5.348749831E-2,-1.924999990E-3,6.561113264E-2
1.360917487E1,-4.427500069E-2,4.592499882E-2,1.237499993E-3,6.380370373E-2
1.361167026E1,-4.853750020E-2,4.166249931E-2,2.337499987E-3,6.400872347E-2
1.361416564E1,-5.609999970E-2,3.533750027E-2,8.662499487E-3,6.686544540E-2
1.361666102E1,-5.926249921E-2,3.107500076E-2,1.402499992E-2,6.836958467E-2
1.361915618E1,-6.132499874E-2,2.887500077E-2,1.718750037E-2,6.992804379E-2
1.362165179E1,-6.242499873E-2,3.107500076E-2,2.254999988E-2,7.328737022E-2
1.362414695E1,-6.352499872E-2,3.217500076E-2,2.364999987E-2,7.503318353E-2
1.362664233E1,-6.462500244E-2,3.533750027E-2,2.364999987E-2,7.735924224E-2
1.362913772E1,-6.242499873E-2,3.959999979E-2,2.681249939E-2,7.863809874E-2
1.363163310E1,-5.816249922E-2,4.592499882E-2,2.571249940E-2,7.844179025E-2
1.363412849E1,-5.279999971E-2,4.922499880E-2,2.474999987E-2,7.631187961E-2
1.363662380E1,-4.757500067E-2,5.444999784E-2,2.474999987E-2,7.642476986E-2
1.363911918E1,-4.221250117E-2,5.775000155E-2,2.364999987E-2,7.534109389E-2
1.364161456E1,-3.478749841E-2,6.297499686E-2,2.254999988E-2,7.539577422E-2
1.364410995E1,-2.832499892E-2,6.297499686E-2,2.254999988E-2,7.264061046E-2
1.364660533E1,-1.979999989E-2,6.091250107E-2,2.364999987E-2,6.827660856E-2
1.364910049E1,-1.237499993E-2,5.775000155E-2,2.364999987E-2,6.362016816E-2
1.365159610E1,-7.012499962E-3,5.444999784E-2,2.474999987E-2,6.022075983E-2
1.365409122E1,-1.649999991E-3,4.922499880E-2,2.474999987E-2,5.512155205E-2
1.365658660E1,2.612499986E-3,4.276249930E-2,2.571249940E-2,4.996587964E-2
1.365908199E1,5.774999969E-3,3.313750029E-2,2.364999987E-2,4.111893778E-2
1.366157737E1,6.874999963E-3,2.254999988E-2,2.048750035E-2,3.123308806E-2
1.366407276E1,5.774999969E-3,1.402499992E-2,1.828750037E-2,2.375887028E-2
1.366656814E1,4.674999975E-3,2.337499987E-3,1.718750037E-2,1.796467923E-2
1.366906345E1,-6.874999963E-4,-7.287499961E-3,1.196249947E-2,1.402432549E-2
1.367155883E1,-3.849999979E-3,-1.897500083E-2,7.699999958E-3,2.083658215E-2
1.367405422E1,-7.012499962E-3,-2.969999984E-2,4.399999976E-3,3.083220955E-2
1.367654960E1,-1.127499994E-2,-3.712499887E-2,-8.249999955E-4,3.880814076E-2
1.367904496E1,-1.663750038E-2,-4.564999789E-2,-3.024999984E-3,4.868140663E-2
1.368154011E1,-1.979999989E-2,-5.417500064E-2,-7.287499961E-3,5.813844120E-2
1.368403550E1,-2.296249941E-2,-6.049999967E-2,-7.287499961E-3,6.512015045E-2
1.368653088E1,-2.626249939E-2,-6.476250291E-2,-8.387500420E-3,7.038643918E-2
1.368902626E1,-2.832499892E-2,-6.902500242E-2,-1.154999994E-2,7.549939749E-2
1.369152165E1,-3.052499890E-2,-7.232499868E-2,-1.251249947E-2,7.949367041E-2
1.369401704E1,-2.832499892E-2,-7.232499868E-2,-1.361249946E-2,7.885753698E-2
1.369651242E1,-2.722499892E-2,-7.232499868E-2,-1.251249947E-2,7.828581380E-2
1.369900773E1,-2.199999988E-2,-7.122500241E-2,-8.387500420E-3,7.501567254E-2
1.370150311E1,-1.663750038E-2,-6.806249917E-2,-6.187499966E-3,7.033914534E-2
1.370399850E1,-9.212499484E-3,-6.270000339E-2,-3.024999984E-3,6.344534022E-2
1.370649388E1,-3.849999979E-3,-5.953750014E-2,-3.024999984E-3,5.973848883E-2
1.370898927E1,2.612499986E-3,-5.623750016E-2,1.237499993E-3,5.631174821E-2
1.371148442E1,1.113750041E-2,-5.101250112E-2,3.437499981E-3,5.232719744E-2
1.371398004E1,1.856249943E-2,-4.564999789E-2,4.399999976E-3,4.947573842E-2
1.371647519E1,2.708750032E-2,-4.248749837E-2,3.437499981E-3,5.050481757E-2
1.371897057E1,3.341250122E-2,-3.822499886E-2,3.437499981E-3,5.088577583E-2
1.372146588E1,3.987500072E-2,-3.176249936E-2,3.437499981E-3,5.109489655E-2
1.372396134E1,4.619999975E-2,-2.859999985E-2,2.337499987E-3,5.438624711E-2
1.372645665E1,5.046249926E-2,-2.543750033E-2,2.337499987E-3,5.655965135E-2
1.372895211E1,5.472499877E-2,-2.653750032E-2,-8.249999955E-4,6.082552950E-2
1.373144742E1,5.788749829E-2,-2.749999985E-2,-1.924999990E-3,6.411644153E-2
1.373394280E1,5.898749828E-2,-2.859999985E-2,-8.249999955E-4,6.556039635E-2
1.373643819E1,5.898749828E-2,-2.969999984E-2,1.237499993E-3,6.605411683E-2
1.373893360E1,5.898749828E-2,-2.859999985E-2,-1.924999990E-3,6.558346262E-2
1.374142875E1,5.788749829E-2,-2.969999984E-2,-3.024999984E-3,6.513219690E-2
1.374392414E1,5.692499876E-2,-3.176249936E-2,-5.087499972E-3,6.538497156E-2
1.374641952E1,5.472499877E-2,-3.396249935E-2,-6.187499966E-3,6.470364757E-2
1.374891490E1,5.156249925E-2,-3.822499886E-2,-5.087499972E-3,6.438730095E-2
1.375141029E1,4.839999974E-2,-4.138749838E-2,-5.087499972E-3,6.388558251E-2
1.375390560E1,4.619999975E-2,-4.564999789E-2,-4.124999978E-3,6.507978111E-2
1.375640098E1,4.413750023E-2,-5.197500065E-2,-1.924999990E-3,6.821455302E-2
1.375889644E1,4.303750023E-2,-5.623750016E-2,1.374999993E-4,7.081597106E-2
1.376139175E1,3.877500072E-2,-5.953750014E-2,1.237499993E-3,7.106156493E-2
1.376388713E1,3.657500073E-2,-6.270000339E-2,3.437499981E-3,7.266937119E-2
1.376638229E1,3.451250121E-2,-6.379999965E-2,1.237499993E-3,7.254711643E-2
1.376887790E1,3.341250122E-2,-6.379999965E-2,3.437499981E-3,7.210167543E-2
1.377137328E1,3.341250122E-2,-6.270000339E-2,4.399999976E-3,7.118318384E-2
1.377386844E1,3.451250121E-2,-6.476250291E-2,4.399999976E-3,7.351635548E-2
1.377636382E1,3.341250122E-2,-6.476250291E-2,4.399999976E-3,7.300641767E-2
1.377885913E1,3.451250121E-2,-6.586249918E-2,2.337499987E-3,7.439385354E-2
1.378135452E1,3.657500073E-2,-6.586249918E-2,3.437499981E-3,7.541495795E-2
1.378384998E1,3.877500072E-2,-6.586249918E-2,1.237499993E-3,7.643887025E-2
1.378634537E1,4.193750024E-2,-6.696250290E-2,1.237499993E-3,7.902064367E-2
1.378884068E1,4.619999975E-2,-6.902500242E-2,1.374999993E-4,8.305967639E-2
1.379133606E1,4.839999974E-2,-7.012499869E-2,1.237499993E-3,8.521506218E-2
1.379383145E1,5.156249925E-2,-7.012499869E-2,1.374999993E-4,8.704151697E-2
1.379632683E1,5.582499877E-2,-7.122500241E-2,-8.249999955E-4,9.049923801E-2
1.379882222E1,6.118749827E-2,-6.696250290E-2,1.374999993E-4,9.070780366E-2
1.380131737E1,6.324999779E-2,-6.476250291E-2,-8.249999955E-4,9.052858460E-2
1.380381276E1,6.751249731E-2,-6.379999965E-2,-8.249999955E-4,9.289272239E-2
1.380630814E1,6.861250103E-2,-6.049999967E-2,1.374999993E-4,9.147646781E-2
1.380880352E1,7.287500054E-2,-5.953750014E-2,-8.249999955E-4,9.410717428E-2
1.381129891E1,7.713750005E-2,-5.733750015E-2,-1.924999990E-3,9.613266075E-2
1.381379429E1,7.823749632E-2,-5.417500064E-2,-4.124999978E-3,9.525257030E-2
1.381628960E1,7.713750005E-2,-5.101250112E-2,-5.087499972E-3,9.261939235E-2
1.381878499E1,7.603749633E-2,-4.248749837E-2,-4.124999978E-3,8.720036692E-2
1.382128037E1,7.397499681E-2,-3.822499886E-2,-5.087499972E-3,8.342261891E-2
1.382377553E1,6.751249731E-2,-3.286249936E-2,-9.349999949E-3,7.566573634E-2
1.382627091E1,6.435000151E-2,-2.749999985E-2,-9.349999949E-3,7.060166560E-2
1.382876629E1,6.008749828E-2,-2.007500082E-2,-8.387500420E-3,6.390511146E-2
1.383126191E1,5.472499877E-2,-1.471249945E-2,-7.287499961E-3,5.713484739E-2
1.383375706E1,5.156249925E-2,-1.154999994E-2,-5.087499972E-3,5.308461626E-2
1.383625245E1,4.839999974E-2,-9.487500414E-3,-6.187499966E-3,4.970772369E-2
1.383874786E1,4.619999975E-2,-6.187499966E-3,-7.287499961E-3,4.717873237E-2
1.384124325E1,3.987500072E-2,-5.224999972E-3,-5.087499972E-3,4.053639060E-2
1.384373856E1,3.767500073E-2,-3.024999984E-3,-3.024999984E-3,3.791710603E-2
1.384623402E1,3.341250122E-2,-5.224999972E-3,-4.124999978E-3,3.406921612E-2
1.384872933E1,2.914999984E-2,-5.224999972E-3,-4.124999978E-3,2.990048060E-2
1.385122471E1,2.598750032E-2,-8.387500420E-3,-8.249999955E-4,2.731997367E-2
1.385372010E1,2.392499894E-2,-8.387500420E-3,2.337499987E-3,2.546015797E-2
1.385621548E1,2.172499895E-2,-9.487500414E-3,4.399999976E-3,2.411116429E-2
1.385871086E1,2.172499895E-2,-1.044999994E-2,4.399999976E-3,2.450587844E-2
1.386120602E1,2.282499894E-2,-1.044999994E-2,6.599999964E-3,2.595656131E-2
1.386370141E1,2.282499894E-2,-1.044999994E-2,9.762499481E-3,2.693491176E-2
1.386619679E1,2.598750032E-2,-9.487500414E-3,9.762499481E-3,2.933716471E-2
1.386869218E1,2.818750031E-2,-7.287499961E-3,9.762499481E-3,3.070747833E-2
1.387118749E1,3.024999984E-2,-6.187499966E-3,1.196249947E-2,3.311267189E-2
1.387368287E1,3.451250121E-2,-8.387500420E-3,1.292499993E-2,3.779574746E-2
1.387617826E1,3.767500073E-2,-7.287499961E-3,1.292499993E-2,4.049159121E-2
1.387867364E1,3.877500072E-2,-7.287499961E-3,1.292499993E-2,4.151703217E-2
1.388116903E1,4.193750024E-2,-9.487500414E-3,1.292499993E-2,4.489790879E-2
1.388366441E1,4.413750023E-2,-1.044999994E-2,9.762499481E-3,4.639642035E-2
1.388615957E1,4.509999976E-2,-1.044999994E-2,7.699999958E-3,4.693082650E-2
1.388865495E1,4.619999975E-2,-9.487500414E-3,8.662499487E-3,4.795301386E-2
1.389115034E1,4.619999975E-2,-7.287499961E-3,4.399999976E-3,4.697773550E-2
1.389364572E1,4.509999976E-2,-6.187499966E-3,1.374999993E-4,4.552267611E-2
1.389614111E1,4.303750023E-2,-1.924999990E-3,-3.024999984E-3,4.318660297E-2
1.389863648E1,3.877500072E-2,3.299999982E-3,-5.087499972E-3,3.924631622E-2
1.390113187E1,3.231250122E-2,6.599999964E-3,-7.287499961E-3,3.377521858E-2
1.390362718E1,2.914999984E-2,1.182499994E-2,-9.349999949E-3,3.281730661E-2
1.390612256E1,2.488750033E-2,1.608750038E-2,-1.251249947E-2,3.216765431E-2
1.390861794E1,1.966249943E-2,2.144999988E-2,-1.581249945E-2,3.311723898E-2
1.391111333E1,1.319999993E-2,2.364999987E-2,-1.677500084E-2,3.185848624E-2
1.391360871E1,1.113750041E-2,1.402499992E-2,-1.677500084E-2,2.453864689E-2
1.391610410E1,8.937500417E-3,-9.624999948E-4,-1.471249945E-2,1.724131550E-2
1.391859925E1,6.874999963E-3,-1.374999993E-2,-1.044999994E-2,1.858845398E-2
1.392109464E1,7.837500423E-3,-2.859999985E-2,-8.249999955E-4,2.966592370E-2
1.392358999E1,8.937500417E-3,-3.822499886E-2,8.662499487E-3,4.020035260E-2
1.392608538E1,5.774999969E-3,-4.881250113E-2,1.402499992E-2,5.111468981E-2
1.392858076E1,6.874999963E-3,-5.733750015E-2,2.048750035E-2,6.127472741E-2
1.393107607E1,6.874999963E-3,-6.379999965E-2,2.474999987E-2,6.877694435E-2
1.393357146E1,5.774999969E-3,-7.012499869E-2,2.681249939E-2,7.529791623E-2
1.393606685E1,4.674999975E-3,-7.548750192E-2,3.107500076E-2,8.176719540E-2
1.393856223E1,4.124999978E-4,-7.755000144E-2,3.107500076E-2,8.354536823E-2
1.394105739E1,-3.849999979E-3,-7.864999771E-2,3.533750027E-2,8.630981152E-2
1.394355300E1,-9.212499484E-3,-7.755000144E-2,3.107500076E-2,8.405074981E-2
1.394604838E1,-1.237499993E-2,-7.658749819E-2,2.681249939E-2,8.208346743E-2
1.394854354E1,-1.869999990E-2,-7.438749820E-2,2.571249940E-2,8.089698703E-2
1.395103915E1,-2.516249940E-2,-6.806249917E-2,2.254999988E-2,7.598787840E-2
1.395353431E1,-2.942499891E-2,-6.476250291E-2,1.718750037E-2,7.318075234E-2
1.395602969E1,-3.258749843E-2,-5.953750014E-2,1.292499993E-2,6.909207335E-2
1.395852509E1,-3.478749841E-2,-5.197500065E-2,1.086249948E-2,6.347885186E-2
1.396102048E1,-3.684999794E-2,-4.344999790E-2,6.599999964E-3,5.735315741E-2
1.396351579E1,-3.904999793E-2,-3.712499887E-2,3.437499981E-3,5.399059441E-2
1.396601117E1,-3.795000166E-2,-2.749999985E-2,-8.249999955E-4,4.687358790E-2
1.396850655E1,-3.795000166E-2,-1.801249944E-2,-3.024999984E-3,4.211654528E-2
1.397100192E1,-3.684999794E-2,-8.387500420E-3,-3.024999984E-3,3.791336356E-2
1.397349707E1,-3.258749843E-2,2.337499987E-3,-1.924999990E-3,3.272788696E-2
1.397599246E1,-2.942499891E-2,7.562499959E-3,-1.924999990E-3,3.044220083E-2
1.397848784E1,-2.089999989E-2,1.086249948E-2,-3.024999984E-3,2.374772652E-2
1.398098323E1,-1.443750039E-2,8.662499487E-3,-8.249999955E-4,1.685707388E-2
1.398347861E1,-5.912499968E-3,4.399999976E-3,2.337499987E-3,7.731853714E-3
1.398597400E1,1.512499992E-3,-9.624999948E-4,7.699999958E-3,7.905951038E-3
1.398846938E1,1.113750041E-2,-7.287499961E-3,1.292499993E-2,1.855282173E-2
1.399096477E1,1.746249944E-2,-1.044999994E-2,1.828750037E-2,2.736008142E-2
1.399346008E1,2.598750032E-2,-1.154999994E-2,2.364999987E-2,3.698750013E-2
1.399595546E1,3.231250122E-2,-1.264999993E-2,2.571249940E-2,4.318857324E-2
1.399845085E1,3.657500073E-2,-1.374999993E-2,2.791249938E-2,4.801979590E-2
1.400094600E1,4.083750024E-2,-1.154999994E-2,2.474999987E-2,4.912907915E-2
1.400344138E1,4.193750024E-2,-9.487500414E-3,2.254999988E-2,4.855171557E-2
1.400593700E1,4.303750023E-2,-4.124999978E-3,2.048750035E-2,4.784328293E-2
1.400843216E1,4.193750024E-2,1.237499993E-3,1.828750037E-2,4.576808934E-2
1.401092754E1,3.987500072E-2,4.399999976E-3,1.292499993E-2,4.214773191E-2
1.401342293E1,3.767500073E-2,9.762499481E-3,9.762499481E-3,4.012503548E-2
1.401591831E1,3.341250122E-2,1.402499992E-2,4.399999976E-3,3.650281989E-2
1.401841370E1,3.231250122E-2,1.718750037E-2,-8.249999955E-4,3.660858546E-2
1.402090908E1,3.024999984E-2,2.254999988E-2,-6.187499966E-3,3.823414888E-2
1.402340439E1,2.708750032E-2,2.571249940E-2,-1.251249947E-2,3.938817007E-2
1.402589977E1,2.488750033E-2,3.107500076E-2,-1.581249945E-2,4.283781605E-2
1.402839516E1,2.282499894E-2,3.217500076E-2,-1.897500083E-2,4.377512886E-2
1.403089053E1,1.966249943E-2,2.997500077E-2,-2.007500082E-2,4.108674011E-2
1.403338568E1,1.636249945E-2,2.571249940E-2,-1.361249946E-2,3.337909757E-2
1.403588107E1,1.636249945E-2,1.292499993E-2,-1.251249947E-2,2.431768192E-2
1.403837645E1,1.429999992E-2,1.374999993E-4,-1.044999994E-2,1.771190004E-2
1.404087184E1,1.209999993E-2,-1.044999994E-2,-4.124999978E-3,1.651145427E-2
1.404336722E1,1.113750041E-2,-1.897500083E-2,2.337499987E-3,2.212596841E-2
1.404586261E1,7.837500423E-3,-2.543750033E-2,6.599999964E-3,2.742358174E-2
1.404835792E1,5.774999969E-3,-2.749999985E-2,9.762499481E-3,2.974738665E-2
1.405085338E1,1.512499992E-3,-3.176249936E-2,6.599999964E-3,3.247620701E-2
1.405334877E1,-2.749999985E-3,-3.396249935E-2,4.399999976E-3,3.435656941E-2
1.405584407E1,-5.912499968E-3,-3.918749839E-2,4.399999976E-3,3.987452427E-2
1.405833946E1,-9.212499484E-3,-4.344999790E-2,2.337499987E-3,4.447736920E-2
1.406083484E1,-1.237499993E-2,-4.675000161E-2,-1.924999990E-3,4.839843901E-2
1.406333000E1,-1.663750038E-2,-4.675000161E-2,-7.287499961E-3,5.015452846E-2
1.406582561E1,-2.296249941E-2,-4.675000161E-2,-1.044999994E-2,5.312289081E-2
1.406832075E1,-2.516249940E-2,-4.564999789E-2,-1.581249945E-2,5.447117423E-2
1.407081613E1,-2.942499891E-2,-4.138749838E-2,-2.213750035E-2,5.539697198E-2
1.407331151E1,-2.942499891E-2,-3.918749839E-2,-2.639999986E-2,5.566372772E-2
1.407580690E1,-2.832499892E-2,-3.602499887E-2,-3.066249937E-2,5.513886991E-2
1.407830228E1,-2.722499892E-2,-3.176249936E-2,-3.382499889E-2,5.379765312E-2
1.408079759E1,-2.626249939E-2,-2.653750032E-2,-3.492499888E-2,5.112448870E-2
1.408329298E1,-2.199999988E-2,-2.227500081E-2,-3.712499887E-2,4.856378483E-2
1.408578836E1,-1.979999989E-2,-1.897500083E-2,-3.602499887E-2,4.527572414E-2
1.408828374E1,-1.773750037E-2,-1.471249945E-2,-3.066249937E-2,3.835707793E-2
1.409077891E1,-1.443750039E-2,-9.487500414E-3,-2.859999985E-2,3.341278307E-2
1.409327429E1,-1.127499994E-2,-7.287499961E-3,-2.639999986E-2,2.961744877E-2
1.409576967E1,-9.212499484E-3,-6.187499966E-3,-2.433750033E-2,2.674825649E-2
1.409826506E1,-7.012499962E-3,-4.124999978E-3,-2.103750035E-2,2.255586845E-2
1.410076044E1,-5.912499968E-3,1.374999993E-4,-1.787500083E-2,1.882796370E-2
1.410325575E1,-7.012499962E-3,4.399999976E-3,-1.361249946E-2,1.593220942E-2
1.410575113E1,-5.912499968E-3,8.662499487E-3,-1.361249946E-2,1.718419899E-2
1.410824651E1,-7.012499962E-3,1.402499992E-2,-1.251249947E-2,2.006086791E-2
1.411074190E1,-9.212499484E-3,2.254999988E-2,-1.044999994E-2,2.650613401E-2
1.411323728E1,-1.017499994E-2,2.791249938E-2,-1.044999994E-2,3.149350321E-2
1.411573269E1,-1.347499993E-2,3.423750028E-2,-7.287499961E-3,3.750852842E-2
1.411822807E1,-1.663750038E-2,3.959999979E-2,-8.387500420E-3,4.376432983E-2
1.412072346E1,-1.869999990E-2,4.496249929E-2,-7.287499961E-3,4.923844021E-2
1.412321884E1,-2.089999989E-2,5.128749833E-2,-6.187499966E-3,5.572703685E-2
1.412571400E1,-2.199999988E-2,5.555000156E-2,-5.087499972E-3,5.996403359E-2
1.412820938E1,-2.516249940E-2,5.555000156E-2,-5.087499972E-3,6.119507092E-2
1.413070476E1,-2.626249939E-2,5.348749831E-2,-7.287499961E-3,6.003115030E-2
1.413320015E1,-2.722499892E-2,5.238749832E-2,-4.124999978E-3,5.918332680E-2
1.413569546E1,-2.832499892E-2,4.386249930E-2,-8.249999955E-4,5.221977626E-2
1.413819092E1,-2.722499892E-2,3.423750028E-2,2.337499987E-3,4.380491865E-2
1.414068624E1,-2.626249939E-2,2.364999987E-2,7.699999958E-3,3.617086352E-2
1.414318162E1,-2.626249939E-2,1.512499992E-2,1.622499898E-2,3.437637399E-2
1.414567701E1,-2.516249940E-2,5.499999970E-3,2.144999988E-2,3.351870926E-2
1.414817239E1,-2.406249940E-2,-3.024999984E-3,2.571249940E-2,3.534525608E-2
1.415066777E1,-2.199999988E-2,-9.487500414E-3,2.791249938E-2,3.678478328E-2
1.415316293E1,-1.979999989E-2,-1.581249945E-2,2.681249939E-2,3.689153369E-2
1.415565831E1,-1.773750037E-2,-2.433750033E-2,2.681249939E-2,4.032174308E-2
1.415815370E1,-1.237499993E-2,-2.859999985E-2,2.364999987E-2,3.912062255E-2
1.416064908E1,-1.127499994E-2,-3.396249935E-2,2.364999987E-2,4.289404947E-2
1.416314439E1,-1.127499994E-2,-3.712499887E-2,2.048750035E-2,4.387629013E-2
1.416563978E1,-9.212499484E-3,-3.822499886E-2,1.402499992E-2,4.174591366E-2
1.416813516E1,-8.112499490E-3,-3.918749839E-2,9.762499481E-3,4.119197828E-2
1.417063054E1,-5.912499968E-3,-3.712499887E-2,3.437499981E-3,3.774969673E-2
1.417312593E1,-7.012499962E-3,-3.602499887E-2,1.374999993E-4,3.670142512E-2
1.417562132E1,-9.212499484E-3,-3.176249936E-2,-4.124999978E-3,3.332779827E-2
1.417811648E1,-7.012499962E-3,-2.653750032E-2,-1.044999994E-2,2.937033500E-2
1.418061209E1,-5.912499968E-3,-2.433750033E-2,-1.361249946E-2,2.850564365E-2
1.418310725E1,-4.949999973E-3,-1.801249944E-2,-1.581249945E-2,2.447422674E-2
1.418560263E1,-1.649999991E-3,-1.471249945E-2,-1.251249947E-2,1.938408582E-2
1.418809800E1,4.124999978E-4,-1.154999994E-2,-1.361249946E-2,1.785700973E-2
1.419059339E1,2.612499986E-3,-1.154999994E-2,-1.251249947E-2,1.722760278E-2
1.419308877E1,3.574999981E-3,-1.044999994E-2,-1.154999994E-2,1.598078916E-2
1.419558408E1,5.774999969E-3,-9.487500414E-3,-7.287499961E-3,1.328423669E-2
1.419807944E1,8.937500417E-3,-7.287499961E-3,-1.924999990E-3,1.169154371E-2
1.420057483E1,1.113750041E-2,-5.224999972E-3,-8.249999955E-4,1.232984854E-2
1.420307021E1,1.209999993E-2,-1.924999990E-3,1.374999993E-4,1.225293963E-2
1.420556560E1,1.319999993E-2,-1.924999990E-3,1.237499993E-3,1.339690372E-2
1.420806075E1,1.209999993E-2,-9.624999948E-4,5.499999970E-3,1.332615490E-2
1.421055613E1,1.539999992E-2,1.374999993E-4,7.699999958E-3,1.721827236E-2
1.421305152E1,1.539999992E-2,2.337499987E-3,7.699999958E-3,1.737566986E-2
1.421554690E1,1.539999992E-2,3.299999982E-3,9.762499481E-3,1.852987840E-2
1.421804229E1,1.429999992E-2,3.299999982E-3,9.762499481E-3,1.762629836E-2
1.422053761E1,1.209999993E-2,4.399999976E-3,9.762499481E-3,1.615785859E-2
1.422303299E1,1.319999993E-2,3.299999982E-3,9.762499481E-3,1.674623522E-2
1.422552845E1,1.209999993E-2,4.399999976E-3,9.762499481E-3,1.615785859E-2
1.422802376E1,1.113750041E-2,5.499999970E-3,7.699999958E-3,1.461451040E-2
1.423051914E1,1.003750041E-2,3.299999982E-3,5.499999970E-3,1.191181825E-2
1.423301428E1,7.837500423E-3,1.374999993E-4,6.599999964E-3,1.024721029E-2
1.423550990E1,6.874999963E-3,-9.624999948E-4,5.499999970E-3,8.856750555E-3
1.423800505E1,5.774999969E-3,1.374999993E-4,6.599999964E-3,8.770948091E-3
1.424050043E1,5.774999969E-3,-1.924999990E-3,5.499999970E-3,8.204038595E-3
1.424299583E1,2.612499986E-3,-9.624999948E-4,4.399999976E-3,5.206876435E-3
1.424549121E1,2.612499986E-3,1.374999993E-4,3.437499981E-3,4.319776447E-3
1.424798660E1,1.512499992E-3,-4.124999978E-3,1.374999993E-4,4.395701001E-3
1.425048198E1,1.512499992E-3,-4.124999978E-3,-8.249999955E-4,4.470336233E-3
1.425297737E1,4.124999978E-4,-4.124999978E-3,-3.024999984E-3,5.131900814E-3
1.425547268E1,2.612499986E-3,-7.287499961E-3,-4.124999978E-3,8.772025802E-3
1.425796806E1,-6.874999963E-4,-5.224999972E-3,-4.124999978E-3,6.692451402E-3
1.426046344E1,4.124999978E-4,-5.224999972E-3,-7.287499961E-3,8.976549261E-3
1.426295883E1,1.512499992E-3,-9.487500414E-3,-8.387500420E-3,1.275344987E-2
1.426545398E1,4.124999978E-4,-1.374999993E-2,-8.387500420E-3,1.611157402E-2
1.426794937E1,-6.874999963E-4,-1.471249945E-2,-6.187499966E-3,1.597546407E-2
1.427044475E1,-3.849999979E-3,-1.691249944E-2,-6.187499966E-3,1.841576208E-2
1.427294014E1,-3.849999979E-3,-1.581249945E-2,-9.349999949E-3,1.876912725E-2
1.427543551E1,-4.949999973E-3,-1.264999993E-2,-1.361249946E-2,1.923083824E-2
1.427793090E1,-7.012499962E-3,-1.154999994E-2,-1.471249945E-2,1.997586780E-2
1.428042621E1,-8.112499490E-3,-1.154999994E-2,-1.471249945E-2,2.038805500E-2
1.428292159E1,-8.112499490E-3,-1.154999994E-2,-1.251249947E-2,1.886207278E-2
1.428541697E1,-9.212499484E-3,-1.044999994E-2,-1.361249946E-2,1.947749438E-2
1.428791237E1,-1.017499994E-2,-9.487500414E-3,-1.471249945E-2,2.024847965E-2
1.429040776E1,-1.237499993E-2,-5.224999972E-3,-1.044999994E-2,1.701892320E-2
1.429290314E1,-1.237499993E-2,-4.124999978E-3,-8.387500420E-3,1.550826913E-2
1.429539853E1,-9.212499484E-3,-1.924999990E-3,-8.387500420E-3,1.260658300E-2
1.429789368E1,-1.017499994E-2,1.237499993E-3,-7.287499961E-3,1.257655302E-2
1.430038908E1,-1.017499994E-2,2.337499987E-3,-6.187499966E-3,1.213588422E-2
1.430288446E1,-7.012499962E-3,4.399999976E-3,-8.249999955E-4,8.319602184E-3
1.430537985E1,-3.849999979E-3,7.562499959E-3,1.237499993E-3,8.575856325E-3
1.430787523E1,-2.749999985E-3,9.762499481E-3,5.499999970E-3,1.153771623E-2
1.431037063E1,1.512499992E-3,1.292499993E-2,8.662499487E-3,1.563272775E-2
1.431286594E1,4.674999975E-3,1.402499992E-2,8.662499487E-3,1.713461832E-2
1.431536132E1,8.937500417E-3,1.608750038E-2,1.196249947E-2,2.194966915E-2
1.431785671E1,1.003750041E-2,1.718750037E-2,1.622499898E-2,2.567902209E-2
1.432035209E1,1.429999992E-2,1.938750036E-2,1.718750037E-2,2.959350160E-2
1.432284725E1,1.636249945E-2,2.254999988E-2,1.718750037E-2,3.273597488E-2
1.432534264E1,1.856249943E-2,2.364999987E-2,1.828750037E-2,3.518979325E-2
1.432783802E1,2.062499896E-2,2.791249938E-2,1.718750037E-2,3.872865054E-2
1.433033341E1,1.966249943E-2,2.997500077E-2,1.622499898E-2,3.934927124E-2
1.433282879E1,2.062499896E-2,2.997500077E-2,1.292499993E-2,3.861278126E-2
1.433532408E1,2.172499895E-2,3.107500076E-2,9.762499481E-3,3.915274764E-2
1.433781954E1,2.172499895E-2,2.887500077E-2,4.399999976E-3,3.640194018E-2
1.434031485E1,2.062499896E-2,2.681249939E-2,1.237499993E-3,3.385014197E-2
1.434281024E1,1.856249943E-2,2.461249940E-2,-8.249999955E-4,3.083864681E-2
1.434530562E1,1.746249944E-2,2.364999987E-2,-7.287499961E-3,3.028810057E-2
1.434780100E1,1.539999992E-2,2.144999988E-2,-9.349999949E-3,2.801222932E-2
1.435029616E1,1.113750041E-2,1.938750036E-2,-1.361249946E-2,2.617669244E-2
1.435279154E1,1.113750041E-2,1.938750036E-2,-1.581249945E-2,2.738529212E-2
1.435528693E1,8.937500417E-3,1.828750037E-2,-1.677500084E-2,2.637635753E-2
1.435778231E1,7.837500423E-3,1.828750037E-2,-1.787500083E-2,2.674649019E-2
1.436027770E1,4.674999975E-3,1.512499992E-2,-1.787500083E-2,2.387753970E-2
1.436277301E1,2.612499986E-3,1.292499993E-2,-1.787500083E-2,2.221252877E-2
1.436526847E1,4.124999978E-4,1.182499994E-2,-1.581249945E-2,1.974932704E-2
1.436776378E1,1.512499992E-3,1.086249948E-2,-1.471249945E-2,1.835045480E-2
1.437025916E1,1.512499992E-3,5.499999970E-3,-1.154999994E-2,1.288177606E-2
1.437275454E1,4.124999978E-4,1.374999993E-4,-6.187499966E-3,6.202758929E-3
1.437524992E1,2.612499986E-3,-1.924999990E-3,1.374999993E-4,3.248028230E-3
1.437774531E1,5.774999969E-3,-4.124999978E-3,-8.249999955E-4,7.144709543E-3
1.438024069E1,7.837500423E-3,-1.044999994E-2,1.237499993E-3,1.312098769E-2
1.438273585E1,7.837500423E-3,-1.374999993E-2,1.374999993E-4,1.582743874E-2
1.438523124E1,1.003750041E-2,-1.801249944E-2,3.437499981E-3,2.090497445E-2
1.438772662E1,1.003750041E-2,-2.007500082E-2,2.337499987E-3,2.256592517E-2
1.439022200E1,8.937500417E-3,-2.323750034E-2,2.337499987E-3,2.500648400E-2
1.439271732E1,1.113750041E-2,-2.653750032E-2,1.237499993E-3,2.880649657E-2
1.439521272E1,1.003750041E-2,-2.543750033E-2,-3.024999984E-3,2.751305985E-2
1.439770810E1,7.837500423E-3,-2.653750032E-2,-6.187499966E-3,2.835402074E-2
1.440020349E1,7.837500423E-3,-2.227500081E-2,-7.287499961E-3,2.471254195E-2
1.440269887E1,6.874999963E-3,-1.801249944E-2,-1.044999994E-2,2.192984859E-2
1.440519403E1,5.774999969E-3,-1.471249945E-2,-1.361249946E-2,2.085925230E-2
1.440768963E1,4.674999975E-3,-1.044999994E-2,-1.677500084E-2,2.030908114E-2
1.441018502E1,4.674999975E-3,-5.224999972E-3,-1.787500083E-2,1.920083082E-2
1.441268017E1,2.612499986E-3,1.237499993E-3,-1.677500084E-2,1.702225648E-2
1.441517555E1,1.512499992E-3,8.662499487E-3,-2.007500082E-2,2.191648265E-2
1.441767094E1,2.612499986E-3,1.512499992E-2,-2.103750035E-2,2.604164357E-2
1.442016634E1,4.674999975E-3,2.254999988E-2,-1.787500083E-2,2.915259464E-2
1.442266172E1,4.674999975E-3,2.461249940E-2,-1.251249947E-2,2.800345326E-2
1.442515711E1,5.774999969E-3,2.571249940E-2,-1.044999994E-2,2.834935182E-2
1.442765249E1,1.003750041E-2,2.254999988E-2,-8.387500420E-3,2.606921695E-2
1.443014780E1,1.113750041E-2,1.608750038E-2,-6.187499966E-3,2.052161640E-2
1.443264317E1,1.319999993E-2,6.599999964E-3,-4.124999978E-3,1.532369480E-2
1.443513856E1,1.429999992E-2,-1.924999990E-3,-3.024999984E-3,1.474266759E-2
1.443763394E1,1.429999992E-2,-9.487500414E-3,-8.249999955E-4,1.718089890E-2
1.444012910E1,1.539999992E-2,-1.374999993E-2,-1.924999990E-3,2.073470811E-2
1.444262448E1,1.319999993E-2,-1.801249944E-2,-8.249999955E-4,2.234660509E-2
1.444511987E1,1.209999993E-2,-2.433750033E-2,1.374999993E-4,2.717982390E-2
1.444761525E1,1.003750041E-2,-3.176249936E-2,1.374999993E-4,3.331105952E-2
1.445011064E1,7.837500423E-3,-3.396249935E-2,3.437499981E-3,3.502419423E-2
1.445260602E1,5.774999969E-3,-3.712499887E-2,2.337499987E-3,3.764412400E-2
1.445510133E1,3.574999981E-3,-3.822499886E-2,-8.249999955E-4,3.840067431E-2
1.445759671E1,4.124999978E-4,-4.028749838E-2,-8.249999955E-4,4.029805588E-2
1.446009209E1,-3.849999979E-3,-4.138749838E-2,-3.024999984E-3,4.167611002E-2
1.446258748E1,-5.912499968E-3,-4.028749838E-2,-8.387500420E-3,4.157391424E-2
1.446508286E1,-8.112499490E-3,-3.822499886E-2,-9.349999949E-3,4.017941867E-2
1.446757824E1,-1.127499994E-2,-3.822499886E-2,-8.387500420E-3,4.072623632E-2
1.447007340E1,-1.347499993E-2,-3.492499888E-2,-1.044999994E-2,3.886558463E-2
1.447256878E1,-1.553750038E-2,-2.969999984E-2,-1.361249946E-2,3.617739695E-2
1.447506417E1,-1.663750038E-2,-2.433750033E-2,-1.581249945E-2,3.345378125E-2
1.447755955E1,-1.979999989E-2,-2.007500082E-2,-1.581249945E-2,3.232770936E-2
1.448005492E1,-2.089999989E-2,-1.154999994E-2,-1.154999994E-2,2.652574207E-2
1.448255031E1,-2.089999989E-2,-5.224999972E-3,-9.349999949E-3,2.348474226E-2
1.448504562E1,-2.089999989E-2,1.374999993E-4,-9.349999949E-3,2.289653687E-2
1.448754100E1,-1.979999989E-2,1.237499993E-3,-9.349999949E-3,2.193157315E-2
1.449003639E1,-1.553750038E-2,4.399999976E-3,-6.187499966E-3,1.729332454E-2
1.449253174E1,-1.347499993E-2,4.399999976E-3,-3.024999984E-3,1.449435227E-2
1.449502712E1,-8.112499490E-3,1.374999993E-4,-1.924999990E-3,8.338895562E-3
1.449752251E1,-3.849999979E-3,-3.024999984E-3,-1.924999990E-3,5.261059751E-3
1.450001766E1,1.512499992E-3,-7.287499961E-3,-3.024999984E-3,8.034048593E-3
1.450251302E1,5.774999969E-3,-8.387500420E-3,-1.924999990E-3,1.036370652E-2
1.450500840E1,8.937500417E-3,-5.224999972E-3,-8.249999955E-4,1.038557477E-2
1.450750379E1,1.003750041E-2,-5.224999972E-3,1.374999993E-4,1.131684344E-2
1.450999917E1,1.319999993E-2,-3.024999984E-3,-8.249999955E-4,1.356728595E-2
1.451249448E1,1.319999993E-2,1.237499993E-3,1.374999993E-4,1.325859384E-2
1.451498985E1,1.319999993E-2,5.499999970E-3,-8.249999955E-4,1.432377823E-2
1.451748523E1,1.429999992E-2,9.762499481E-3,1.374999993E-4,1.731517543E-2
1.451998062E1,1.209999993E-2,1.402499992E-2,1.237499993E-3,1.856453682E-2
1.452247577E1,1.319999993E-2,1.938750036E-2,2.337499987E-3,2.357072495E-2
1.452497138E1,1.113750041E-2,2.364999987E-2,-8.249999955E-4,2.615429284E-2
1.452746654E1,1.113750041E-2,2.461249940E-2,-1.924999990E-3,2.708366052E-2
1.452996215E1,7.837500423E-3,2.681249939E-2,-1.924999990E-3,2.800075287E-2
1.453245730E1,6.874999963E-3,2.887500077E-2,-5.087499972E-3,3.011501204E-2
1.453495261E1,4.674999975E-3,2.681249939E-2,-6.187499966E-3,2.791148337E-2
1.453744800E1,2.612499986E-3,2.461249940E-2,-6.187499966E-3,2.551245654E-2
1.453994346E1,4.124999978E-4,2.144999988E-2,-6.187499966E-3,2.232840807E-2
1.454243877E1,-6.874999963E-4,1.608750038E-2,-4.124999978E-3,1.662215237E-2
1.454493415E1,-2.749999985E-3,1.182499994E-2,-5.087499972E-3,1.316342582E-2
1.454742953E1,-3.849999979E-3,5.499999970E-3,-5.087499972E-3,8.423488320E-3
1.454992491E1,-4.949999973E-3,-9.624999948E-4,-3.024999984E-3,5.880436283E-3
1.455242029E1,-8.112499490E-3,-1.924999990E-3,-8.249999955E-4,8.378478259E-3
1.455491568E1,-9.212499484E-3,-5.224999972E-3,-8.249999955E-4,1.062315379E-2
1.455741083E1,-1.017499994E-2,-8.387500420E-3,-1.924999990E-3,1.332615519E-2
1.455990622E1,-1.443750039E-2,-1.374999993E-2,-1.924999990E-3,2.003021568E-2
1.456240161E1,-1.347499993E-2,-1.581249945E-2,-8.249999955E-4,2.079161819E-2
1.456489700E1,-1.553750038E-2,-1.897500083E-2,-3.024999984E-3,2.471062928E-2
1.456739238E1,-1.773750037E-2,-1.801249944E-2,-1.924999990E-3,2.535300141E-2
1.456988769E1,-1.773750037E-2,-1.154999994E-2,-5.087499972E-3,2.176933793E-2
1.457238307E1,-1.443750039E-2,-1.264999993E-2,-4.124999978E-3,1.963363289E-2
1.457487855E1,-1.347499993E-2,-1.044999994E-2,-5.087499972E-3,1.779496496E-2
1.457737386E1,-1.017499994E-2,-6.187499966E-3,-3.024999984E-3,1.228683867E-2
1.457986901E1,-7.012499962E-3,-4.124999978E-3,-5.087499972E-3,9.595490425E-3
1.458236439E1,-2.749999985E-3,-3.024999984E-3,-7.287499961E-3,8.355882987E-3
1.458485978E1,4.674999975E-3,2.337499987E-3,-8.387500420E-3,9.882797896E-3
1.458735515E1,1.003750041E-2,7.562499959E-3,-7.287499961E-3,1.452757639E-2
1.458985053E1,1.319999993E-2,1.086249948E-2,-7.287499961E-3,1.858336753E-2
1.459234592E1,2.172499895E-2,1.182499994E-2,-8.387500420E-3,2.611812333E-2
1.459484130E1,2.598750032E-2,1.182499994E-2,-9.349999949E-3,3.004335693E-2
1.459733661E1,2.914999984E-2,1.182499994E-2,-6.187499966E-3,3.205991688E-2
1.459983201E1,3.451250121E-2,1.292499993E-2,-7.287499961E-3,3.756695381E-2
1.460232739E1,3.877500072E-2,1.182499994E-2,-9.349999949E-3,4.160232930E-2
1.460482277E1,3.987500072E-2,1.292499993E-2,-8.387500420E-3,4.274835048E-2
1.460731816E1,4.193750024E-2,1.086249948E-2,-9.349999949E-3,4.431896118E-2
1.460981332E1,3.987500072E-2,1.182499994E-2,-8.387500420E-3,4.242872222E-2
1.461230893E1,3.767500073E-2,6.599999964E-3,-6.187499966E-3,3.874597831E-2
1.461480408E1,3.561250120E-2,2.337499987E-3,-5.087499972E-3,3.604992100E-2
1.461729947E1,3.135000169E-2,-9.624999948E-4,-3.024999984E-3,3.151031002E-2
1.461979485E1,2.488750033E-2,-4.124999978E-3,-1.924999990E-3,2.530037396E-2
1.462229016E1,1.746249944E-2,-6.187499966E-3,1.374999993E-4,1.852681702E-2
1.462478562E1,1.113750041E-2,-9.487500414E-3,1.237499993E-3,1.468291475E-2
1.462728093E1,5.774999969E-3,-1.044999994E-2,-8.249999955E-4,1.196803027E-2
1.462977631E1,-1.649999991E-3,-1.374999993E-2,-3.024999984E-3,1.417517629E-2
1.463227170E1,-5.912499968E-3,-1.691249944E-2,-4.124999978E-3,1.838493726E-2
1.463476685E1,-1.347499993E-2,-1.801249944E-2,-1.924999990E-3,2.257723154E-2
1.463726247E1,-1.869999990E-2,-1.801249944E-2,-3.024999984E-3,2.613983085E-2
1.463975762E1,-2.296249941E-2,-1.581249945E-2,-5.087499972E-3,2.834068055E-2
1.464225300E1,-2.406249940E-2,-1.471249945E-2,-1.044999994E-2,3.007763316E-2
1.464474839E1,-2.626249939E-2,-1.264999993E-2,-9.349999949E-3,3.061313234E-2
1.464724378E1,-2.722499892E-2,-9.487500414E-3,-8.387500420E-3,3.002604526E-2
1.464973917E1,-2.406249940E-2,-6.187499966E-3,-8.387500420E-3,2.622287545E-2
1.465223455E1,-2.089999989E-2,-1.924999990E-3,-9.349999949E-3,2.297690404E-2
1.465472986E1,-1.773750037E-2,6.599999964E-3,-8.387500420E-3,2.070094399E-2
1.465722525E1,-1.237499993E-2,1.182499994E-2,-9.349999949E-3,1.950368544E-2
1.465972063E1,-5.912499968E-3,1.718750037E-2,-7.287499961E-3,1.958252998E-2
1.466221602E1,-3.849999979E-3,2.144999988E-2,-5.087499972E-3,2.237873211E-2
1.466471140E1,2.612499986E-3,2.461249940E-2,-4.124999978E-3,2.509214833E-2
1.466720656E1,8.937500417E-3,2.681249939E-2,-4.124999978E-3,2.856229441E-2
1.466970194E1,1.319999993E-2,2.681249939E-2,-8.249999955E-4,2.989700230E-2
1.467219733E1,1.636249945E-2,2.681249939E-2,2.337499987E-3,3.149770496E-2
1.467469272E1,2.062499896E-2,3.107500076E-2,4.399999976E-3,3.755537584E-2
1.467718810E1,2.392499894E-2,3.423750028E-2,3.437499981E-3,4.190976504E-2
1.467968341E1,2.392499894E-2,3.849999979E-2,4.399999976E-3,4.554136096E-2
1.468217879E1,2.488750033E-2,3.959999979E-2,4.399999976E-3,4.697773574E-2
1.468467420E1,2.392499894E-2,4.069999978E-2,4.399999976E-3,4.741577328E-2
1.468716958E1,2.282499894E-2,4.276249930E-2,1.237499993E-3,4.848858969E-2
1.468966497E1,2.282499894E-2,4.069999978E-2,1.237499993E-3,4.667978112E-2
1.469216012E1,2.062499896E-2,3.533750027E-2,-8.249999955E-4,4.092444419E-2
1.469465550E1,1.966249943E-2,3.107500076E-2,-4.124999978E-3,3.700385360E-2
1.469715112E1,1.856249943E-2,2.681249939E-2,-6.187499966E-3,3.319279537E-2
1.469964627E1,1.856249943E-2,1.938750036E-2,-8.387500420E-3,2.812101916E-2
1.470214165E1,1.746249944E-2,1.292499993E-2,-1.154999994E-2,2.460481677E-2
1.470463704E1,1.966249943E-2,6.599999964E-3,-9.349999949E-3,2.275074465E-2
1.470713244E1,1.856249943E-2,1.237499993E-3,-8.387500420E-3,2.040705649E-2
1.470962775E1,1.966249943E-2,-5.224999972E-3,-7.287499961E-3,2.161069560E-2
1.471212321E1,1.856249943E-2,-7.287499961E-3,-7.287499961E-3,2.123162021E-2
1.471461852E1,1.966249943E-2,-9.487500414E-3,-7.287499961E-3,2.301595541E-2
1.471711390E1,2.062499896E-2,-8.387500420E-3,-7.287499961E-3,2.342751376E-2
1.471960930E1,2.062499896E-2,-1.154999994E-2,-4.124999978E-3,2.399601436E-2
1.472210469E1,2.062499896E-2,-1.374999993E-2,-5.087499972E-3,2.530485597E-2
1.472460007E1,2.062499896E-2,-1.471249945E-2,-4.124999978E-3,2.566834328E-2
1.472709523E1,2.282499894E-2,-1.801249944E-2,-5.087499972E-3,2.951801770E-2
1.472959061E1,2.062499896E-2,-1.801249944E-2,-3.024999984E-3,2.754979751E-2
1.473208600E1,2.172499895E-2,-1.691249944E-2,1.374999993E-4,2.753229237E-2
1.473458138E1,2.172499895E-2,-1.471249945E-2,-8.249999955E-4,2.625097797E-2
1.473707670E1,1.856249943E-2,-1.264999993E-2,-3.024999984E-3,2.266582247E-2
1.473957208E1,1.539999992E-2,-1.044999994E-2,-5.087499972E-3,1.929365575E-2
1.474206746E1,1.319999993E-2,-8.387500420E-3,-6.187499966E-3,1.681889762E-2
1.474456286E1,1.113750041E-2,-6.187499966E-3,-7.287499961E-3,1.467776300E-2
1.474705825E1,1.003750041E-2,-5.224999972E-3,-6.187499966E-3,1.289717779E-2
1.474955363E1,8.937500417E-3,-1.924999990E-3,-6.187499966E-3,1.103946079E-2
1.475204879E1,6.874999963E-3,2.337499987E-3,-5.087499972E-3,8.866351372E-3
1.475454417E1,4.674999975E-3,5.499999970E-3,-4.124999978E-3,8.313919007E-3
1.475703956E1,2.612499986E-3,9.762499481E-3,-4.124999978E-3,1.091545588E-2
1.475953495E1,1.512499992E-3,1.402499992E-2,-1.924999990E-3,1.423706093E-2
1.476203033E1,1.512499992E-3,1.938750036E-2,1.374999993E-4,1.944689519E-2
1.476452572E1,2.612499986E-3,2.791249938E-2,1.237499993E-3,2.806179225E-2
1.476702110E1,2.612499986E-3,3.107500076E-2,6.599999964E-3,3.187539534E-2
1.476951648E1,2.612499986E-3,3.423750028E-2,7.699999958E-3,3.518979370E-2
1.477201179E1,4.674999975E-3,3.959999979E-2,1.086249948E-2,4.132807161E-2
1.477450717E1,4.674999975E-3,4.386249930E-2,1.086249948E-2,4.542871740E-2
1.477700256E1,4.674999975E-3,4.922499880E-2,1.196249947E-2,5.087295475E-2
1.477949795E1,5.774999969E-3,5.444999784E-2,1.402499992E-2,5.652303524E-2
1.478199334E1,5.774999969E-3,5.871250108E-2,1.292499993E-2,6.039506628E-2
1.478448849E1,3.574999981E-3,6.297499686E-2,1.086249948E-2,6.400488067E-2
1.478698388E1,4.124999978E-4,6.833750010E-2,8.662499487E-3,6.888557885E-2
1.478947926E1,-4.949999973E-3,7.369999588E-2,5.499999970E-3,7.407051972E-2
1.479197466E1,-9.212499484E-3,7.686249912E-2,3.437499981E-3,7.748890452E-2
1.479447005E1,-1.443750039E-2,8.002500236E-2,-8.249999955E-4,8.132111070E-2
1.479696536E1,-2.089999989E-2,8.222500235E-2,-4.124999978E-3,8.493984125E-2
1.479946074E1,-2.942499891E-2,8.964999765E-2,-5.087499972E-3,9.449251450E-2
1.480195612E1,-4.537500069E-2,9.707500041E-2,-9.349999949E-3,1.075633250E-1
1.480445150E1,-6.036249921E-2,1.024374962E-1,-1.251249947E-2,1.195559893E-1
1.480694665E1,-7.727500051E-2,1.035374999E-1,-1.361249946E-2,1.299105066E-1
1.480944203E1,-9.116250277E-2,1.024374962E-1,-1.677500084E-2,1.381500749E-1
1.481193742E1,-1.007874981E-1,9.817499667E-2,-1.897500083E-2,1.419735905E-1
1.481443280E1,-1.061500013E-1,8.964999765E-2,-1.787500083E-2,1.400873317E-1
1.481692817E1,-1.028499976E-1,7.892499864E-2,-2.007500082E-2,1.311879685E-1
1.481942355E1,-1.018875018E-1,6.517499685E-2,-2.213750035E-2,1.229589857E-1
1.482191886E1,-9.968750179E-2,5.128749833E-2,-2.323750034E-2,1.144901171E-1
1.482441425E1,-9.968750179E-2,4.069999978E-2,-2.639999986E-2,1.108649989E-1
1.482690963E1,-9.652499855E-2,3.217500076E-2,-2.749999985E-2,1.053971347E-1
1.482940503E1,-9.858749807E-2,2.571249940E-2,-2.639999986E-2,1.052501183E-1
1.483190041E1,-1.007874981E-1,2.144999988E-2,-2.749999985E-2,1.066511709E-1
1.483439557E1,-1.018875018E-1,1.828750037E-2,-2.213750035E-2,1.058563395E-1
1.483689118E1,-9.968750179E-2,1.512499992E-2,-2.007500082E-2,1.028074379E-1
1.483938634E1,-9.652499855E-2,7.562499959E-3,-2.103750035E-2,9.907998370E-2
1.484188173E1,-9.226249903E-2,-9.624999948E-4,-2.323750034E-2,9.514870759E-2
1.484437711E1,-8.373750001E-2,-9.487500414E-3,-2.103750035E-2,8.685941511E-2
1.484687250E1,-7.411249727E-2,-1.581249945E-2,-2.007500082E-2,7.839453456E-2
1.484936788E1,-6.352499872E-2,-2.543750033E-2,-1.897500083E-2,7.101086214E-2
1.485186319E1,-5.389999971E-2,-3.396249935E-2,-2.213750035E-2,6.744427516E-2
1.485435857E1,-4.111250117E-2,-4.248749837E-2,-2.213750035E-2,6.313077057E-2
1.485685396E1,-2.722499892E-2,-4.771250114E-2,-2.213750035E-2,5.922628008E-2
1.485934934E1,-1.347499993E-2,-5.101250112E-2,-2.433750033E-2,5.810477447E-2
1.486184473E1,4.124999978E-4,-5.527500063E-2,-2.433750033E-2,6.039710071E-2
1.486434011E1,1.209999993E-2,-5.733750015E-2,-3.066249937E-2,6.613764276E-2
1.486683551E1,2.818750031E-2,-6.049999967E-2,-3.492499888E-2,7.532954720E-2
1.486933067E1,4.193750024E-2,-6.049999967E-2,-3.808749840E-2,8.288342066E-2
1.487182605E1,5.788749829E-2,-5.953750014E-2,-4.138749838E-2,9.278254902E-2
1.487432143E1,7.177499682E-2,-5.953750014E-2,-4.771250114E-2,1.047513573E-1
1.487681682E1,8.566249907E-2,-5.843750015E-2,-5.087500066E-2,1.155044192E-1
1.487931213E1,1.027124971E-1,-5.733750015E-2,-5.513750017E-2,1.299137788E-1
1.488180751E1,1.165999994E-1,-5.527500063E-2,-5.733750015E-2,1.412036631E-1
1.488430290E1,1.303499937E-1,-5.527500063E-2,-5.417500064E-2,1.515960991E-1
1.488679828E1,1.431374997E-1,-5.417500064E-2,-5.417500064E-2,1.623521026E-1
1.488929366E1,1.548250020E-1,-5.307500064E-2,-5.087500066E-2,1.713942899E-1
1.489178908E1,1.623875052E-1,-5.307500064E-2,-4.991250113E-2,1.779829073E-1
1.489428424E1,1.666499972E-1,-5.197500065E-2,-5.087500066E-2,1.818292825E-1
1.489677985E1,1.687124968E-1,-4.675000161E-2,-5.197500065E-2,1.826222054E-1
1.489927501E1,1.655499935E-1,-4.138749838E-2,-5.513750017E-2,1.793317298E-1
1.490177039E1,1.601874977E-1,-3.492499888E-2,-5.733750015E-2,1.736875899E-1
1.490426576E1,1.527625024E-1,-2.969999984E-2,-6.270000339E-2,1.677789098E-1
